step,total_cost,total_scaled_cost,average_cost_per_plane,total_lateness,total_scaled_lateness,average_lateness_per_plane,total_steps,average_steps,total_waiting_steps,total_waiting_to_process_steps,total_waiting_for_route_steps,max_seconds_to_complete,total_malfunctions,missed_deliveries,total_rewards_for_all_agents,average_rewards_for_all_agents,score,total_cargo_generated,dynamic_cargo_generated
0,0,0.0,0.0,0,0.0,0.0,0,0.0,0,0,0,590,0,0,0,0,0.0,40,0
1,0.23735311412805946,0.04495832194509154,0.11867655706402973,0,0.0,0.0,1,0.5,0,0,0,600,2,0,-0.0004747,-0.00023735,0.00044958321945091543,40,0
2,0.7415814895931654,0.1404669135272519,0.3707907447965827,0,0.0,0.0,2,1.0,0,0,0,610,2,0,-0.0014077999999999999,-0.0007038999999999999,0.0014046691352725192,40,0
3,0.7415814895931654,0.1404669135272519,0.3707907447965827,0,0.0,0.0,3,1.5,0,0,0,620,4,0,-0.0023409,-0.00117045,0.0014046691352725192,40,0
4,0.7415814895931654,0.1404669135272519,0.3707907447965827,0,0.0,0.0,4,2.0,0,0,0,630,6,0,-0.003274,-0.001637,0.0014046691352725192,40,0
5,0.7415814895931654,0.1404669135272519,0.3707907447965827,0,0.0,0.0,5,2.5,0,0,0,640,8,0,-0.0042071,-0.00210355,0.0014046691352725192,40,0
6,0.7415814895931654,0.1404669135272519,0.3707907447965827,0,0.0,0.0,6,3.0,0,0,0,650,8,0,-0.005140199999999999,-0.0025700999999999996,0.0014046691352725192,40,0
7,0.7415814895931654,0.1404669135272519,0.3707907447965827,0,0.0,0.0,7,3.5,0,0,0,660,8,0,-0.005598599999999999,-0.0027992999999999994,0.0014046691352725192,40,0
8,0.7415814895931654,0.1404669135272519,0.3707907447965827,0,0.0,0.0,8,4.0,1,1,0,670,8,0,-0.006056999999999999,-0.0030284999999999995,0.0014046691352725192,40,0
9,0.7415814895931654,0.1404669135272519,0.3707907447965827,0,0.0,0.0,9,4.5,1,1,0,680,8,0,-0.006515399999999999,-0.0032576999999999997,0.0014046691352725192,40,0
10,0.9789346037212248,0.18542523547234344,0.4894673018606124,0,0.0,0.0,10,5.0,1,1,0,690,10,0,-0.0074484999999999985,-0.0037242499999999993,0.0018542523547234345,40,0
11,0.9789346037212248,0.18542523547234344,0.4894673018606124,0,0.0,0.0,11,5.5,1,1,0,700,10,0,-0.0083816,-0.0041908,0.0018542523547234345,40,0
12,0.9789346037212248,0.18542523547234344,0.4894673018606124,0,0.0,0.0,12,6.0,1,1,0,710,10,0,-0.009314699999999999,-0.004657349999999999,0.0018542523547234345,40,0
13,0.9789346037212248,0.18542523547234344,0.4894673018606124,0,0.0,0.0,13,6.5,1,1,0,720,10,0,-0.010247799999999998,-0.005123899999999999,0.0018542523547234345,40,0
14,0.9789346037212248,0.18542523547234344,0.4894673018606124,0,0.0,0.0,14,7.0,1,1,0,730,12,0,-0.0107225,-0.00536125,0.0018542523547234345,40,0
15,0.9789346037212248,0.18542523547234344,0.4894673018606124,0,0.0,0.0,15,7.5,2,2,0,740,12,0,-0.011197199999999997,-0.005598599999999999,0.0018542523547234345,40,0
16,0.9789346037212248,0.18542523547234344,0.4894673018606124,0,0.0,0.0,16,8.0,2,2,0,750,12,0,-0.011197199999999997,-0.005598599999999999,0.0018542523547234345,40,0
17,1.8195884404770284,0.3446579717947015,0.9097942202385142,0,0.0,0.0,17,8.5,3,3,0,760,14,0,-0.0116917,-0.00584585,0.0034465797179470147,40,0
18,1.8195884404770284,0.3446579717947015,0.9097942202385142,0,0.0,0.0,18,9.0,3,3,0,770,14,0,-0.012186199999999998,-0.006093099999999999,0.0034465797179470147,40,0
19,2.660242277232832,0.5038907081170595,1.330121138616416,0,0.0,0.0,19,9.5,3,3,0,780,14,0,-0.013175199999999998,-0.006587599999999999,0.005038907081170595,40,0
20,2.660242277232832,0.5038907081170595,1.330121138616416,0,0.0,0.0,20,10.0,3,3,0,790,14,0,-0.014164199999999998,-0.007082099999999999,0.005038907081170595,40,0
21,2.660242277232832,0.5038907081170595,1.330121138616416,0,0.0,0.0,21,10.5,3,3,0,800,14,0,-0.015153199999999999,-0.007576599999999999,0.005038907081170595,40,0
22,2.660242277232832,0.5038907081170595,1.330121138616416,0,0.0,0.0,22,11.0,3,3,0,810,14,0,-0.0161422,-0.0080711,0.005038907081170595,40,0
23,2.660242277232832,0.5038907081170595,1.330121138616416,0,0.0,0.0,23,11.5,3,3,0,820,14,0,-0.0171312,-0.0085656,0.005038907081170595,40,0
24,2.660242277232832,0.5038907081170595,1.330121138616416,0,0.0,0.0,24,12.0,3,3,0,830,14,0,-0.0181202,-0.0090601,0.005038907081170595,40,0
25,2.660242277232832,0.5038907081170595,1.330121138616416,0,0.0,0.0,25,12.5,3,3,0,840,14,0,-0.0191092,-0.0095546,0.005038907081170595,40,0
26,2.660242277232832,0.5038907081170595,1.330121138616416,0,0.0,0.0,26,13.0,3,3,0,850,14,0,-0.0200982,-0.0100491,0.005038907081170595,40,0
27,2.660242277232832,0.5038907081170595,1.330121138616416,0,0.0,0.0,27,13.5,3,3,0,860,16,0,-0.0210872,-0.0105436,0.005038907081170595,40,0
28,2.660242277232832,0.5038907081170595,1.330121138616416,0,0.0,0.0,28,14.0,3,3,0,870,16,0,-0.0220762,-0.0110381,0.005038907081170595,40,0
29,2.660242277232832,0.5038907081170595,1.330121138616416,0,0.0,0.0,29,14.5,3,3,0,880,16,0,-0.0230652,-0.0115326,0.005038907081170595,40,0
30,2.660242277232832,0.5038907081170595,1.330121138616416,0,0.0,0.0,30,15.0,3,3,0,890,16,0,-0.0240542,-0.0120271,0.005038907081170595,40,0
31,2.660242277232832,0.5038907081170595,1.330121138616416,0,0.0,0.0,31,15.5,3,3,0,900,16,0,-0.0250432,-0.0125216,0.005038907081170595,40,0
32,2.660242277232832,0.5038907081170595,1.330121138616416,0,0.0,0.0,32,16.0,3,3,0,910,16,0,-0.026032200000000002,-0.013016100000000001,0.005038907081170595,40,0
33,2.660242277232832,0.5038907081170595,1.330121138616416,0,0.0,0.0,33,16.5,3,3,0,920,16,0,-0.027021200000000002,-0.013510600000000001,0.005038907081170595,40,0
34,2.660242277232832,0.5038907081170595,1.330121138616416,0,0.0,0.0,34,17.0,3,3,0,930,18,0,-0.028010200000000002,-0.014005100000000001,0.005038907081170595,40,0
35,2.660242277232832,0.5038907081170595,1.330121138616416,0,0.0,0.0,35,17.5,3,3,0,940,18,0,-0.0285047,-0.01425235,0.005038907081170595,40,0
36,2.660242277232832,0.5038907081170595,1.330121138616416,0,0.0,0.0,36,18.0,4,4,0,950,18,0,-0.028999200000000003,-0.014499600000000001,0.005038907081170595,40,0
37,2.660242277232832,0.5038907081170595,1.330121138616416,0,0.0,0.0,37,18.5,4,4,0,960,18,0,-0.028999200000000003,-0.014499600000000001,0.005038907081170595,40,0
38,2.897595391360891,0.548849030062151,1.4487976956804456,0,0.0,0.0,38,19.0,5,5,0,970,20,0,-0.029473900000000004,-0.014736950000000002,0.005488490300621511,40,0
39,2.897595391360891,0.548849030062151,1.4487976956804456,0,0.0,0.0,39,19.5,5,5,0,980,20,0,-0.029948600000000002,-0.014974300000000001,0.005488490300621511,40,0
40,2.897595391360891,0.548849030062151,1.4487976956804456,0,0.0,0.0,40,20.0,5,5,0,990,20,0,-0.030423300000000004,-0.015211650000000002,0.005488490300621511,40,0
41,3.6584288337869477,0.6929625588727645,1.8292144168934739,0,0.0,0.0,41,20.5,5,5,0,1000,20,0,-0.031373500000000006,-0.015686750000000003,0.006929625588727645,40,0
42,3.6584288337869477,0.6929625588727645,1.8292144168934739,0,0.0,0.0,42,21.0,5,5,0,1010,24,0,-0.03232370000000001,-0.016161850000000005,0.006929625588727645,40,0
43,3.6584288337869477,0.6929625588727645,1.8292144168934739,0,0.0,0.0,43,21.5,5,5,0,1020,24,0,-0.03327390000000001,-0.016636950000000005,0.006929625588727645,40,0
44,3.6584288337869477,0.6929625588727645,1.8292144168934739,0,0.0,0.0,44,22.0,5,5,0,1030,24,0,-0.03374940000000001,-0.016874700000000006,0.006929625588727645,40,0
45,3.6584288337869477,0.6929625588727645,1.8292144168934739,0,0.0,0.0,45,22.5,6,6,0,1040,24,0,-0.03422490000000001,-0.017112450000000005,0.006929625588727645,40,0
46,3.6584288337869477,0.6760610330465995,1.8292144168934739,0,0.0,0.0,46,23.0,6,6,0,1050,24,0,-0.034700400000000006,-0.017350200000000003,0.006760610330465995,41,1
47,4.543619647479068,0.8396402751576423,2.271809823739534,0,0.0,0.0,47,23.5,6,6,0,1060,26,0,-0.03566770000000001,-0.017833850000000005,0.008396402751576423,41,1
48,4.543619647479068,0.8396402751576423,2.271809823739534,0,0.0,0.0,48,24.0,6,6,0,1070,28,0,-0.036635000000000015,-0.018317500000000007,0.008396402751576423,41,1
49,4.543619647479068,0.8396402751576423,2.271809823739534,0,0.0,0.0,49,24.5,6,6,0,1080,28,0,-0.03760230000000001,-0.018801150000000006,0.008396402751576423,41,1
50,4.543619647479068,0.8396402751576423,2.271809823739534,0,0.0,0.0,50,25.0,6,6,0,1090,28,0,-0.03856960000000001,-0.019284800000000005,0.008396402751576423,41,1
51,4.543619647479068,0.8396402751576423,2.271809823739534,0,0.0,0.0,51,25.5,6,6,0,1100,28,0,-0.039536900000000014,-0.019768450000000007,0.008396402751576423,41,1
52,4.543619647479068,0.8396402751576423,2.271809823739534,0,0.0,0.0,52,26.0,6,6,0,1110,30,0,-0.04050420000000002,-0.02025210000000001,0.008396402751576423,41,1
53,4.543619647479068,0.8396402751576423,2.271809823739534,0,0.0,0.0,53,26.5,6,6,0,1120,30,0,-0.041471500000000015,-0.020735750000000008,0.008396402751576423,41,1
54,4.543619647479068,0.8396402751576423,2.271809823739534,0,0.0,0.0,54,27.0,6,6,0,1130,30,0,-0.04243880000000001,-0.021219400000000006,0.008396402751576423,41,1
55,4.543619647479068,0.8396402751576423,2.271809823739534,0,0.0,0.0,55,27.5,6,6,0,1140,30,0,-0.04340610000000002,-0.02170305000000001,0.008396402751576423,41,1
56,4.543619647479068,0.8396402751576423,2.271809823739534,0,0.0,0.0,56,28.0,6,6,0,1150,30,0,-0.04437340000000002,-0.02218670000000001,0.008396402751576423,41,1
57,4.543619647479068,0.8396402751576423,2.271809823739534,0,0.0,0.0,57,28.5,6,6,0,1160,32,0,-0.04534070000000002,-0.02267035000000001,0.008396402751576423,41,1
58,4.543619647479068,0.8396402751576423,2.271809823739534,0,0.0,0.0,58,29.0,6,6,0,1170,34,0,-0.04583250000000002,-0.02291625000000001,0.008396402751576423,41,1
59,4.543619647479068,0.8396402751576423,2.271809823739534,0,0.0,0.0,59,29.5,7,7,0,1180,34,0,-0.04632430000000002,-0.02316215000000001,0.008396402751576423,41,1
60,4.543619647479068,0.8396402751576423,2.271809823739534,0,0.0,0.0,60,30.0,7,7,0,1190,34,0,-0.04681610000000002,-0.02340805000000001,0.008396402751576423,41,1
61,4.780936158196306,0.88349528852097,2.390468079098153,0,0.0,0.0,61,30.5,7,7,0,1200,34,0,-0.04778250000000002,-0.02389125000000001,0.0088349528852097,41,1
62,4.780936158196306,0.88349528852097,2.390468079098153,0,0.0,0.0,62,31.0,7,7,0,1210,34,0,-0.04874890000000002,-0.02437445000000001,0.0088349528852097,41,1
63,4.780936158196306,0.88349528852097,2.390468079098153,0,0.0,0.0,63,31.5,7,7,0,1220,34,0,-0.04971530000000002,-0.02485765000000001,0.0088349528852097,41,1
64,4.780936158196306,0.88349528852097,2.390468079098153,0,0.0,0.0,64,32.0,7,7,0,1230,34,0,-0.05068170000000002,-0.02534085000000001,0.0088349528852097,41,1
65,4.780936158196306,0.88349528852097,2.390468079098153,0,0.0,0.0,65,32.5,7,7,0,1240,34,0,-0.051648100000000016,-0.025824050000000008,0.0088349528852097,41,1
66,4.780936158196306,0.88349528852097,2.390468079098153,0,0.0,0.0,66,33.0,7,7,0,1250,34,0,-0.052122700000000015,-0.026061350000000007,0.0088349528852097,41,1
67,4.780936158196306,0.88349528852097,2.390468079098153,0,0.0,0.0,67,33.5,8,8,0,1260,34,0,-0.052122700000000015,-0.026061350000000007,0.0088349528852097,41,1
68,4.780936158196306,0.88349528852097,2.390468079098153,0,0.0,0.0,68,34.0,9,9,0,1270,34,0,-0.052122700000000015,-0.026061350000000007,0.0088349528852097,41,1
69,4.780936158196306,0.88349528852097,2.390468079098153,0,0.0,0.0,69,34.5,9,9,0,1280,34,0,-0.052122700000000015,-0.026061350000000007,0.0088349528852097,41,1
70,5.018252668913545,0.927350301884298,2.5091263344567727,0,0.0,0.0,70,35.0,9,9,0,1290,34,0,-0.052597300000000013,-0.026298650000000007,0.00927350301884298,41,1
71,5.903443482605666,1.0909295439953408,2.951721741302833,0,0.0,0.0,71,35.5,9,9,0,1300,38,0,-0.05356370000000001,-0.026781850000000006,0.010909295439953408,41,1
72,5.903443482605666,1.0909295439953408,2.951721741302833,0,0.0,0.0,72,36.0,9,9,0,1310,38,0,-0.05453010000000001,-0.027265050000000006,0.010909295439953408,41,1
73,5.903443482605666,1.0909295439953408,2.951721741302833,0,0.0,0.0,73,36.5,9,9,0,1320,38,0,-0.05549650000000001,-0.027748250000000006,0.010909295439953408,41,1
74,5.903443482605666,1.0909295439953408,2.951721741302833,0,0.0,0.0,74,37.0,9,9,0,1330,38,0,-0.05646290000000001,-0.028231450000000005,0.010909295439953408,41,1
75,5.903443482605666,1.0909295439953408,2.951721741302833,0,0.0,0.0,75,37.5,9,9,0,1340,38,0,-0.05742930000000001,-0.028714650000000005,0.010909295439953408,41,1
76,5.903443482605666,1.0909295439953408,2.951721741302833,0,0.0,0.0,76,38.0,9,9,0,1350,38,0,-0.05792110000000001,-0.028960550000000005,0.010909295439953408,41,1
77,5.903443482605666,1.0909295439953408,2.951721741302833,0,0.0,0.0,77,38.5,10,10,0,1360,38,0,-0.05841290000000001,-0.029206450000000005,0.010909295439953408,41,1
78,5.903443482605666,1.0909295439953408,2.951721741302833,0,0.0,0.0,78,39.0,10,10,0,1370,38,0,-0.05890470000000001,-0.029452350000000006,0.010909295439953408,41,1
79,6.55464453652597,1.2112685412087094,3.277322268262985,0,0.0,0.0,79,39.5,10,10,0,1380,38,0,-0.059861600000000015,-0.029930800000000007,0.012112685412087095,41,1
80,6.55464453652597,1.2112685412087094,3.277322268262985,0,0.0,0.0,80,40.0,10,10,0,1390,38,0,-0.06081850000000001,-0.030409250000000006,0.012112685412087095,41,1
81,6.55464453652597,1.2112685412087094,3.277322268262985,0,0.0,0.0,81,40.5,10,10,0,1400,40,0,-0.06177540000000001,-0.030887700000000004,0.012112685412087095,41,1
82,6.55464453652597,1.2112685412087094,3.277322268262985,0,0.0,0.0,82,41.0,10,10,0,1410,40,0,-0.06273230000000002,-0.03136615000000001,0.012112685412087095,41,1
83,6.55464453652597,1.2112685412087094,3.277322268262985,0,0.0,0.0,83,41.5,10,10,0,1420,40,0,-0.06368920000000002,-0.03184460000000001,0.012112685412087095,41,1
84,6.55464453652597,1.2112685412087094,3.277322268262985,0,0.0,0.0,84,42.0,10,10,0,1430,40,0,-0.06464610000000001,-0.032323050000000006,0.012112685412087095,41,1
85,6.55464453652597,1.2112685412087094,3.277322268262985,0,0.0,0.0,85,42.5,10,10,0,1440,40,0,-0.06560300000000002,-0.03280150000000001,0.012112685412087095,41,1
86,6.55464453652597,1.2112685412087094,3.277322268262985,0,0.0,0.0,86,43.0,10,10,0,1450,40,0,-0.06655990000000002,-0.03327995000000001,0.012112685412087095,41,1
87,6.55464453652597,1.2112685412087094,3.277322268262985,0,0.0,0.0,87,43.5,10,10,0,1460,42,0,-0.06751680000000002,-0.03375840000000001,0.012112685412087095,41,1
88,6.55464453652597,1.2112685412087094,3.277322268262985,0,0.0,0.0,88,44.0,10,10,0,1470,42,0,-0.06847370000000003,-0.03423685000000001,0.012112685412087095,41,1
89,6.55464453652597,1.2112685412087094,3.277322268262985,0,0.0,0.0,89,44.5,10,10,0,1480,42,0,-0.06943060000000004,-0.03471530000000002,0.012112685412087095,41,1
90,6.55464453652597,1.2112685412087094,3.277322268262985,0,0.0,0.0,90,45.0,10,10,0,1490,42,0,-0.06989570000000003,-0.034947850000000016,0.012112685412087095,41,1
91,6.55464453652597,1.2112685412087094,3.277322268262985,0,0.0,0.0,91,45.5,11,11,0,1500,44,0,-0.07036080000000003,-0.035180400000000014,0.012112685412087095,41,1
92,6.55464453652597,1.2112685412087094,3.277322268262985,0,0.0,0.0,92,46.0,11,11,0,1510,46,0,-0.07082590000000004,-0.03541295000000002,0.012112685412087095,41,1
93,6.739221517115832,1.2453775289309155,3.369610758557916,0,0.0,0.0,93,46.5,11,11,0,1520,48,0,-0.07175240000000005,-0.035876200000000025,0.012453775289309155,41,1
94,6.739221517115832,1.2453775289309155,3.369610758557916,0,0.0,0.0,94,47.0,11,11,0,1530,48,0,-0.07221380000000005,-0.036106900000000025,0.012453775289309155,41,1
95,6.739221517115832,1.2453775289309155,3.369610758557916,0,0.0,0.0,95,47.5,12,12,0,1540,48,0,-0.07267520000000005,-0.036337600000000025,0.012453775289309155,41,1
96,6.739221517115832,1.2453775289309155,3.369610758557916,0,0.0,0.0,96,48.0,12,12,0,1550,48,0,-0.07313660000000005,-0.036568300000000026,0.012453775289309155,41,1
97,6.739221517115832,1.2453775289309155,3.369610758557916,0,0.0,0.0,97,48.5,12,12,0,1560,48,0,-0.07359800000000005,-0.036799000000000026,0.012453775289309155,41,1
98,7.390422571036135,1.3657165261442843,3.6952112855180674,0,0.0,0.0,98,49.0,12,12,0,1570,48,0,-0.07406310000000005,-0.037031550000000024,0.013657165261442844,41,1
99,7.390422571036135,1.3657165261442843,3.6952112855180674,0,0.0,0.0,99,49.5,13,13,0,1580,50,0,-0.07452820000000004,-0.03726410000000002,0.013657165261442844,41,1
100,7.390422571036135,1.3657165261442843,3.6952112855180674,0,0.0,0.0,100,50.0,13,13,0,1590,50,0,-0.07499330000000005,-0.03749665000000003,0.013657165261442844,41,1
101,7.479697949721025,1.3822142106644604,3.7398489748605126,0,0.0,0.0,101,50.5,13,13,0,1600,50,0,-0.07590480000000005,-0.037952400000000025,0.013822142106644604,41,1
102,7.479697949721025,1.3822142106644604,3.7398489748605126,0,0.0,0.0,102,51.0,13,13,0,1610,50,0,-0.07681630000000006,-0.03840815000000003,0.013822142106644604,41,1
103,7.479697949721025,1.3822142106644604,3.7398489748605126,0,0.0,0.0,103,51.5,13,13,0,1620,50,0,-0.07772780000000007,-0.038863900000000035,0.013822142106644604,41,1
104,7.479697949721025,1.3822142106644604,3.7398489748605126,0,0.0,0.0,104,52.0,13,13,0,1630,50,0,-0.07819290000000007,-0.03909645000000003,0.013822142106644604,41,1
105,7.479697949721025,1.3822142106644604,3.7398489748605126,0,0.0,0.0,105,52.5,14,14,0,1640,50,0,-0.07865800000000006,-0.03932900000000003,0.013822142106644604,41,1
106,7.479697949721025,1.3493043485057827,3.7398489748605126,0,0.0,0.0,106,53.0,14,14,0,1650,50,0,-0.07912310000000007,-0.039561550000000036,0.013493043485057827,42,2
107,7.717051063849085,1.3921217979772984,3.8585255319245424,0,0.0,0.0,107,53.5,14,14,0,1660,50,0,-0.08006290000000008,-0.04003145000000004,0.013921217979772985,42,2
108,7.717051063849085,1.3921217979772984,3.8585255319245424,0,0.0,0.0,108,54.0,14,14,0,1670,50,0,-0.08100270000000008,-0.04050135000000004,0.013921217979772985,42,2
109,7.717051063849085,1.3921217979772984,3.8585255319245424,0,0.0,0.0,109,54.5,14,14,0,1680,50,0,-0.08194250000000008,-0.04097125000000004,0.013921217979772985,42,2
110,7.717051063849085,1.3921217979772984,3.8585255319245424,0,0.0,0.0,110,55.0,14,14,0,1690,50,0,-0.08288230000000009,-0.041441150000000045,0.013921217979772985,42,2
111,7.717051063849085,1.3921217979772984,3.8585255319245424,0,0.0,0.0,111,55.5,14,14,0,1700,52,0,-0.0838221000000001,-0.04191105000000005,0.013921217979772985,42,2
112,7.717051063849085,1.3921217979772984,3.8585255319245424,0,0.0,0.0,112,56.0,14,14,0,1710,52,0,-0.0847619000000001,-0.04238095000000005,0.013921217979772985,42,2
113,7.717051063849085,1.3921217979772984,3.8585255319245424,0,0.0,0.0,113,56.5,14,14,0,1720,52,0,-0.0847619000000001,-0.04238095000000005,0.013921217979772985,42,2
114,7.717051063849085,1.3921217979772984,3.8585255319245424,0,0.0,0.0,114,57.0,16,16,0,1730,52,0,-0.0847619000000001,-0.04238095000000005,0.013921217979772985,42,2
115,7.717051063849085,1.3921217979772984,3.8585255319245424,0,0.0,0.0,115,57.5,16,16,0,1740,54,0,-0.0847619000000001,-0.04238095000000005,0.013921217979772985,42,2
116,8.318995595069712,1.5007099226575953,4.159497797534856,0,0.0,0.0,116,58.0,16,16,0,1750,54,0,-0.0856870000000001,-0.04284350000000005,0.015007099226575954,42,2
117,8.318995595069712,1.5007099226575953,4.159497797534856,0,0.0,0.0,117,58.5,16,16,0,1760,54,0,-0.0866121000000001,-0.04330605000000005,0.015007099226575954,42,2
118,8.318995595069712,1.5007099226575953,4.159497797534856,0,0.0,0.0,118,59.0,16,16,0,1770,54,0,-0.08753720000000009,-0.043768600000000046,0.015007099226575954,42,2
119,8.318995595069712,1.5007099226575953,4.159497797534856,0,0.0,0.0,119,59.5,16,16,0,1780,54,0,-0.08846230000000009,-0.044231150000000045,0.015007099226575954,42,2
120,8.318995595069712,1.5007099226575953,4.159497797534856,0,0.0,0.0,120,60.0,16,16,0,1790,54,0,-0.08938740000000009,-0.044693700000000045,0.015007099226575954,42,2
121,8.318995595069712,1.5007099226575953,4.159497797534856,0,0.0,0.0,121,60.5,16,16,0,1800,54,0,-0.08985110000000009,-0.04492555000000004,0.015007099226575954,42,2
122,8.318995595069712,1.5007099226575953,4.159497797534856,0,0.0,0.0,122,61.0,17,17,0,1810,54,0,-0.09031480000000008,-0.04515740000000004,0.015007099226575954,42,2
123,8.318995595069712,1.5007099226575953,4.159497797534856,0,0.0,0.0,123,61.5,17,17,0,1820,54,0,-0.09077850000000008,-0.04538925000000004,0.015007099226575954,42,2
124,8.651478282241625,1.5606883253443886,4.325739141120812,0,0.0,0.0,124,62.0,17,17,0,1830,54,0,-0.09171720000000008,-0.04585860000000004,0.015606883253443886,42,2
125,8.651478282241625,1.5606883253443886,4.325739141120812,0,0.0,0.0,125,62.5,17,17,0,1840,54,0,-0.09265590000000008,-0.04632795000000004,0.015606883253443886,42,2
126,8.651478282241625,1.5606883253443886,4.325739141120812,0,0.0,0.0,126,63.0,17,17,0,1850,54,0,-0.09313090000000009,-0.04656545000000004,0.015606883253443886,42,2
127,8.651478282241625,1.5606883253443886,4.325739141120812,0,0.0,0.0,127,63.5,18,18,0,1860,56,0,-0.09360590000000009,-0.046802950000000045,0.015606883253443886,42,2
128,8.651478282241625,1.5606883253443886,4.325739141120812,0,0.0,0.0,128,64.0,18,18,0,1870,60,0,-0.09408090000000009,-0.047040450000000046,0.015606883253443886,42,2
129,8.651478282241625,1.5606883253443886,4.325739141120812,0,0.0,0.0,129,64.5,18,18,0,1880,60,0,-0.0945559000000001,-0.04727795000000005,0.015606883253443886,42,2
130,8.651478282241625,1.5606883253443886,4.325739141120812,0,0.0,0.0,130,65.0,18,18,0,1890,62,0,-0.0950309000000001,-0.04751545000000005,0.015606883253443886,42,2
131,8.651478282241625,1.5606883253443886,4.325739141120812,0,0.0,0.0,131,65.5,18,18,0,1900,62,0,-0.0955059000000001,-0.04775295000000005,0.015606883253443886,42,2
132,8.651478282241625,1.5606883253443886,4.325739141120812,0,0.0,0.0,132,66.0,18,18,0,1910,62,0,-0.0955059000000001,-0.04775295000000005,0.015606883253443886,42,2
133,9.492132118997429,1.712338550413301,4.746066059498714,0,0.0,0.0,133,66.5,19,19,0,1920,62,0,-0.0960004000000001,-0.04800020000000005,0.01712338550413301,42,2
134,9.492132118997429,1.712338550413301,4.746066059498714,0,0.0,0.0,134,67.0,19,19,0,1930,62,0,-0.0964949000000001,-0.04824745000000005,0.01712338550413301,42,2
135,9.492132118997429,1.712338550413301,4.746066059498714,0,0.0,0.0,135,67.5,19,19,0,1940,62,0,-0.09698940000000011,-0.04849470000000006,0.01712338550413301,42,2
136,9.492132118997429,1.712338550413301,4.746066059498714,0,0.0,0.0,136,68.0,19,19,0,1950,64,0,-0.09748390000000011,-0.048741950000000055,0.01712338550413301,42,2
137,9.492132118997429,1.712338550413301,4.746066059498714,0,0.0,0.0,137,68.5,19,19,0,1960,64,0,-0.0979784000000001,-0.04898920000000005,0.01712338550413301,42,2
138,9.492132118997429,1.712338550413301,4.746066059498714,0,0.0,0.0,138,69.0,19,19,0,1970,64,0,-0.09847290000000011,-0.04923645000000006,0.01712338550413301,42,2
139,9.729448629714668,1.7551493967917877,4.864724314857334,0,0.0,0.0,139,69.5,19,19,0,1980,64,0,-0.09944200000000011,-0.04972100000000006,0.01755149396791788,42,2
140,9.729448629714668,1.7551493967917877,4.864724314857334,0,0.0,0.0,140,70.0,19,19,0,1990,64,0,-0.10041110000000011,-0.05020555000000006,0.01755149396791788,42,2
141,9.729448629714668,1.7551493967917877,4.864724314857334,0,0.0,0.0,141,70.5,19,19,0,2000,64,0,-0.10138020000000011,-0.05069010000000006,0.01755149396791788,42,2
142,9.729448629714668,1.7551493967917877,4.864724314857334,0,0.0,0.0,142,71.0,19,19,0,2010,64,0,-0.10234930000000012,-0.05117465000000006,0.01755149396791788,42,2
143,9.729448629714668,1.7551493967917877,4.864724314857334,0,0.0,0.0,143,71.5,19,19,0,2020,64,0,-0.10331840000000012,-0.05165920000000006,0.01755149396791788,42,2
144,9.729448629714668,1.7551493967917877,4.864724314857334,0,0.0,0.0,144,72.0,19,19,0,2030,64,0,-0.10428750000000012,-0.05214375000000006,0.01755149396791788,42,2
145,9.729448629714668,1.7551493967917877,4.864724314857334,0,0.0,0.0,145,72.5,19,19,0,2040,64,0,-0.10478200000000013,-0.05239100000000006,0.01755149396791788,42,2
146,9.729448629714668,1.7551493967917877,4.864724314857334,0,0.0,0.0,146,73.0,20,20,0,2050,64,0,-0.10527650000000012,-0.05263825000000006,0.01755149396791788,42,2
147,9.729448629714668,1.7551493967917877,4.864724314857334,0,0.0,0.0,147,73.5,20,20,0,2060,64,0,-0.10577100000000011,-0.05288550000000006,0.01755149396791788,42,2
148,9.966765140431907,1.7979602431702748,4.983382570215953,0,0.0,0.0,148,74.0,20,20,0,2070,64,0,-0.10674010000000012,-0.05337005000000006,0.017979602431702747,42,2
149,9.966765140431907,1.7979602431702748,4.983382570215953,0,0.0,0.0,149,74.5,20,20,0,2080,64,0,-0.10770920000000012,-0.05385460000000006,0.017979602431702747,42,2
150,9.966765140431907,1.7979602431702748,4.983382570215953,0,0.0,0.0,150,75.0,20,20,0,2090,64,0,-0.10867830000000012,-0.05433915000000006,0.017979602431702747,42,2
151,9.966765140431907,1.7979602431702748,4.983382570215953,0,0.0,0.0,151,75.5,20,20,0,2100,64,0,-0.10915290000000012,-0.05457645000000006,0.017979602431702747,42,2
152,9.966765140431907,1.7979602431702748,4.983382570215953,0,0.0,0.0,152,76.0,21,21,0,2110,64,0,-0.10962750000000013,-0.054813750000000064,0.017979602431702747,42,2
153,9.966765140431907,1.7979602431702748,4.983382570215953,0,0.0,0.0,153,76.5,21,21,0,2120,66,0,-0.11010210000000012,-0.05505105000000006,0.017979602431702747,42,2
154,10.80741897718771,1.9496104682391873,5.403709488593855,0,0.0,0.0,154,77.0,21,21,0,2130,66,0,-0.11059660000000013,-0.055298300000000064,0.019496104682391872,42,2
155,10.80741897718771,1.9496104682391873,5.403709488593855,0,0.0,0.0,155,77.5,22,22,0,2140,66,0,-0.11109110000000012,-0.05554555000000006,0.019496104682391872,42,2
156,10.80741897718771,1.9496104682391873,5.403709488593855,0,0.0,0.0,156,78.0,22,22,0,2150,66,0,-0.11158560000000012,-0.05579280000000006,0.019496104682391872,42,2
157,10.80741897718771,1.9496104682391873,5.403709488593855,0,0.0,0.0,157,78.5,22,22,0,2160,66,0,-0.11208010000000013,-0.05604005000000006,0.019496104682391872,42,2
158,10.80741897718771,1.9496104682391873,5.403709488593855,0,0.0,0.0,158,79.0,22,22,0,2170,66,0,-0.11257460000000014,-0.05628730000000007,0.019496104682391872,42,2
159,11.709902256498637,2.112414450621044,5.8549511282493185,0,0.0,0.0,159,79.5,22,22,0,2180,66,0,-0.11354410000000013,-0.05677205000000007,0.02112414450621044,42,2
160,11.709902256498637,2.112414450621044,5.8549511282493185,0,0.0,0.0,160,80.0,22,22,0,2190,66,0,-0.11451360000000013,-0.057256800000000066,0.02112414450621044,42,2
161,11.709902256498637,2.112414450621044,5.8549511282493185,0,0.0,0.0,161,80.5,22,22,0,2200,66,0,-0.11548310000000014,-0.05774155000000007,0.02112414450621044,42,2
162,11.709902256498637,2.112414450621044,5.8549511282493185,0,0.0,0.0,162,81.0,22,22,0,2210,66,0,-0.11645260000000016,-0.05822630000000008,0.02112414450621044,42,2
163,11.709902256498637,2.112414450621044,5.8549511282493185,0,0.0,0.0,163,81.5,22,22,0,2220,66,0,-0.11742210000000015,-0.05871105000000008,0.02112414450621044,42,2
164,11.709902256498637,2.112414450621044,5.8549511282493185,0,0.0,0.0,164,82.0,22,22,0,2230,66,0,-0.11839160000000015,-0.059195800000000076,0.02112414450621044,42,2
165,11.709902256498637,2.112414450621044,5.8549511282493185,0,0.0,0.0,165,82.5,22,22,0,2240,68,0,-0.11936110000000016,-0.05968055000000008,0.02112414450621044,42,2
166,11.709902256498637,2.112414450621044,5.8549511282493185,0,0.0,0.0,166,83.0,22,22,0,2250,68,0,-0.12033060000000018,-0.06016530000000009,0.02112414450621044,42,2
167,11.709902256498637,2.112414450621044,5.8549511282493185,0,0.0,0.0,167,83.5,22,22,0,2260,68,0,-0.12130010000000016,-0.06065005000000008,0.02112414450621044,42,2
168,11.709902256498637,2.112414450621044,5.8549511282493185,0,0.0,0.0,168,84.0,22,22,0,2270,68,0,-0.12226960000000017,-0.061134800000000086,0.02112414450621044,42,2
169,11.709902256498637,2.112414450621044,5.8549511282493185,0,0.0,0.0,169,84.5,22,22,0,2280,68,0,-0.12323910000000016,-0.06161955000000008,0.02112414450621044,42,2
170,11.709902256498637,2.112414450621044,5.8549511282493185,0,0.0,0.0,170,85.0,22,22,0,2290,68,0,-0.12420860000000017,-0.062104300000000084,0.02112414450621044,42,2
171,11.709902256498637,2.112414450621044,5.8549511282493185,0,0.0,0.0,171,85.5,22,22,0,2300,68,0,-0.12517810000000015,-0.06258905000000008,0.02112414450621044,42,2
172,11.709902256498637,2.112414450621044,5.8549511282493185,0,0.0,0.0,172,86.0,22,22,0,2310,68,0,-0.12565310000000016,-0.06282655000000008,0.02112414450621044,42,2
173,11.709902256498637,2.112414450621044,5.8549511282493185,0,0.0,0.0,173,86.5,23,23,0,2320,70,0,-0.12612810000000016,-0.06306405000000008,0.02112414450621044,42,2
174,11.709902256498637,2.112414450621044,5.8549511282493185,0,0.0,0.0,174,87.0,23,23,0,2330,70,0,-0.12660310000000016,-0.06330155000000008,0.02112414450621044,42,2
175,11.709902256498637,2.112414450621044,5.8549511282493185,0,0.0,0.0,175,87.5,23,23,0,2340,70,0,-0.12707810000000017,-0.06353905000000008,0.02112414450621044,42,2
176,11.709902256498637,2.112414450621044,5.8549511282493185,0,0.0,0.0,176,88.0,23,23,0,2350,72,0,-0.12755310000000017,-0.06377655000000008,0.02112414450621044,42,2
177,11.709902256498637,2.112414450621044,5.8549511282493185,0,0.0,0.0,177,88.5,23,23,0,2360,74,0,-0.12802810000000017,-0.06401405000000009,0.02112414450621044,42,2
178,11.709902256498637,2.112414450621044,5.8549511282493185,0,0.0,0.0,178,89.0,23,23,0,2370,74,0,-0.12850310000000018,-0.06425155000000009,0.02112414450621044,42,2
179,12.55055609325444,2.2640646756899563,6.27527804662722,0,0.0,0.0,179,89.5,23,23,0,2380,74,0,-0.12899760000000016,-0.06449880000000008,0.022640646756899564,42,2
180,12.55055609325444,2.2640646756899563,6.27527804662722,0,0.0,0.0,180,90.0,24,24,0,2390,74,0,-0.12949210000000017,-0.06474605000000008,0.022640646756899564,42,2
181,12.55055609325444,2.2640646756899563,6.27527804662722,0,0.0,0.0,181,90.5,24,24,0,2400,74,0,-0.12998660000000017,-0.06499330000000009,0.022640646756899564,42,2
182,12.55055609325444,2.2640646756899563,6.27527804662722,0,0.0,0.0,182,91.0,24,24,0,2410,76,0,-0.13048110000000016,-0.06524055000000008,0.022640646756899564,42,2
183,12.55055609325444,2.2640646756899563,6.27527804662722,0,0.0,0.0,183,91.5,24,24,0,2420,76,0,-0.13097560000000014,-0.06548780000000007,0.022640646756899564,42,2
184,12.55055609325444,2.2640646756899563,6.27527804662722,0,0.0,0.0,184,92.0,24,24,0,2430,78,0,-0.13147010000000015,-0.06573505000000007,0.022640646756899564,42,2
185,12.55055609325444,2.2640646756899563,6.27527804662722,0,0.0,0.0,185,92.5,24,24,0,2440,78,0,-0.13196460000000015,-0.06598230000000008,0.022640646756899564,42,2
186,12.55055609325444,2.2640646756899563,6.27527804662722,0,0.0,0.0,186,93.0,24,24,0,2450,80,0,-0.13245910000000014,-0.06622955000000007,0.022640646756899564,42,2
187,12.55055609325444,2.2640646756899563,6.27527804662722,0,0.0,0.0,187,93.5,24,24,0,2460,80,0,-0.13295360000000012,-0.06647680000000006,0.022640646756899564,42,2
188,12.55055609325444,2.2640646756899563,6.27527804662722,0,0.0,0.0,188,94.0,24,24,0,2470,80,0,-0.13344810000000012,-0.06672405000000006,0.022640646756899564,42,2
189,13.453039372565367,2.4268686580718133,6.726519686282684,0,0.0,0.0,189,94.5,24,24,0,2480,82,0,-0.13441760000000014,-0.06720880000000007,0.024268686580718134,42,2
190,13.453039372565367,2.4268686580718133,6.726519686282684,0,0.0,0.0,190,95.0,24,24,0,2490,82,0,-0.13538710000000012,-0.06769355000000006,0.024268686580718134,42,2
191,13.453039372565367,2.4268686580718133,6.726519686282684,0,0.0,0.0,191,95.5,24,24,0,2500,84,0,-0.1363566000000001,-0.06817830000000005,0.024268686580718134,42,2
192,13.453039372565367,2.4268686580718133,6.726519686282684,0,0.0,0.0,192,96.0,24,24,0,2510,84,0,-0.13732610000000012,-0.06866305000000006,0.024268686580718134,42,2
193,13.453039372565367,2.4268686580718133,6.726519686282684,0,0.0,0.0,193,96.5,24,24,0,2520,84,0,-0.13829560000000013,-0.06914780000000006,0.024268686580718134,42,2
194,13.453039372565367,2.4268686580718133,6.726519686282684,0,0.0,0.0,194,97.0,24,24,0,2530,84,0,-0.1392651000000001,-0.06963255000000006,0.024268686580718134,42,2
195,13.453039372565367,2.4268686580718133,6.726519686282684,0,0.0,0.0,195,97.5,24,24,0,2540,86,0,-0.1402346000000001,-0.07011730000000005,0.024268686580718134,42,2
196,13.453039372565367,2.4268686580718133,6.726519686282684,0,0.0,0.0,196,98.0,24,24,0,2550,86,0,-0.1412041000000001,-0.07060205000000006,0.024268686580718134,42,2
197,13.453039372565367,2.4268686580718133,6.726519686282684,0,0.0,0.0,197,98.5,24,24,0,2560,86,0,-0.1416791000000001,-0.07083955000000006,0.024268686580718134,42,2
198,13.453039372565367,2.4268686580718133,6.726519686282684,0,0.0,0.0,198,99.0,25,25,0,2570,86,0,-0.14215410000000012,-0.07107705000000006,0.024268686580718134,42,2
199,13.453039372565367,2.4268686580718133,6.726519686282684,0,0.0,0.0,199,99.5,25,25,0,2580,88,0,-0.14262910000000012,-0.07131455000000006,0.024268686580718134,42,2
200,13.453039372565367,2.4268686580718133,6.726519686282684,0,0.0,0.0,200,100.0,25,25,0,2590,88,0,-0.14310410000000012,-0.07155205000000006,0.024268686580718134,42,2
201,13.453039372565367,2.4268686580718133,6.726519686282684,0,0.0,0.0,201,100.5,25,25,0,2600,88,0,-0.14357910000000013,-0.07178955000000006,0.024268686580718134,42,2
202,13.453039372565367,2.4268686580718133,6.726519686282684,0,0.0,0.0,202,101.0,25,25,0,2610,88,0,-0.14405410000000013,-0.07202705000000006,0.024268686580718134,42,2
203,13.453039372565367,2.4268686580718133,6.726519686282684,0,0.0,0.0,203,101.5,25,25,0,2620,88,0,-0.14452910000000013,-0.07226455000000007,0.024268686580718134,42,2
204,13.453039372565367,2.4268686580718133,6.726519686282684,0,0.0,0.0,204,102.0,25,25,0,2630,88,0,-0.14500410000000014,-0.07250205000000007,0.024268686580718134,42,2
205,13.453039372565367,2.4268686580718133,6.726519686282684,0,0.0,0.0,205,102.5,25,25,0,2640,88,0,-0.14547910000000014,-0.07273955000000007,0.024268686580718134,42,2
206,13.453039372565367,2.4268686580718133,6.726519686282684,0,0.0,0.0,206,103.0,25,25,0,2650,88,0,-0.14595410000000014,-0.07297705000000007,0.024268686580718134,42,2
207,14.213872814991424,2.5641196378914453,7.106936407495712,0,0.0,0.0,207,103.5,25,25,0,2660,88,0,-0.14690460000000016,-0.07345230000000008,0.025641196378914453,42,2
208,14.213872814991424,2.5641196378914453,7.106936407495712,0,0.0,0.0,208,104.0,25,25,0,2670,88,0,-0.14785510000000016,-0.07392755000000008,0.025641196378914453,42,2
209,14.213872814991424,2.5641196378914453,7.106936407495712,0,0.0,0.0,209,104.5,25,25,0,2680,88,0,-0.14833060000000015,-0.07416530000000007,0.025641196378914453,42,2
210,14.213872814991424,2.5641196378914453,7.106936407495712,0,0.0,0.0,210,105.0,26,26,0,2690,88,0,-0.14880610000000016,-0.07440305000000008,0.025641196378914453,42,2
211,14.213872814991424,2.5641196378914453,7.106936407495712,0,0.0,0.0,211,105.5,26,26,0,2700,90,0,-0.14928160000000018,-0.07464080000000009,0.025641196378914453,42,2
212,14.63124036562219,2.639410893604827,7.315620182811095,0,0.0,0.0,212,106.0,26,26,0,2710,90,0,-0.15022080000000015,-0.07511040000000008,0.02639410893604827,42,2
213,14.63124036562219,2.639410893604827,7.315620182811095,0,0.0,0.0,213,106.5,26,26,0,2720,90,0,-0.15116000000000018,-0.07558000000000009,0.02639410893604827,42,2
214,14.63124036562219,2.639410893604827,7.315620182811095,0,0.0,0.0,214,107.0,26,26,0,2730,90,0,-0.15209920000000016,-0.07604960000000008,0.02639410893604827,42,2
215,14.63124036562219,2.639410893604827,7.315620182811095,0,0.0,0.0,215,107.5,26,26,0,2740,90,0,-0.15303840000000019,-0.07651920000000009,0.02639410893604827,42,2
216,14.63124036562219,2.639410893604827,7.315620182811095,0,0.0,0.0,216,108.0,26,26,0,2750,90,0,-0.15397760000000016,-0.07698880000000008,0.02639410893604827,42,2
217,14.63124036562219,2.639410893604827,7.315620182811095,0,0.0,0.0,217,108.5,26,26,0,2760,90,0,-0.1549168000000002,-0.0774584000000001,0.02639410893604827,42,2
218,14.63124036562219,2.639410893604827,7.315620182811095,0,0.0,0.0,218,109.0,26,26,0,2770,90,0,-0.15585600000000016,-0.07792800000000008,0.02639410893604827,42,2
219,14.63124036562219,2.639410893604827,7.315620182811095,0,0.0,0.0,219,109.5,26,26,0,2780,90,0,-0.1567952000000002,-0.0783976000000001,0.02639410893604827,42,2
220,14.63124036562219,2.639410893604827,7.315620182811095,0,0.0,0.0,220,110.0,26,26,0,2790,94,0,-0.15773440000000016,-0.07886720000000008,0.02639410893604827,42,2
221,14.63124036562219,2.639410893604827,7.315620182811095,0,0.0,0.0,221,110.5,26,26,0,2800,94,0,-0.1586736000000002,-0.0793368000000001,0.02639410893604827,42,2
222,14.63124036562219,2.639410893604827,7.315620182811095,0,0.0,0.0,222,111.0,26,26,0,2810,96,0,-0.15914910000000018,-0.07957455000000009,0.02639410893604827,42,2
223,14.63124036562219,2.639410893604827,7.315620182811095,0,0.0,0.0,223,111.5,27,27,0,2820,96,0,-0.15962460000000017,-0.07981230000000009,0.02639410893604827,42,2
224,14.63124036562219,2.639410893604827,7.315620182811095,0,0.0,0.0,224,112.0,27,27,0,2830,96,0,-0.15962460000000017,-0.07981230000000009,0.02639410893604827,42,2
225,15.048607916252957,2.714702149318208,7.524303958126478,0,0.0,0.0,225,112.5,28,28,0,2840,96,0,-0.16008830000000018,-0.08004415000000009,0.02714702149318208,42,2
226,15.048607916252957,2.714702149318208,7.524303958126478,0,0.0,0.0,226,113.0,28,28,0,2850,96,0,-0.1605520000000002,-0.0802760000000001,0.02714702149318208,42,2
227,15.048607916252957,2.714702149318208,7.524303958126478,0,0.0,0.0,227,113.5,28,28,0,2860,96,0,-0.16101570000000018,-0.08050785000000009,0.02714702149318208,42,2
228,15.048607916252957,2.714702149318208,7.524303958126478,0,0.0,0.0,228,114.0,28,28,0,2870,96,0,-0.16147940000000016,-0.08073970000000008,0.02714702149318208,42,2
229,15.809441358679013,2.8519531291378395,7.904720679339507,0,0.0,0.0,229,114.5,28,28,0,2880,96,0,-0.1624186000000002,-0.0812093000000001,0.028519531291378394,42,2
230,15.809441358679013,2.8519531291378395,7.904720679339507,0,0.0,0.0,230,115.0,28,28,0,2890,96,0,-0.16335780000000016,-0.08167890000000008,0.028519531291378394,42,2
231,15.809441358679013,2.8519531291378395,7.904720679339507,0,0.0,0.0,231,115.5,28,28,0,2900,98,0,-0.1642970000000002,-0.0821485000000001,0.028519531291378394,42,2
232,15.809441358679013,2.8519531291378395,7.904720679339507,0,0.0,0.0,232,116.0,28,28,0,2910,98,0,-0.16523620000000017,-0.08261810000000008,0.028519531291378394,42,2
233,15.809441358679013,2.8519531291378395,7.904720679339507,0,0.0,0.0,233,116.5,28,28,0,2920,98,0,-0.1661754000000002,-0.0830877000000001,0.028519531291378394,42,2
234,15.809441358679013,2.8519531291378395,7.904720679339507,0,0.0,0.0,234,117.0,28,28,0,2930,98,0,-0.16711460000000017,-0.08355730000000008,0.028519531291378394,42,2
235,15.809441358679013,2.8519531291378395,7.904720679339507,0,0.0,0.0,235,117.5,28,28,0,2940,98,0,-0.1675901000000002,-0.0837950500000001,0.028519531291378394,42,2
236,15.809441358679013,2.8519531291378395,7.904720679339507,0,0.0,0.0,236,118.0,29,29,0,2950,98,0,-0.1680656000000002,-0.0840328000000001,0.028519531291378394,42,2
237,15.809441358679013,2.8519531291378395,7.904720679339507,0,0.0,0.0,237,118.5,29,29,0,2960,98,0,-0.1685411000000002,-0.0842705500000001,0.028519531291378394,42,2
238,16.046757869396252,2.8947639755163266,8.023378934698126,0,0.0,0.0,238,119.0,29,29,0,2970,100,0,-0.1694912000000002,-0.0847456000000001,0.028947639755163266,42,2
239,16.046757869396252,2.8947639755163266,8.023378934698126,0,0.0,0.0,239,119.5,29,29,0,2980,100,0,-0.1704413000000002,-0.0852206500000001,0.028947639755163266,42,2
240,16.046757869396252,2.8947639755163266,8.023378934698126,0,0.0,0.0,240,120.0,29,29,0,2990,100,0,-0.17139140000000022,-0.08569570000000011,0.028947639755163266,42,2
241,16.046757869396252,2.8947639755163266,8.023378934698126,0,0.0,0.0,241,120.5,29,29,0,3000,100,0,-0.17234150000000023,-0.08617075000000012,0.028947639755163266,42,2
242,16.046757869396252,2.8947639755163266,8.023378934698126,0,0.0,0.0,242,121.0,29,29,0,3010,100,0,-0.17329160000000024,-0.08664580000000012,0.028947639755163266,42,2
243,16.046757869396252,2.8947639755163266,8.023378934698126,0,0.0,0.0,243,121.5,29,29,0,3020,100,0,-0.17424170000000025,-0.08712085000000012,0.028947639755163266,42,2
244,16.046757869396252,2.8947639755163266,8.023378934698126,0,0.0,0.0,244,122.0,29,29,0,3030,100,0,-0.17471720000000024,-0.08735860000000012,0.028947639755163266,42,2
245,16.046757869396252,2.8947639755163266,8.023378934698126,0,0.0,0.0,245,122.5,30,30,0,3040,102,0,-0.17519270000000026,-0.08759635000000013,0.028947639755163266,42,2
246,16.046757869396252,2.8947639755163266,8.023378934698126,0,0.0,0.0,246,123.0,30,30,0,3050,102,0,-0.17519270000000026,-0.08759635000000013,0.028947639755163266,42,2
247,16.231334849986112,2.928060844483242,8.115667424993056,0,0.0,0.0,247,123.5,31,31,0,3060,104,0,-0.17565410000000026,-0.08782705000000013,0.02928060844483242,42,2
248,16.231334849986112,2.928060844483242,8.115667424993056,0,0.0,0.0,248,124.0,31,31,0,3070,104,0,-0.17611550000000026,-0.08805775000000013,0.02928060844483242,42,2
249,16.231334849986112,2.928060844483242,8.115667424993056,0,0.0,0.0,249,124.5,31,31,0,3080,104,0,-0.17657690000000026,-0.08828845000000013,0.02928060844483242,42,2
250,16.231334849986112,2.928060844483242,8.115667424993056,0,0.0,0.0,250,125.0,31,31,0,3090,104,0,-0.17703830000000026,-0.08851915000000013,0.02928060844483242,42,2
251,16.231334849986112,2.928060844483242,8.115667424993056,0,0.0,0.0,251,125.5,31,31,0,3100,104,0,-0.17749970000000026,-0.08874985000000013,0.02928060844483242,42,2
252,16.231334849986112,2.928060844483242,8.115667424993056,0,0.0,0.0,252,126.0,31,31,0,3110,104,0,-0.17749970000000026,-0.08874985000000013,0.02928060844483242,42,2
253,16.231334849986112,2.928060844483242,8.115667424993056,0,0.0,0.0,253,126.5,32,32,0,3120,104,0,-0.17749970000000026,-0.08874985000000013,0.02928060844483242,42,2
254,16.231334849986112,2.928060844483242,8.115667424993056,0,0.0,0.0,254,127.0,32,32,0,3130,104,0,-0.17749970000000026,-0.08874985000000013,0.02928060844483242,42,2
255,17.116525663678235,3.0877453427344985,8.558262831839118,0,0.0,0.0,255,127.5,32,32,0,3140,104,0,-0.17799150000000025,-0.08899575000000012,0.030877453427344985,42,2
256,17.301102644268095,3.1210422117014134,8.650551322134048,0,0.0,0.0,256,128.0,32,32,0,3150,104,0,-0.17894470000000026,-0.08947235000000013,0.031210422117014136,42,2
257,17.301102644268095,3.1210422117014134,8.650551322134048,0,0.0,0.0,257,128.5,32,32,0,3160,104,0,-0.17989790000000028,-0.08994895000000014,0.031210422117014136,42,2
258,17.301102644268095,3.1210422117014134,8.650551322134048,0,0.0,0.0,258,129.0,32,32,0,3170,104,0,-0.18085110000000026,-0.09042555000000013,0.031210422117014136,42,2
259,17.301102644268095,3.1210422117014134,8.650551322134048,0,0.0,0.0,259,129.5,32,32,0,3180,104,0,-0.18180430000000025,-0.09090215000000013,0.031210422117014136,42,2
260,17.301102644268095,3.1210422117014134,8.650551322134048,0,0.0,0.0,260,130.0,32,32,0,3190,106,0,-0.18275750000000027,-0.09137875000000013,0.031210422117014136,42,2
261,17.301102644268095,3.1210422117014134,8.650551322134048,0,0.0,0.0,261,130.5,32,32,0,3200,106,0,-0.18324930000000028,-0.09162465000000014,0.031210422117014136,42,2
262,17.301102644268095,3.1210422117014134,8.650551322134048,0,0.0,0.0,262,131.0,33,33,0,3210,106,0,-0.18374110000000027,-0.09187055000000013,0.031210422117014136,42,2
263,17.301102644268095,3.1210422117014134,8.650551322134048,0,0.0,0.0,263,131.5,33,33,0,3220,106,0,-0.18423290000000025,-0.09211645000000013,0.031210422117014136,42,2
264,17.301102644268095,3.0484598346851013,8.650551322134048,0,0.0,0.0,264,132.0,33,33,0,3230,108,0,-0.18472470000000027,-0.09236235000000013,0.030484598346851015,43,3
265,17.301102644268095,3.0484598346851013,8.650551322134048,0,0.0,0.0,265,132.5,33,33,0,3240,108,0,-0.18521650000000028,-0.09260825000000014,0.030484598346851015,43,3
266,17.301102644268095,3.0484598346851013,8.650551322134048,0,0.0,0.0,266,133.0,33,33,0,3250,110,0,-0.18570830000000027,-0.09285415000000014,0.030484598346851015,43,3
267,17.301102644268095,3.0484598346851013,8.650551322134048,0,0.0,0.0,267,133.5,33,33,0,3260,110,0,-0.18620010000000026,-0.09310005000000013,0.030484598346851015,43,3
268,17.301102644268095,3.0484598346851013,8.650551322134048,0,0.0,0.0,268,134.0,33,33,0,3270,110,0,-0.18669190000000027,-0.09334595000000014,0.030484598346851015,43,3
269,17.301102644268095,3.0484598346851013,8.650551322134048,0,0.0,0.0,269,134.5,33,33,0,3280,110,0,-0.18718370000000029,-0.09359185000000014,0.030484598346851015,43,3
270,17.301102644268095,3.0484598346851013,8.650551322134048,0,0.0,0.0,270,135.0,33,33,0,3290,110,0,-0.18767550000000027,-0.09383775000000014,0.030484598346851015,43,3
271,17.301102644268095,3.0484598346851013,8.650551322134048,0,0.0,0.0,271,135.5,33,33,0,3300,110,0,-0.18816730000000026,-0.09408365000000013,0.030484598346851015,43,3
272,17.48567962485796,3.0809823578620894,8.74283981242898,0,0.0,0.0,272,136.0,33,33,0,3310,110,0,-0.18912050000000027,-0.09456025000000014,0.030809823578620894,43,3
273,17.48567962485796,3.0809823578620894,8.74283981242898,0,0.0,0.0,273,136.5,33,33,0,3320,110,0,-0.1900737000000003,-0.09503685000000014,0.030809823578620894,43,3
274,17.48567962485796,3.0809823578620894,8.74283981242898,0,0.0,0.0,274,137.0,33,33,0,3330,110,0,-0.1905351000000003,-0.09526755000000015,0.030809823578620894,43,3
275,17.48567962485796,3.0809823578620894,8.74283981242898,0,0.0,0.0,275,137.5,34,34,0,3340,110,0,-0.1909965000000003,-0.09549825000000015,0.030809823578620894,43,3
276,17.48567962485796,3.0809823578620894,8.74283981242898,0,0.0,0.0,276,138.0,34,34,0,3350,110,0,-0.1914579000000003,-0.09572895000000015,0.030809823578620894,43,3
277,18.370870438550078,3.236953263130758,9.185435219275039,0,0.0,0.0,277,138.5,34,34,0,3360,110,0,-0.19194970000000028,-0.09597485000000014,0.03236953263130758,43,3
278,18.370870438550078,3.236953263130758,9.185435219275039,0,0.0,0.0,278,139.0,35,35,0,3370,110,0,-0.19244150000000027,-0.09622075000000013,0.03236953263130758,43,3
279,18.370870438550078,3.236953263130758,9.185435219275039,0,0.0,0.0,279,139.5,35,35,0,3380,110,0,-0.19293330000000028,-0.09646665000000014,0.03236953263130758,43,3
280,18.370870438550078,3.236953263130758,9.185435219275039,0,0.0,0.0,280,140.0,35,35,0,3390,110,0,-0.1934251000000003,-0.09671255000000015,0.03236953263130758,43,3
281,18.370870438550078,3.236953263130758,9.185435219275039,0,0.0,0.0,281,140.5,35,35,0,3400,110,0,-0.19391690000000028,-0.09695845000000014,0.03236953263130758,43,3
282,18.370870438550078,3.236953263130758,9.185435219275039,0,0.0,0.0,282,141.0,35,35,0,3410,110,0,-0.19440870000000027,-0.09720435000000013,0.03236953263130758,43,3
283,18.370870438550078,3.236953263130758,9.185435219275039,0,0.0,0.0,283,141.5,35,35,0,3420,110,0,-0.19490050000000028,-0.09745025000000014,0.03236953263130758,43,3
284,18.370870438550078,3.236953263130758,9.185435219275039,0,0.0,0.0,284,142.0,35,35,0,3430,110,0,-0.1953923000000003,-0.09769615000000015,0.03236953263130758,43,3
285,18.370870438550078,3.236953263130758,9.185435219275039,0,0.0,0.0,285,142.5,35,35,0,3440,110,0,-0.19588410000000028,-0.09794205000000014,0.03236953263130758,43,3
286,18.370870438550078,3.236953263130758,9.185435219275039,0,0.0,0.0,286,143.0,35,35,0,3450,110,0,-0.19637590000000027,-0.09818795000000013,0.03236953263130758,43,3
287,18.370870438550078,3.236953263130758,9.185435219275039,0,0.0,0.0,287,143.5,35,35,0,3460,110,0,-0.19686770000000028,-0.09843385000000014,0.03236953263130758,43,3
288,18.370870438550078,3.236953263130758,9.185435219275039,0,0.0,0.0,288,144.0,35,35,0,3470,110,0,-0.1973595000000003,-0.09867975000000015,0.03236953263130758,43,3
289,18.370870438550078,3.236953263130758,9.185435219275039,0,0.0,0.0,289,144.5,35,35,0,3480,110,0,-0.19785130000000029,-0.09892565000000014,0.03236953263130758,43,3
290,18.370870438550078,3.236953263130758,9.185435219275039,0,0.0,0.0,290,145.0,35,35,0,3490,110,0,-0.19834310000000027,-0.09917155000000014,0.03236953263130758,43,3
291,18.370870438550078,3.236953263130758,9.185435219275039,0,0.0,0.0,291,145.5,35,35,0,3500,110,0,-0.1988349000000003,-0.09941745000000014,0.03236953263130758,43,3
292,18.370870438550078,3.236953263130758,9.185435219275039,0,0.0,0.0,292,146.0,35,35,0,3510,112,0,-0.1993267000000003,-0.09966335000000015,0.03236953263130758,43,3
293,18.370870438550078,3.236953263130758,9.185435219275039,0,0.0,0.0,293,146.5,35,35,0,3520,114,0,-0.1998185000000003,-0.09990925000000014,0.03236953263130758,43,3
294,18.370870438550078,3.236953263130758,9.185435219275039,0,0.0,0.0,294,147.0,35,35,0,3530,116,0,-0.20031030000000027,-0.10015515000000014,0.03236953263130758,43,3
295,18.370870438550078,3.236953263130758,9.185435219275039,0,0.0,0.0,295,147.5,35,35,0,3540,116,0,-0.2008021000000003,-0.10040105000000014,0.03236953263130758,43,3
296,18.370870438550078,3.236953263130758,9.185435219275039,0,0.0,0.0,296,148.0,35,35,0,3550,116,0,-0.2008021000000003,-0.10040105000000014,0.03236953263130758,43,3
297,18.370870438550078,3.236953263130758,9.185435219275039,0,0.0,0.0,297,148.5,36,36,0,3560,116,0,-0.2008021000000003,-0.10040105000000014,0.03236953263130758,43,3
298,18.370870438550078,3.236953263130758,9.185435219275039,0,0.0,0.0,298,149.0,36,36,0,3570,118,0,-0.2008021000000003,-0.10040105000000014,0.03236953263130758,43,3
299,18.370870438550078,3.236953263130758,9.185435219275039,0,0.0,0.0,299,149.5,36,36,0,3580,118,0,-0.2008021000000003,-0.10040105000000014,0.03236953263130758,43,3
300,18.370870438550078,3.236953263130758,9.185435219275039,0,0.0,0.0,300,150.0,36,36,0,3590,118,0,-0.2008021000000003,-0.10040105000000014,0.03236953263130758,43,3
301,19.256061252242198,3.3929241683994262,9.628030626121099,0,0.0,0.0,301,150.5,36,36,0,3600,118,0,-0.2012939000000003,-0.10064695000000015,0.03392924168399426,43,3
302,19.256061252242198,3.3929241683994262,9.628030626121099,0,0.0,0.0,302,151.0,36,36,0,3610,118,0,-0.2017857000000003,-0.10089285000000014,0.03392924168399426,43,3
303,19.256061252242198,3.3929241683994262,9.628030626121099,0,0.0,0.0,303,151.5,36,36,0,3620,118,0,-0.20227750000000028,-0.10113875000000014,0.03392924168399426,43,3
304,19.256061252242198,3.3929241683994262,9.628030626121099,0,0.0,0.0,304,152.0,36,36,0,3630,118,0,-0.2027693000000003,-0.10138465000000015,0.03392924168399426,43,3
305,19.256061252242198,3.3929241683994262,9.628030626121099,0,0.0,0.0,305,152.5,36,36,0,3640,118,0,-0.2032611000000003,-0.10163055000000015,0.03392924168399426,43,3
306,19.256061252242198,3.3929241683994262,9.628030626121099,0,0.0,0.0,306,153.0,36,36,0,3650,118,0,-0.2037529000000003,-0.10187645000000015,0.03392924168399426,43,3
307,19.256061252242198,3.3929241683994262,9.628030626121099,0,0.0,0.0,307,153.5,36,36,0,3660,118,0,-0.20424470000000028,-0.10212235000000014,0.03392924168399426,43,3
308,19.256061252242198,3.3929241683994262,9.628030626121099,0,0.0,0.0,308,154.0,36,36,0,3670,118,0,-0.2047365000000003,-0.10236825000000015,0.03392924168399426,43,3
309,19.256061252242198,3.3929241683994262,9.628030626121099,0,0.0,0.0,309,154.5,36,36,0,3680,118,0,-0.2052283000000003,-0.10261415000000015,0.03392924168399426,43,3
310,19.256061252242198,3.3929241683994262,9.628030626121099,0,0.0,0.0,310,155.0,36,36,0,3690,120,0,-0.2057201000000003,-0.10286005000000015,0.03392924168399426,43,3
311,19.256061252242198,3.3929241683994262,9.628030626121099,0,0.0,0.0,311,155.5,36,36,0,3700,120,0,-0.20621190000000028,-0.10310595000000014,0.03392924168399426,43,3
312,19.256061252242198,3.3929241683994262,9.628030626121099,0,0.0,0.0,312,156.0,36,36,0,3710,122,0,-0.2067037000000003,-0.10335185000000015,0.03392924168399426,43,3
313,19.256061252242198,3.3929241683994262,9.628030626121099,0,0.0,0.0,313,156.5,36,36,0,3720,122,0,-0.2071955000000003,-0.10359775000000015,0.03392924168399426,43,3
314,19.256061252242198,3.3929241683994262,9.628030626121099,0,0.0,0.0,314,157.0,36,36,0,3730,122,0,-0.2076873000000003,-0.10384365000000015,0.03392924168399426,43,3
315,19.256061252242198,3.3929241683994262,9.628030626121099,0,0.0,0.0,315,157.5,36,36,0,3740,122,0,-0.20817910000000028,-0.10408955000000014,0.03392924168399426,43,3
316,19.256061252242198,3.3929241683994262,9.628030626121099,0,0.0,0.0,316,158.0,36,36,0,3750,122,0,-0.2086709000000003,-0.10433545000000015,0.03392924168399426,43,3
317,19.256061252242198,3.3929241683994262,9.628030626121099,0,0.0,0.0,317,158.5,36,36,0,3760,122,0,-0.2091627000000003,-0.10458135000000016,0.03392924168399426,43,3
318,19.256061252242198,3.3929241683994262,9.628030626121099,0,0.0,0.0,318,159.0,36,36,0,3770,122,0,-0.2096545000000003,-0.10482725000000015,0.03392924168399426,43,3
319,19.256061252242198,3.3929241683994262,9.628030626121099,0,0.0,0.0,319,159.5,36,36,0,3780,124,0,-0.21014630000000029,-0.10507315000000014,0.03392924168399426,43,3
320,19.256061252242198,3.3929241683994262,9.628030626121099,0,0.0,0.0,320,160.0,36,36,0,3790,126,0,-0.21014630000000029,-0.10507315000000014,0.03392924168399426,43,3
321,19.256061252242198,3.3929241683994262,9.628030626121099,0,0.0,0.0,321,160.5,37,37,0,3800,126,0,-0.21014630000000029,-0.10507315000000014,0.03392924168399426,43,3
322,19.256061252242198,3.3929241683994262,9.628030626121099,0,0.0,0.0,322,161.0,37,37,0,3810,126,0,-0.21014630000000029,-0.10507315000000014,0.03392924168399426,43,3
323,20.14125206593432,3.5488950736680955,10.07062603296716,0,0.0,0.0,323,161.5,37,37,0,3820,128,0,-0.2106381000000003,-0.10531905000000015,0.03548895073668096,43,3
324,20.14125206593432,3.5488950736680955,10.07062603296716,0,0.0,0.0,324,162.0,37,37,0,3830,128,0,-0.21112990000000031,-0.10556495000000016,0.03548895073668096,43,3
325,20.14125206593432,3.5488950736680955,10.07062603296716,0,0.0,0.0,325,162.5,37,37,0,3840,128,0,-0.2116217000000003,-0.10581085000000015,0.03548895073668096,43,3
326,20.92556677790491,3.6870915774607065,10.462783388952454,0,0.0,0.0,326,163.0,37,37,0,3850,128,0,-0.21260370000000028,-0.10630185000000014,0.03687091577460706,43,3
327,20.92556677790491,3.6870915774607065,10.462783388952454,0,0.0,0.0,327,163.5,37,37,0,3860,128,0,-0.2135857000000003,-0.10679285000000015,0.03687091577460706,43,3
328,20.92556677790491,3.6870915774607065,10.462783388952454,0,0.0,0.0,328,164.0,37,37,0,3870,128,0,-0.2145677000000003,-0.10728385000000015,0.03687091577460706,43,3
329,20.92556677790491,3.6870915774607065,10.462783388952454,0,0.0,0.0,329,164.5,37,37,0,3880,130,0,-0.2155497000000003,-0.10777485000000014,0.03687091577460706,43,3
330,20.92556677790491,3.6870915774607065,10.462783388952454,0,0.0,0.0,330,165.0,37,37,0,3890,130,0,-0.21653170000000027,-0.10826585000000014,0.03687091577460706,43,3
331,20.92556677790491,3.6870915774607065,10.462783388952454,0,0.0,0.0,331,165.5,37,37,0,3900,130,0,-0.21751370000000028,-0.10875685000000014,0.03687091577460706,43,3
332,20.92556677790491,3.6870915774607065,10.462783388952454,0,0.0,0.0,332,166.0,37,37,0,3910,132,0,-0.2184957000000003,-0.10924785000000015,0.03687091577460706,43,3
333,20.92556677790491,3.6870915774607065,10.462783388952454,0,0.0,0.0,333,166.5,37,37,0,3920,132,0,-0.21947770000000028,-0.10973885000000014,0.03687091577460706,43,3
334,20.92556677790491,3.6032940416093266,10.462783388952454,0,0.0,0.0,334,167.0,37,37,0,3930,132,0,-0.22045970000000026,-0.11022985000000013,0.03603294041609327,44,4
335,20.92556677790491,3.6032940416093266,10.462783388952454,0,0.0,0.0,335,167.5,37,37,0,3940,134,0,-0.22144170000000027,-0.11072085000000013,0.03603294041609327,44,4
336,20.92556677790491,3.6032940416093266,10.462783388952454,0,0.0,0.0,336,168.0,37,37,0,3950,134,0,-0.22242370000000028,-0.11121185000000014,0.03603294041609327,44,4
337,20.92556677790491,3.6032940416093266,10.462783388952454,0,0.0,0.0,337,168.5,37,37,0,3960,134,0,-0.22340570000000026,-0.11170285000000013,0.03603294041609327,44,4
338,20.92556677790491,3.6032940416093266,10.462783388952454,0,0.0,0.0,338,169.0,37,37,0,3970,134,0,-0.22438770000000025,-0.11219385000000012,0.03603294041609327,44,4
339,20.92556677790491,3.6032940416093266,10.462783388952454,0,0.0,0.0,339,169.5,37,37,0,3980,134,0,-0.22536970000000023,-0.11268485000000011,0.03603294041609327,44,4
340,20.92556677790491,3.6032940416093266,10.462783388952454,0,0.0,0.0,340,170.0,37,37,0,3990,134,0,-0.2263517000000002,-0.1131758500000001,0.03603294041609327,44,4
341,20.92556677790491,3.6032940416093266,10.462783388952454,0,0.0,0.0,341,170.5,37,37,0,4000,134,0,-0.2273337000000002,-0.1136668500000001,0.03603294041609327,44,4
342,20.92556677790491,3.6032940416093266,10.462783388952454,0,0.0,0.0,342,171.0,37,37,0,4010,134,0,-0.2278239000000002,-0.1139119500000001,0.03603294041609327,44,4
343,20.92556677790491,3.6032940416093266,10.462783388952454,0,0.0,0.0,343,171.5,38,38,0,4020,134,0,-0.2278239000000002,-0.1139119500000001,0.03603294041609327,44,4
344,20.92556677790491,3.6032940416093266,10.462783388952454,0,0.0,0.0,344,172.0,39,39,0,4030,134,0,-0.2278239000000002,-0.1139119500000001,0.03603294041609327,44,4
345,20.92556677790491,3.6032940416093266,10.462783388952454,0,0.0,0.0,345,172.5,39,39,0,4040,136,0,-0.2278239000000002,-0.1139119500000001,0.03603294041609327,44,4
346,21.686400220330967,3.734306340528067,10.843200110165483,0,0.0,0.0,346,173.0,39,39,0,4050,136,0,-0.22829940000000015,-0.11414970000000008,0.03734306340528067,44,4
347,21.686400220330967,3.734306340528067,10.843200110165483,0,0.0,0.0,347,173.5,39,39,0,4060,136,0,-0.22877490000000017,-0.11438745000000008,0.03734306340528067,44,4
348,21.686400220330967,3.734306340528067,10.843200110165483,0,0.0,0.0,348,174.0,39,39,0,4070,136,0,-0.22925040000000013,-0.11462520000000007,0.03734306340528067,44,4
349,21.686400220330967,3.734306340528067,10.843200110165483,0,0.0,0.0,349,174.5,39,39,0,4080,138,0,-0.22972590000000015,-0.11486295000000007,0.03734306340528067,44,4
350,21.686400220330967,3.734306340528067,10.843200110165483,0,0.0,0.0,350,175.0,39,39,0,4090,138,0,-0.2302014000000001,-0.11510070000000006,0.03734306340528067,44,4
351,21.686400220330967,3.734306340528067,10.843200110165483,0,0.0,0.0,351,175.5,39,39,0,4100,140,0,-0.23067690000000013,-0.11533845000000006,0.03734306340528067,44,4
352,21.686400220330967,3.734306340528067,10.843200110165483,0,0.0,0.0,352,176.0,39,39,0,4110,140,0,-0.2311524000000001,-0.11557620000000005,0.03734306340528067,44,4
353,21.686400220330967,3.734306340528067,10.843200110165483,0,0.0,0.0,353,176.5,39,39,0,4120,140,0,-0.2316279000000001,-0.11581395000000005,0.03734306340528067,44,4
354,21.686400220330967,3.734306340528067,10.843200110165483,0,0.0,0.0,354,177.0,39,39,0,4130,140,0,-0.23210340000000007,-0.11605170000000004,0.03734306340528067,44,4
355,21.686400220330967,3.734306340528067,10.843200110165483,0,0.0,0.0,355,177.5,39,39,0,4140,140,0,-0.2325789000000001,-0.11628945000000004,0.03734306340528067,44,4
356,21.686400220330967,3.734306340528067,10.843200110165483,0,0.0,0.0,356,178.0,39,39,0,4150,140,0,-0.23305440000000005,-0.11652720000000003,0.03734306340528067,44,4
357,21.686400220330967,3.734306340528067,10.843200110165483,0,0.0,0.0,357,178.5,39,39,0,4160,142,0,-0.23352990000000007,-0.11676495000000003,0.03734306340528067,44,4
358,21.686400220330967,3.734306340528067,10.843200110165483,0,0.0,0.0,358,179.0,39,39,0,4170,142,0,-0.23400540000000003,-0.11700270000000002,0.03734306340528067,44,4
359,21.686400220330967,3.734306340528067,10.843200110165483,0,0.0,0.0,359,179.5,39,39,0,4180,142,0,-0.23448090000000005,-0.11724045000000002,0.03734306340528067,44,4
360,21.686400220330967,3.734306340528067,10.843200110165483,0,0.0,0.0,360,180.0,39,39,0,4190,144,0,-0.2349564,-0.1174782,0.03734306340528067,44,4
361,21.686400220330967,3.734306340528067,10.843200110165483,0,0.0,0.0,361,180.5,39,39,0,4200,144,0,-0.23543190000000003,-0.11771595000000001,0.03734306340528067,44,4
362,21.686400220330967,3.734306340528067,10.843200110165483,0,0.0,0.0,362,181.0,39,39,0,4210,144,0,-0.2359074,-0.1179537,0.03734306340528067,44,4
363,21.686400220330967,3.734306340528067,10.843200110165483,0,0.0,0.0,363,181.5,39,39,0,4220,144,0,-0.2359074,-0.1179537,0.03734306340528067,44,4
364,21.686400220330967,3.734306340528067,10.843200110165483,0,0.0,0.0,364,182.0,40,40,0,4230,144,0,-0.2359074,-0.1179537,0.03734306340528067,44,4
365,21.686400220330967,3.734306340528067,10.843200110165483,0,0.0,0.0,365,182.5,40,40,0,4240,144,0,-0.2359074,-0.1179537,0.03734306340528067,44,4
366,22.44723366275702,3.865318639446806,11.22361683137851,0,0.0,0.0,366,183.0,40,40,0,4250,144,0,-0.2363829,-0.11819145,0.03865318639446806,44,4
367,22.44723366275702,3.865318639446806,11.22361683137851,0,0.0,0.0,367,183.5,40,40,0,4260,144,0,-0.23685839999999997,-0.11842919999999998,0.03865318639446806,44,4
368,22.44723366275702,3.865318639446806,11.22361683137851,0,0.0,0.0,368,184.0,40,40,0,4270,144,0,-0.2373339,-0.11866695,0.03865318639446806,44,4
369,22.44723366275702,3.865318639446806,11.22361683137851,0,0.0,0.0,369,184.5,40,40,0,4280,144,0,-0.23780939999999995,-0.11890469999999997,0.03865318639446806,44,4
370,22.44723366275702,3.865318639446806,11.22361683137851,0,0.0,0.0,370,185.0,40,40,0,4290,144,0,-0.23828489999999997,-0.11914244999999998,0.03865318639446806,44,4
371,22.44723366275702,3.865318639446806,11.22361683137851,0,0.0,0.0,371,185.5,40,40,0,4300,144,0,-0.23876039999999993,-0.11938019999999996,0.03865318639446806,44,4
372,22.44723366275702,3.865318639446806,11.22361683137851,0,0.0,0.0,372,186.0,40,40,0,4310,146,0,-0.23923589999999995,-0.11961794999999997,0.03865318639446806,44,4
373,22.44723366275702,3.865318639446806,11.22361683137851,0,0.0,0.0,373,186.5,40,40,0,4320,146,0,-0.2397113999999999,-0.11985569999999995,0.03865318639446806,44,4
374,22.44723366275702,3.865318639446806,11.22361683137851,0,0.0,0.0,374,187.0,40,40,0,4330,148,0,-0.24018689999999993,-0.12009344999999996,0.03865318639446806,44,4
375,22.44723366275702,3.865318639446806,11.22361683137851,0,0.0,0.0,375,187.5,40,40,0,4340,148,0,-0.2406623999999999,-0.12033119999999994,0.03865318639446806,44,4
376,22.44723366275702,3.865318639446806,11.22361683137851,0,0.0,0.0,376,188.0,40,40,0,4350,148,0,-0.2411378999999999,-0.12056894999999995,0.03865318639446806,44,4
377,22.44723366275702,3.865318639446806,11.22361683137851,0,0.0,0.0,377,188.5,40,40,0,4360,148,0,-0.24161339999999987,-0.12080669999999993,0.03865318639446806,44,4
378,23.208067105183076,3.996330938365545,11.604033552591538,0,0.0,0.0,378,189.0,40,40,0,4370,148,0,-0.24256439999999987,-0.12128219999999994,0.03996330938365545,44,4
379,23.208067105183076,3.996330938365545,11.604033552591538,0,0.0,0.0,379,189.5,40,40,0,4380,148,0,-0.24351539999999988,-0.12175769999999994,0.03996330938365545,44,4
380,23.208067105183076,3.996330938365545,11.604033552591538,0,0.0,0.0,380,190.0,40,40,0,4390,152,0,-0.24446639999999986,-0.12223319999999993,0.03996330938365545,44,4
381,23.208067105183076,3.996330938365545,11.604033552591538,0,0.0,0.0,381,190.5,40,40,0,4400,152,0,-0.24541739999999984,-0.12270869999999992,0.03996330938365545,44,4
382,23.208067105183076,3.996330938365545,11.604033552591538,0,0.0,0.0,382,191.0,40,40,0,4410,152,0,-0.24636839999999985,-0.12318419999999992,0.03996330938365545,44,4
383,23.208067105183076,3.996330938365545,11.604033552591538,0,0.0,0.0,383,191.5,40,40,0,4420,152,0,-0.24684389999999984,-0.12342194999999992,0.03996330938365545,44,4
384,23.208067105183076,3.996330938365545,11.604033552591538,0,0.0,0.0,384,192.0,41,41,0,4430,152,0,-0.24731939999999986,-0.12365969999999993,0.03996330938365545,44,4
385,23.208067105183076,3.996330938365545,11.604033552591538,0,0.0,0.0,385,192.5,41,41,0,4440,154,0,-0.24779489999999987,-0.12389744999999994,0.03996330938365545,44,4
386,23.208067105183076,3.996330938365545,11.604033552591538,0,0.0,0.0,386,193.0,41,41,0,4450,154,0,-0.24827039999999986,-0.12413519999999993,0.03996330938365545,44,4
387,23.208067105183076,3.996330938365545,11.604033552591538,0,0.0,0.0,387,193.5,41,41,0,4460,154,0,-0.24874589999999985,-0.12437294999999993,0.03996330938365545,44,4
388,23.208067105183076,3.996330938365545,11.604033552591538,0,0.0,0.0,388,194.0,41,41,0,4470,154,0,-0.24922139999999987,-0.12461069999999994,0.03996330938365545,44,4
389,23.208067105183076,3.996330938365545,11.604033552591538,0,0.0,0.0,389,194.5,41,41,0,4480,154,0,-0.2496968999999999,-0.12484844999999994,0.03996330938365545,44,4
390,23.208067105183076,3.996330938365545,11.604033552591538,0,0.0,0.0,390,195.0,41,41,0,4490,154,0,-0.25017239999999985,-0.12508619999999993,0.03996330938365545,44,4
391,23.208067105183076,3.996330938365545,11.604033552591538,0,0.0,0.0,391,195.5,41,41,0,4500,154,0,-0.25064789999999987,-0.12532394999999993,0.03996330938365545,44,4
392,23.208067105183076,3.996330938365545,11.604033552591538,0,0.0,0.0,392,196.0,41,41,0,4510,156,0,-0.2511233999999999,-0.12556169999999994,0.03996330938365545,44,4
393,23.208067105183076,3.996330938365545,11.604033552591538,0,0.0,0.0,393,196.5,41,41,0,4520,156,0,-0.2515988999999999,-0.12579944999999995,0.03996330938365545,44,4
394,23.208067105183076,3.996330938365545,11.604033552591538,0,0.0,0.0,394,197.0,41,41,0,4530,156,0,-0.2520743999999999,-0.12603719999999996,0.03996330938365545,44,4
395,23.208067105183076,3.996330938365545,11.604033552591538,0,0.0,0.0,395,197.5,41,41,0,4540,156,0,-0.2520743999999999,-0.12603719999999996,0.03996330938365545,44,4
396,23.208067105183076,3.996330938365545,11.604033552591538,0,0.0,0.0,396,198.0,42,42,0,4550,156,0,-0.2520743999999999,-0.12603719999999996,0.03996330938365545,44,4
397,23.208067105183076,3.996330938365545,11.604033552591538,0,0.0,0.0,397,198.5,42,42,0,4560,156,0,-0.2520743999999999,-0.12603719999999996,0.03996330938365545,44,4
398,23.208067105183076,3.996330938365545,11.604033552591538,0,0.0,0.0,398,199.0,42,42,0,4570,156,0,-0.2520743999999999,-0.12603719999999996,0.03996330938365545,44,4
399,23.625434655813844,4.0681998642737724,11.812717327906922,0,0.0,0.0,399,199.5,42,42,0,4580,156,0,-0.2525380999999999,-0.12626904999999994,0.04068199864273773,44,4
400,23.625434655813844,4.0681998642737724,11.812717327906922,0,0.0,0.0,400,200.0,42,42,0,4590,158,0,-0.2530017999999999,-0.12650089999999994,0.04068199864273773,44,4
401,23.625434655813844,4.0681998642737724,11.812717327906922,0,0.0,0.0,401,200.5,42,42,0,4600,158,0,-0.2534654999999999,-0.12673274999999995,0.04068199864273773,44,4
402,23.625434655813844,4.0681998642737724,11.812717327906922,0,0.0,0.0,402,201.0,42,42,0,4610,158,0,-0.25392919999999986,-0.12696459999999993,0.04068199864273773,44,4
403,23.625434655813844,4.0681998642737724,11.812717327906922,0,0.0,0.0,403,201.5,42,42,0,4620,158,0,-0.25439289999999987,-0.12719644999999993,0.04068199864273773,44,4
404,23.625434655813844,4.0681998642737724,11.812717327906922,0,0.0,0.0,404,202.0,42,42,0,4630,160,0,-0.2548565999999999,-0.12742829999999994,0.04068199864273773,44,4
405,23.625434655813844,4.0681998642737724,11.812717327906922,0,0.0,0.0,405,202.5,42,42,0,4640,160,0,-0.2553202999999999,-0.12766014999999994,0.04068199864273773,44,4
406,24.12966303127895,4.155025856621191,12.064831515639476,0,0.0,0.0,406,203.0,42,42,0,4650,160,0,-0.25624239999999987,-0.12812119999999994,0.04155025856621191,44,4
407,24.12966303127895,4.155025856621191,12.064831515639476,0,0.0,0.0,407,203.5,42,42,0,4660,162,0,-0.25716449999999985,-0.12858224999999993,0.04155025856621191,44,4
408,24.12966303127895,4.155025856621191,12.064831515639476,0,0.0,0.0,408,204.0,42,42,0,4670,162,0,-0.25808659999999983,-0.12904329999999992,0.04155025856621191,44,4
409,24.12966303127895,4.155025856621191,12.064831515639476,0,0.0,0.0,409,204.5,42,42,0,4680,162,0,-0.25854499999999986,-0.12927249999999993,0.04155025856621191,44,4
410,24.12966303127895,4.155025856621191,12.064831515639476,0,0.0,0.0,410,205.0,43,43,0,4690,162,0,-0.2590033999999999,-0.12950169999999994,0.04155025856621191,44,4
411,24.12966303127895,4.155025856621191,12.064831515639476,0,0.0,0.0,411,205.5,43,43,0,4700,162,0,-0.25946179999999985,-0.12973089999999993,0.04155025856621191,44,4
412,24.12966303127895,4.155025856621191,12.064831515639476,0,0.0,0.0,412,206.0,43,43,0,4710,164,0,-0.2599201999999998,-0.1299600999999999,0.04155025856621191,44,4
413,24.12966303127895,4.155025856621191,12.064831515639476,0,0.0,0.0,413,206.5,43,43,0,4720,164,0,-0.26037859999999985,-0.13018929999999992,0.04155025856621191,44,4
414,24.12966303127895,4.155025856621191,12.064831515639476,0,0.0,0.0,414,207.0,43,43,0,4730,168,0,-0.2608369999999999,-0.13041849999999994,0.04155025856621191,44,4
415,24.12966303127895,4.155025856621191,12.064831515639476,0,0.0,0.0,415,207.5,43,43,0,4740,168,0,-0.26129539999999984,-0.13064769999999992,0.04155025856621191,44,4
416,25.074269602117443,4.317683110519867,12.537134801058722,0,0.0,0.0,416,208.0,43,43,0,4750,168,0,-0.26225099999999985,-0.13112549999999992,0.04317683110519867,44,4
417,25.074269602117443,4.317683110519867,12.537134801058722,0,0.0,0.0,417,208.5,43,43,0,4760,168,0,-0.26320659999999985,-0.13160329999999992,0.04317683110519867,44,4
418,25.074269602117443,4.317683110519867,12.537134801058722,0,0.0,0.0,418,209.0,43,43,0,4770,168,0,-0.2637037999999998,-0.1318518999999999,0.04317683110519867,44,4
419,25.074269602117443,4.317683110519867,12.537134801058722,0,0.0,0.0,419,209.5,44,44,0,4780,168,0,-0.26420099999999985,-0.13210049999999993,0.04317683110519867,44,4
420,25.074269602117443,4.317683110519867,12.537134801058722,0,0.0,0.0,420,210.0,44,44,0,4790,168,0,-0.2646981999999999,-0.13234909999999994,0.04317683110519867,44,4
421,25.074269602117443,4.317683110519867,12.537134801058722,0,0.0,0.0,421,210.5,44,44,0,4800,170,0,-0.26519539999999986,-0.13259769999999993,0.04317683110519867,44,4
422,25.074269602117443,4.317683110519867,12.537134801058722,0,0.0,0.0,422,211.0,44,44,0,4810,170,0,-0.26569259999999983,-0.13284629999999992,0.04317683110519867,44,4
423,25.074269602117443,4.317683110519867,12.537134801058722,0,0.0,0.0,423,211.5,44,44,0,4820,170,0,-0.26618979999999987,-0.13309489999999993,0.04317683110519867,44,4
424,25.074269602117443,4.317683110519867,12.537134801058722,0,0.0,0.0,424,212.0,44,44,0,4830,170,0,-0.2666869999999999,-0.13334349999999995,0.04317683110519867,44,4
425,25.074269602117443,4.317683110519867,12.537134801058722,0,0.0,0.0,425,212.5,44,44,0,4840,170,0,-0.26718419999999987,-0.13359209999999994,0.04317683110519867,44,4
426,25.074269602117443,4.317683110519867,12.537134801058722,0,0.0,0.0,426,213.0,44,44,0,4850,170,0,-0.26768139999999985,-0.13384069999999992,0.04317683110519867,44,4
427,25.074269602117443,4.317683110519867,12.537134801058722,0,0.0,0.0,427,213.5,44,44,0,4860,170,0,-0.2681785999999999,-0.13408929999999994,0.04317683110519867,44,4
428,25.074269602117443,4.317683110519867,12.537134801058722,0,0.0,0.0,428,214.0,44,44,0,4870,170,0,-0.2686757999999999,-0.13433789999999995,0.04317683110519867,44,4
429,25.074269602117443,4.317683110519867,12.537134801058722,0,0.0,0.0,429,214.5,44,44,0,4880,170,0,-0.2691729999999999,-0.13458649999999994,0.04317683110519867,44,4
430,25.074269602117443,4.317683110519867,12.537134801058722,0,0.0,0.0,430,215.0,44,44,0,4890,170,0,-0.26967019999999986,-0.13483509999999993,0.04317683110519867,44,4
431,25.074269602117443,4.317683110519867,12.537134801058722,0,0.0,0.0,431,215.5,44,44,0,4900,172,0,-0.2701673999999999,-0.13508369999999995,0.04317683110519867,44,4
432,25.074269602117443,4.317683110519867,12.537134801058722,0,0.0,0.0,432,216.0,44,44,0,4910,172,0,-0.2706645999999999,-0.13533229999999996,0.04317683110519867,44,4
433,25.074269602117443,4.317683110519867,12.537134801058722,0,0.0,0.0,433,216.5,44,44,0,4920,172,0,-0.2711617999999999,-0.13558089999999995,0.04317683110519867,44,4
434,25.074269602117443,4.317683110519867,12.537134801058722,0,0.0,0.0,434,217.0,44,44,0,4930,172,0,-0.2716589999999999,-0.13582949999999994,0.04317683110519867,44,4
435,25.074269602117443,4.317683110519867,12.537134801058722,0,0.0,0.0,435,217.5,44,44,0,4940,172,0,-0.2721561999999999,-0.13607809999999995,0.04317683110519867,44,4
436,25.074269602117443,4.317683110519867,12.537134801058722,0,0.0,0.0,436,218.0,44,44,0,4950,172,0,-0.2721561999999999,-0.13607809999999995,0.04317683110519867,44,4
437,25.074269602117443,4.317683110519867,12.537134801058722,0,0.0,0.0,437,218.5,45,45,0,4960,172,0,-0.2721561999999999,-0.13607809999999995,0.04317683110519867,44,4
438,25.074269602117443,4.317683110519867,12.537134801058722,0,0.0,0.0,438,219.0,45,45,0,4970,172,0,-0.2721561999999999,-0.13607809999999995,0.04317683110519867,44,4
439,25.074269602117443,4.317683110519867,12.537134801058722,0,0.0,0.0,439,219.5,45,45,0,4980,172,0,-0.2721561999999999,-0.13607809999999995,0.04317683110519867,44,4
440,25.074269602117443,4.317683110519867,12.537134801058722,0,0.0,0.0,440,220.0,45,45,0,4990,172,0,-0.2721561999999999,-0.13607809999999995,0.04317683110519867,44,4
441,25.57849797758255,4.404509102867285,12.789248988791275,0,0.0,0.0,441,220.5,45,45,0,5000,172,0,-0.27261459999999993,-0.13630729999999996,0.04404509102867286,44,4
442,25.949867152263337,4.468457303103257,12.974933576131669,0,0.0,0.0,442,221.0,45,45,0,5010,172,0,-0.2735371999999999,-0.13676859999999996,0.04468457303103257,44,4
443,25.949867152263337,4.468457303103257,12.974933576131669,0,0.0,0.0,443,221.5,45,45,0,5020,172,0,-0.2744597999999999,-0.13722989999999996,0.04468457303103257,44,4
444,25.949867152263337,4.468457303103257,12.974933576131669,0,0.0,0.0,444,222.0,45,45,0,5030,172,0,-0.2753823999999999,-0.13769119999999996,0.04468457303103257,44,4
445,25.949867152263337,4.468457303103257,12.974933576131669,0,0.0,0.0,445,222.5,45,45,0,5040,174,0,-0.2763049999999999,-0.13815249999999996,0.04468457303103257,44,4
446,25.949867152263337,4.468457303103257,12.974933576131669,0,0.0,0.0,446,223.0,45,45,0,5050,174,0,-0.2772275999999999,-0.13861379999999995,0.04468457303103257,44,4
447,25.949867152263337,4.468457303103257,12.974933576131669,0,0.0,0.0,447,223.5,45,45,0,5060,174,0,-0.2781501999999999,-0.13907509999999995,0.04468457303103257,44,4
448,25.949867152263337,4.468457303103257,12.974933576131669,0,0.0,0.0,448,224.0,45,45,0,5070,174,0,-0.2790727999999999,-0.13953639999999995,0.04468457303103257,44,4
449,25.949867152263337,4.468457303103257,12.974933576131669,0,0.0,0.0,449,224.5,45,45,0,5080,176,0,-0.2799953999999999,-0.13999769999999995,0.04468457303103257,44,4
450,25.949867152263337,4.468457303103257,12.974933576131669,0,0.0,0.0,450,225.0,45,45,0,5090,176,0,-0.2809179999999999,-0.14045899999999995,0.04468457303103257,44,4
451,25.949867152263337,4.468457303103257,12.974933576131669,0,0.0,0.0,451,225.5,45,45,0,5100,178,0,-0.28137639999999986,-0.14068819999999993,0.04468457303103257,44,4
452,25.949867152263337,4.468457303103257,12.974933576131669,0,0.0,0.0,452,226.0,46,46,0,5110,178,0,-0.28183479999999983,-0.14091739999999991,0.04468457303103257,44,4
453,25.949867152263337,4.468457303103257,12.974933576131669,0,0.0,0.0,453,226.5,46,46,0,5120,178,0,-0.28183479999999983,-0.14091739999999991,0.04468457303103257,44,4
454,25.949867152263337,4.468457303103257,12.974933576131669,0,0.0,0.0,454,227.0,47,47,0,5130,178,0,-0.28183479999999983,-0.14091739999999991,0.04468457303103257,44,4
455,25.949867152263337,4.468457303103257,12.974933576131669,0,0.0,0.0,455,227.5,47,47,0,5140,178,0,-0.28183479999999983,-0.14091739999999991,0.04468457303103257,44,4
456,26.32123632694413,4.532405503339229,13.160618163472066,0,0.0,0.0,456,228.0,47,47,0,5150,178,0,-0.28229899999999986,-0.14114949999999993,0.04532405503339229,44,4
457,26.32123632694413,4.532405503339229,13.160618163472066,0,0.0,0.0,457,228.5,47,47,0,5160,178,0,-0.2827631999999999,-0.14138159999999994,0.04532405503339229,44,4
458,26.32123632694413,4.532405503339229,13.160618163472066,0,0.0,0.0,458,229.0,47,47,0,5170,178,0,-0.28322739999999985,-0.14161369999999993,0.04532405503339229,44,4
459,26.32123632694413,4.532405503339229,13.160618163472066,0,0.0,0.0,459,229.5,47,47,0,5180,182,0,-0.2836915999999998,-0.1418457999999999,0.04532405503339229,44,4
460,26.32123632694413,4.532405503339229,13.160618163472066,0,0.0,0.0,460,230.0,47,47,0,5190,182,0,-0.28415579999999985,-0.14207789999999992,0.04532405503339229,44,4
461,26.32123632694413,4.532405503339229,13.160618163472066,0,0.0,0.0,461,230.5,47,47,0,5200,182,0,-0.2846199999999999,-0.14230999999999994,0.04532405503339229,44,4
462,27.082069769370186,4.663417802257968,13.541034884685093,0,0.0,0.0,462,231.0,47,47,0,5210,182,0,-0.28555969999999986,-0.14277984999999993,0.046634178022579686,44,4
463,27.082069769370186,4.663417802257968,13.541034884685093,0,0.0,0.0,463,231.5,47,47,0,5220,182,0,-0.28649939999999985,-0.14324969999999992,0.046634178022579686,44,4
464,27.082069769370186,4.663417802257968,13.541034884685093,0,0.0,0.0,464,232.0,47,47,0,5230,182,0,-0.28743909999999984,-0.14371954999999992,0.046634178022579686,44,4
465,27.082069769370186,4.663417802257968,13.541034884685093,0,0.0,0.0,465,232.5,47,47,0,5240,182,0,-0.2879145999999998,-0.1439572999999999,0.046634178022579686,44,4
466,27.082069769370186,4.559786295541124,13.541034884685093,0,0.0,0.0,466,233.0,48,48,0,5250,182,0,-0.28839009999999976,-0.14419504999999988,0.04559786295541124,45,5
467,27.082069769370186,4.559786295541124,13.541034884685093,0,0.0,0.0,467,233.5,48,48,0,5260,182,0,-0.2888655999999998,-0.1444327999999999,0.04559786295541124,45,5
468,27.082069769370186,4.559786295541124,13.541034884685093,0,0.0,0.0,468,234.0,48,48,0,5270,184,0,-0.2893410999999998,-0.1446705499999999,0.04559786295541124,45,5
469,27.082069769370186,4.559786295541124,13.541034884685093,0,0.0,0.0,469,234.5,48,48,0,5280,184,0,-0.28981659999999976,-0.14490829999999988,0.04559786295541124,45,5
470,27.082069769370186,4.559786295541124,13.541034884685093,0,0.0,0.0,470,235.0,48,48,0,5290,186,0,-0.2902920999999997,-0.14514604999999986,0.04559786295541124,45,5
471,27.082069769370186,4.559786295541124,13.541034884685093,0,0.0,0.0,471,235.5,48,48,0,5300,186,0,-0.29076759999999974,-0.14538379999999987,0.04559786295541124,45,5
472,27.082069769370186,4.559786295541124,13.541034884685093,0,0.0,0.0,472,236.0,48,48,0,5310,186,0,-0.29124309999999975,-0.14562154999999988,0.04559786295541124,45,5
473,27.082069769370186,4.559786295541124,13.541034884685093,0,0.0,0.0,473,236.5,48,48,0,5320,186,0,-0.2917185999999997,-0.14585929999999986,0.04559786295541124,45,5
474,27.082069769370186,4.559786295541124,13.541034884685093,0,0.0,0.0,474,237.0,48,48,0,5330,188,0,-0.2921940999999997,-0.14609704999999984,0.04559786295541124,45,5
475,27.082069769370186,4.559786295541124,13.541034884685093,0,0.0,0.0,475,237.5,48,48,0,5340,188,0,-0.2926695999999997,-0.14633479999999985,0.04559786295541124,45,5
476,27.082069769370186,4.559786295541124,13.541034884685093,0,0.0,0.0,476,238.0,48,48,0,5350,188,0,-0.2931450999999997,-0.14657254999999986,0.04559786295541124,45,5
477,27.73327082329049,4.669428493002194,13.866635411645245,0,0.0,0.0,477,238.5,48,48,0,5360,188,0,-0.2940856999999997,-0.14704284999999984,0.04669428493002194,45,5
478,27.73327082329049,4.669428493002194,13.866635411645245,0,0.0,0.0,478,239.0,48,48,0,5370,188,0,-0.29502629999999963,-0.14751314999999982,0.04669428493002194,45,5
479,27.73327082329049,4.669428493002194,13.866635411645245,0,0.0,0.0,479,239.5,48,48,0,5380,188,0,-0.2954913999999996,-0.1477456999999998,0.04669428493002194,45,5
480,27.73327082329049,4.669428493002194,13.866635411645245,0,0.0,0.0,480,240.0,49,49,0,5390,188,0,-0.2959564999999996,-0.1479782499999998,0.04669428493002194,45,5
481,27.73327082329049,4.669428493002194,13.866635411645245,0,0.0,0.0,481,240.5,49,49,0,5400,188,0,-0.2964215999999996,-0.1482107999999998,0.04669428493002194,45,5
482,27.73327082329049,4.669428493002194,13.866635411645245,0,0.0,0.0,482,241.0,49,49,0,5410,188,0,-0.2968866999999996,-0.1484433499999998,0.04669428493002194,45,5
483,27.73327082329049,4.669428493002194,13.866635411645245,0,0.0,0.0,483,241.5,49,49,0,5420,188,0,-0.2973517999999996,-0.1486758999999998,0.04669428493002194,45,5
484,28.384471877210792,4.7790706904632625,14.192235938605396,0,0.0,0.0,484,242.0,49,49,0,5430,188,0,-0.2982819999999996,-0.1491409999999998,0.04779070690463263,45,5
485,28.384471877210792,4.7790706904632625,14.192235938605396,0,0.0,0.0,485,242.5,49,49,0,5440,190,0,-0.2992121999999996,-0.1496060999999998,0.04779070690463263,45,5
486,28.384471877210792,4.7790706904632625,14.192235938605396,0,0.0,0.0,486,243.0,49,49,0,5450,192,0,-0.3001423999999996,-0.1500711999999998,0.04779070690463263,45,5
487,28.384471877210792,4.7790706904632625,14.192235938605396,0,0.0,0.0,487,243.5,49,49,0,5460,192,0,-0.3010725999999996,-0.1505362999999998,0.04779070690463263,45,5
488,28.384471877210792,4.7790706904632625,14.192235938605396,0,0.0,0.0,488,244.0,49,49,0,5470,192,0,-0.30200279999999957,-0.15100139999999979,0.04779070690463263,45,5
489,28.384471877210792,4.7790706904632625,14.192235938605396,0,0.0,0.0,489,244.5,49,49,0,5480,194,0,-0.30293299999999956,-0.15146649999999978,0.04779070690463263,45,5
490,28.384471877210792,4.7790706904632625,14.192235938605396,0,0.0,0.0,490,245.0,49,49,0,5490,194,0,-0.30386319999999956,-0.15193159999999978,0.04779070690463263,45,5
491,28.384471877210792,4.7790706904632625,14.192235938605396,0,0.0,0.0,491,245.5,49,49,0,5500,196,0,-0.30479339999999955,-0.15239669999999977,0.04779070690463263,45,5
492,28.384471877210792,4.7790706904632625,14.192235938605396,0,0.0,0.0,492,246.0,49,49,0,5510,196,0,-0.30525849999999954,-0.15262924999999977,0.04779070690463263,45,5
493,28.384471877210792,4.7790706904632625,14.192235938605396,0,0.0,0.0,493,246.5,50,50,0,5520,198,0,-0.30572359999999954,-0.15286179999999977,0.04779070690463263,45,5
494,28.384471877210792,4.7790706904632625,14.192235938605396,0,0.0,0.0,494,247.0,50,50,0,5530,200,0,-0.30618869999999954,-0.15309434999999977,0.04779070690463263,45,5
495,28.384471877210792,4.7790706904632625,14.192235938605396,0,0.0,0.0,495,247.5,50,50,0,5540,200,0,-0.30665379999999953,-0.15332689999999977,0.04779070690463263,45,5
496,28.384471877210792,4.7790706904632625,14.192235938605396,0,0.0,0.0,496,248.0,50,50,0,5550,200,0,-0.30711889999999953,-0.15355944999999976,0.04779070690463263,45,5
497,28.384471877210792,4.7790706904632625,14.192235938605396,0,0.0,0.0,497,248.5,50,50,0,5560,200,0,-0.3075839999999995,-0.15379199999999976,0.04779070690463263,45,5
498,28.384471877210792,4.7790706904632625,14.192235938605396,0,0.0,0.0,498,249.0,50,50,0,5570,202,0,-0.3080490999999995,-0.15402454999999976,0.04779070690463263,45,5
499,28.384471877210792,4.7790706904632625,14.192235938605396,0,0.0,0.0,499,249.5,50,50,0,5580,202,0,-0.3080490999999995,-0.15402454999999976,0.04779070690463263,45,5
500,28.384471877210792,4.7790706904632625,14.192235938605396,0,0.0,0.0,500,250.0,51,51,0,5590,202,0,-0.3080490999999995,-0.15402454999999976,0.04779070690463263,45,5
501,28.384471877210792,4.7790706904632625,14.192235938605396,0,0.0,0.0,501,250.5,51,51,0,5600,202,0,-0.3080490999999995,-0.15402454999999976,0.04779070690463263,45,5
502,29.272989441848335,4.928669677877586,14.636494720924167,0,0.0,0.0,502,251.0,51,51,0,5610,202,0,-0.3089887999999995,-0.15449439999999975,0.04928669677877586,45,5
503,29.272989441848335,4.928669677877586,14.636494720924167,0,0.0,0.0,503,251.5,51,51,0,5620,202,0,-0.3099284999999995,-0.15496424999999975,0.04928669677877586,45,5
504,29.272989441848335,4.928669677877586,14.636494720924167,0,0.0,0.0,504,252.0,51,51,0,5630,202,0,-0.3108681999999995,-0.15543409999999974,0.04928669677877586,45,5
505,29.272989441848335,4.928669677877586,14.636494720924167,0,0.0,0.0,505,252.5,51,51,0,5640,202,0,-0.31180789999999947,-0.15590394999999974,0.04928669677877586,45,5
506,29.272989441848335,4.928669677877586,14.636494720924167,0,0.0,0.0,506,253.0,51,51,0,5650,202,0,-0.31274759999999946,-0.15637379999999973,0.04928669677877586,45,5
507,29.272989441848335,4.928669677877586,14.636494720924167,0,0.0,0.0,507,253.5,51,51,0,5660,202,0,-0.31368729999999945,-0.15684364999999972,0.04928669677877586,45,5
508,29.272989441848335,4.928669677877586,14.636494720924167,0,0.0,0.0,508,254.0,51,51,0,5670,204,0,-0.31415239999999944,-0.15707619999999972,0.04928669677877586,45,5
509,29.272989441848335,4.928669677877586,14.636494720924167,1,0.002,0.5,509,254.5,52,52,0,5680,204,0,-2.3146174999999993,-1.1573087499999997,0.05128669677877586,45,5
510,29.272989441848335,4.928669677877586,14.636494720924167,2,0.004,1.0,510,255.0,52,52,0,5690,204,0,-4.315082599999999,-2.1575412999999997,0.05328669677877586,45,5
511,29.272989441848335,4.928669677877586,14.636494720924167,3,0.006,1.5,511,255.5,52,52,0,5700,206,0,-6.3155477,-3.15777385,0.05528669677877586,45,5
512,29.272989441848335,4.928669677877586,14.636494720924167,4,0.008,2.0,512,256.0,52,52,0,5710,206,0,-8.3160128,-4.1580064,0.05728669677877586,45,5
513,29.272989441848335,4.928669677877586,14.636494720924167,5,0.01,2.5,513,256.5,52,52,0,5720,208,0,-10.316477899999999,-5.158238949999999,0.05928669677877586,45,5
514,29.272989441848335,4.928669677877586,14.636494720924167,6,0.012,3.0,514,257.0,52,52,0,5730,208,0,-12.316942999999998,-6.158471499999999,0.061286696778775865,45,5
515,29.272989441848335,4.928669677877586,14.636494720924167,7,0.014,3.5,515,257.5,52,52,0,5740,208,0,-14.317408099999998,-7.158704049999999,0.06328669677877587,45,5
516,29.272989441848335,4.928669677877586,14.636494720924167,8,0.016,4.0,516,258.0,52,52,0,5750,208,0,-16.317873199999998,-8.158936599999999,0.06528669677877585,45,5
517,30.158180255540458,5.0777085429120925,15.079090127770229,9,0.018,4.5,517,258.5,52,52,0,5760,208,0,-18.318365,-9.1591825,0.06877708542912092,45,5
518,30.158180255540458,5.0777085429120925,15.079090127770229,10,0.02,5.0,518,259.0,53,53,0,5770,210,0,-20.3188568,-10.1594284,0.07077708542912092,45,5
519,30.158180255540458,5.0777085429120925,15.079090127770229,11,0.022,5.5,519,259.5,53,53,0,5780,210,0,-22.319348599999998,-11.159674299999999,0.07277708542912092,45,5
520,31.06066353485138,5.229658926468491,15.53033176742569,12,0.024,6.0,520,260.0,53,53,0,5790,210,0,-24.3203154,-12.1601577,0.07629658926468491,45,5
521,31.06066353485138,5.229658926468491,15.53033176742569,13,0.026,6.5,521,260.5,53,53,0,5800,210,0,-26.3212822,-13.1606411,0.07829658926468491,45,5
522,31.06066353485138,5.229658926468491,15.53033176742569,14,0.028,7.0,522,261.0,53,53,0,5810,210,0,-28.322249,-14.1611245,0.08029658926468491,45,5
523,31.06066353485138,5.229658926468491,15.53033176742569,15,0.03,7.5,523,261.5,53,53,0,5820,212,0,-30.3232158,-15.1616079,0.08229658926468492,45,5
524,31.06066353485138,5.229658926468491,15.53033176742569,16,0.032,8.0,524,262.0,53,53,0,5830,212,0,-32.3241826,-16.1620913,0.08429658926468492,45,5
525,31.06066353485138,5.229658926468491,15.53033176742569,17,0.034,8.5,525,262.5,53,53,0,5840,212,0,-34.3251494,-17.1625747,0.08629658926468492,45,5
526,31.06066353485138,5.229658926468491,15.53033176742569,18,0.036,9.0,526,263.0,53,53,0,5850,212,0,-36.3261162,-18.1630581,0.08829658926468491,45,5
527,31.06066353485138,5.229658926468491,15.53033176742569,19,0.038,9.5,527,263.5,53,53,0,5860,212,0,-38.327083,-19.1635415,0.09029658926468491,45,5
528,31.06066353485138,5.229658926468491,15.53033176742569,20,0.04,10.0,528,264.0,53,53,0,5870,212,0,-40.3280498,-20.1640249,0.09229658926468491,45,5
529,31.06066353485138,5.229658926468491,15.53033176742569,21,0.042,10.5,529,264.5,53,53,0,5880,212,0,-42.3290166,-21.1645083,0.09429658926468491,45,5
530,31.06066353485138,5.229658926468491,15.53033176742569,22,0.044,11.0,530,265.0,53,53,0,5890,212,0,-44.3299834,-22.1649917,0.0962965892646849,45,5
531,31.06066353485138,5.229658926468491,15.53033176742569,23,0.046,11.5,531,265.5,53,53,0,5900,212,0,-46.330950200000004,-23.165475100000002,0.0982965892646849,45,5
532,31.06066353485138,5.229658926468491,15.53033176742569,24,0.048,12.0,532,266.0,53,53,0,5910,212,0,-48.331917000000004,-24.165958500000002,0.1002965892646849,45,5
533,31.06066353485138,5.229658926468491,15.53033176742569,25,0.05,12.5,533,266.5,53,53,0,5920,214,0,-50.332883800000005,-25.166441900000002,0.1022965892646849,45,5
534,31.06066353485138,5.229658926468491,15.53033176742569,26,0.052,13.0,534,267.0,53,53,0,5930,214,0,-52.333850600000005,-26.166925300000003,0.10429658926468491,45,5
535,31.06066353485138,5.229658926468491,15.53033176742569,27,0.054,13.5,535,267.5,53,53,0,5940,214,0,-54.334817400000006,-27.167408700000003,0.10629658926468491,45,5
536,31.06066353485138,5.229658926468491,15.53033176742569,28,0.056,14.0,536,268.0,53,53,0,5950,214,0,-56.335292400000014,-28.167646200000007,0.10829658926468491,45,5
537,31.06066353485138,5.229658926468491,15.53033176742569,29,0.058,14.5,537,268.5,54,54,0,5960,214,0,-58.33576740000001,-29.167883700000004,0.11029658926468491,45,5
538,31.06066353485138,5.229658926468491,15.53033176742569,30,0.06,15.0,538,269.0,54,54,0,5970,216,0,-60.33624240000002,-30.16812120000001,0.11229658926468492,45,5
539,31.06066353485138,5.229658926468491,15.53033176742569,31,0.062,15.5,539,269.5,54,54,0,5980,218,0,-62.33671740000001,-31.168358700000006,0.11429658926468492,45,5
540,31.06066353485138,5.229658926468491,15.53033176742569,32,0.064,16.0,540,270.0,54,54,0,5990,218,0,-64.33671740000003,-32.16835870000001,0.11629658926468492,45,5
541,31.821496977277437,5.357759840966815,15.910748488638719,33,0.066,16.5,541,270.5,55,55,0,6000,218,0,-66.33719290000002,-33.16859645000001,0.11957759840966815,45,5
542,31.821496977277437,5.357759840966815,15.910748488638719,34,0.068,17.0,542,271.0,55,55,0,6010,218,0,-68.33766840000001,-34.168834200000006,0.12157759840966816,45,5
543,32.72398025658836,5.5097102245232135,16.36199012829418,35,0.07,17.5,543,271.5,55,55,0,6020,218,0,-70.33861890000003,-35.169309450000014,0.12509710224523213,45,5
544,32.72398025658836,5.5097102245232135,16.36199012829418,36,0.072,18.0,544,272.0,55,55,0,6030,218,0,-72.33956940000002,-36.16978470000001,0.12709710224523213,45,5
545,32.72398025658836,5.5097102245232135,16.36199012829418,37,0.074,18.5,545,272.5,55,55,0,6040,218,0,-74.34051990000003,-37.170259950000016,0.12909710224523213,45,5
546,32.72398025658836,5.5097102245232135,16.36199012829418,38,0.076,19.0,546,273.0,55,55,0,6050,218,0,-76.34147040000002,-38.17073520000001,0.13109710224523213,45,5
547,32.72398025658836,5.5097102245232135,16.36199012829418,39,0.078,19.5,547,273.5,55,55,0,6060,220,0,-78.34242090000004,-39.17121045000002,0.13309710224523214,45,5
548,32.72398025658836,5.5097102245232135,16.36199012829418,40,0.08,20.0,548,274.0,55,55,0,6070,220,0,-80.34337140000002,-40.17168570000001,0.13509710224523214,45,5
549,32.72398025658836,5.5097102245232135,16.36199012829418,41,0.082,20.5,549,274.5,55,55,0,6080,220,0,-82.34432190000004,-41.17216095000002,0.13709710224523214,45,5
550,32.72398025658836,5.5097102245232135,16.36199012829418,42,0.084,21.0,550,275.0,55,55,0,6090,220,0,-84.34527240000003,-42.172636200000014,0.13909710224523214,45,5
551,32.72398025658836,5.5097102245232135,16.36199012829418,43,0.086,21.5,551,275.5,55,55,0,6100,220,0,-86.34622290000004,-43.17311145000002,0.14109710224523214,45,5
552,32.72398025658836,5.5097102245232135,16.36199012829418,44,0.088,22.0,552,276.0,55,55,0,6110,220,0,-88.34717340000003,-44.173586700000016,0.14309710224523214,45,5
553,32.72398025658836,5.5097102245232135,16.36199012829418,45,0.09,22.5,553,276.5,55,55,0,6120,220,0,-90.34812390000005,-45.174061950000024,0.14509710224523215,45,5
554,32.72398025658836,5.5097102245232135,16.36199012829418,46,0.092,23.0,554,277.0,55,55,0,6130,220,0,-92.34907440000003,-46.17453720000002,0.14709710224523215,45,5
555,32.72398025658836,5.5097102245232135,16.36199012829418,47,0.094,23.5,555,277.5,55,55,0,6140,220,0,-94.35002490000005,-47.175012450000025,0.14909710224523215,45,5
556,32.72398025658836,5.5097102245232135,16.36199012829418,48,0.096,24.0,556,278.0,55,55,0,6150,222,0,-96.35097540000004,-48.17548770000002,0.15109710224523215,45,5
557,32.72398025658836,5.5097102245232135,16.36199012829418,49,0.098,24.5,557,278.5,55,55,0,6160,222,0,-98.35192590000005,-49.17596295000003,0.15309710224523215,45,5
558,32.72398025658836,5.5097102245232135,16.36199012829418,50,0.1,25.0,558,279.0,55,55,0,6170,222,0,-100.35240090000005,-50.176200450000024,0.15509710224523215,45,5
559,32.72398025658836,5.5097102245232135,16.36199012829418,51,0.102,25.5,559,279.5,56,56,0,6180,222,0,-102.35287590000004,-51.17643795000002,0.15709710224523213,45,5
560,32.72398025658836,5.5097102245232135,16.36199012829418,52,0.104,26.0,560,280.0,56,56,0,6190,222,0,-104.35335090000005,-52.176675450000026,0.15909710224523213,45,5
561,32.72398025658836,5.5097102245232135,16.36199012829418,53,0.106,26.5,561,280.5,56,56,0,6200,222,0,-106.35382590000006,-53.17691295000003,0.16109710224523213,45,5
562,32.72398025658836,5.5097102245232135,16.36199012829418,54,0.108,27.0,562,281.0,56,56,0,6210,222,0,-108.35430090000006,-54.17715045000003,0.16309710224523213,45,5
563,33.62646353589929,5.661660608079614,16.813231767949645,55,0.11,27.5,563,281.5,56,56,0,6220,222,0,-110.35477590000005,-55.177387950000025,0.16661660608079615,45,5
564,33.62646353589929,5.661660608079614,16.813231767949645,56,0.112,28.0,564,282.0,57,57,0,6230,222,0,-112.35525090000006,-56.17762545000003,0.16861660608079615,45,5
565,33.62646353589929,5.661660608079614,16.813231767949645,57,0.114,28.5,565,282.5,57,57,0,6240,222,0,-114.35572590000007,-57.17786295000003,0.17061660608079615,45,5
566,34.043831086530055,5.731932446745436,17.021915543265028,58,0.116,29.0,566,283.0,57,57,0,6250,222,0,-116.35666460000006,-58.17833230000003,0.17331932446745435,45,5
567,34.043831086530055,5.731932446745436,17.021915543265028,59,0.118,29.5,567,283.5,57,57,0,6260,222,0,-118.35760330000005,-59.178801650000025,0.17531932446745435,45,5
568,34.043831086530055,5.731932446745436,17.021915543265028,60,0.12,30.0,568,284.0,57,57,0,6270,222,0,-120.35854200000006,-60.17927100000003,0.17731932446745435,45,5
569,34.043831086530055,5.731932446745436,17.021915543265028,61,0.122,30.5,569,284.5,57,57,0,6280,224,0,-122.35948070000006,-61.17974035000003,0.17931932446745436,45,5
570,34.043831086530055,5.731932446745436,17.021915543265028,62,0.124,31.0,570,285.0,57,57,0,6290,226,0,-124.36041940000005,-62.18020970000003,0.18131932446745436,45,5
571,34.043831086530055,5.731932446745436,17.021915543265028,63,0.126,31.5,571,285.5,57,57,0,6300,228,0,-126.36135810000005,-63.18067905000002,0.18331932446745436,45,5
572,34.043831086530055,5.731932446745436,17.021915543265028,64,0.128,32.0,572,286.0,57,57,0,6310,228,0,-128.36229680000005,-64.18114840000003,0.18531932446745436,45,5
573,34.043831086530055,5.731932446745436,17.021915543265028,65,0.13,32.5,573,286.5,57,57,0,6320,230,0,-130.36323550000003,-65.18161775000002,0.18731932446745436,45,5
574,34.043831086530055,5.731932446745436,17.021915543265028,66,0.132,33.0,574,287.0,57,57,0,6330,230,0,-132.36417420000004,-66.18208710000002,0.18931932446745436,45,5
575,34.043831086530055,5.731932446745436,17.021915543265028,67,0.134,33.5,575,287.5,57,57,0,6340,234,0,-134.36511290000004,-67.18255645000002,0.19131932446745437,45,5
576,34.043831086530055,5.731932446745436,17.021915543265028,68,0.136,34.0,576,288.0,57,57,0,6350,234,0,-136.36558790000004,-68.18279395000002,0.19331932446745437,45,5
577,34.043831086530055,5.731932446745436,17.021915543265028,69,0.138,34.5,577,288.5,58,58,0,6360,234,0,-138.36606290000003,-69.18303145000002,0.19531932446745437,45,5
578,34.043831086530055,5.731932446745436,17.021915543265028,70,0.14,35.0,578,289.0,58,58,0,6370,234,0,-140.36653790000003,-70.18326895000001,0.19731932446745437,45,5
579,34.884484923285854,5.873472656809754,17.442242461642927,71,0.142,35.5,579,289.5,58,58,0,6380,236,0,-142.36750740000002,-71.18375370000001,0.20073472656809752,45,5
580,34.884484923285854,5.873472656809754,17.442242461642927,72,0.144,36.0,580,290.0,58,58,0,6390,236,0,-144.36847690000002,-72.18423845000001,0.20273472656809752,45,5
581,34.884484923285854,5.873472656809754,17.442242461642927,73,0.146,36.5,581,290.5,58,58,0,6400,236,0,-146.36944640000002,-73.18472320000001,0.20473472656809752,45,5
582,34.884484923285854,5.873472656809754,17.442242461642927,74,0.148,37.0,582,291.0,58,58,0,6410,236,0,-148.3704159,-74.18520795,0.20673472656809752,45,5
583,34.884484923285854,5.873472656809754,17.442242461642927,75,0.15,37.5,583,291.5,58,58,0,6420,236,0,-150.3709104,-75.1854552,0.20873472656809752,45,5
584,34.884484923285854,5.873472656809754,17.442242461642927,76,0.152,38.0,584,292.0,59,59,0,6430,236,0,-152.37140490000002,-76.18570245000001,0.21073472656809752,45,5
585,34.884484923285854,5.873472656809754,17.442242461642927,77,0.154,38.5,585,292.5,59,59,0,6440,236,0,-154.37189940000002,-77.18594970000001,0.21273472656809753,45,5
586,34.884484923285854,5.873472656809754,17.442242461642927,78,0.156,39.0,586,293.0,59,59,0,6450,236,0,-156.37239390000002,-78.18619695000001,0.21473472656809753,45,5
587,34.884484923285854,5.873472656809754,17.442242461642927,79,0.158,39.5,587,293.5,59,59,0,6460,236,0,-158.37288840000002,-79.18644420000001,0.21673472656809753,45,5
588,34.884484923285854,5.873472656809754,17.442242461642927,80,0.16,40.0,588,294.0,59,59,0,6470,236,0,-160.37338290000002,-80.18669145000001,0.21873472656809753,45,5
589,35.78696820259678,6.025423040366153,17.89348410129839,81,0.162,40.5,589,294.5,59,59,0,6480,236,0,-162.37435240000002,-81.18717620000001,0.22225423040366155,45,5
590,35.78696820259678,6.025423040366153,17.89348410129839,82,0.164,41.0,590,295.0,59,59,0,6490,236,0,-164.37532190000002,-82.18766095000001,0.22425423040366155,45,5
591,35.78696820259678,6.025423040366153,17.89348410129839,83,0.166,41.5,591,295.5,59,59,0,6500,238,0,-166.3762914,-83.1881457,0.22625423040366155,45,5
592,35.78696820259678,6.025423040366153,17.89348410129839,84,0.168,42.0,592,296.0,59,59,0,6510,238,0,-168.3772609,-84.18863045,0.22825423040366155,45,5
593,35.78696820259678,6.025423040366153,17.89348410129839,85,0.17,42.5,593,296.5,59,59,0,6520,238,0,-170.3782304,-85.1891152,0.23025423040366155,45,5
594,35.78696820259678,6.025423040366153,17.89348410129839,86,0.172,43.0,594,297.0,59,59,0,6530,238,0,-172.3791999,-86.18959995,0.23225423040366153,45,5
595,35.78696820259678,6.025423040366153,17.89348410129839,87,0.174,43.5,595,297.5,59,59,0,6540,238,0,-174.3801694,-87.1900847,0.23425423040366153,45,5
596,35.78696820259678,5.8944355829668895,17.89348410129839,88,0.176,44.0,596,298.0,59,59,0,6550,238,0,-176.3811389,-88.19056945,0.23494435582966888,46,6
597,35.78696820259678,5.8944355829668895,17.89348410129839,89,0.178,44.5,597,298.5,59,59,0,6560,238,0,-178.3816139,-89.19080695,0.23694435582966888,46,6
598,35.78696820259678,5.8944355829668895,17.89348410129839,90,0.18,45.0,598,299.0,60,60,0,6570,238,0,-180.38208889999999,-90.19104444999999,0.2389443558296689,46,6
599,35.78696820259678,5.8944355829668895,17.89348410129839,91,0.182,45.5,599,299.5,60,60,0,6580,238,0,-182.38256389999998,-91.19128194999999,0.2409443558296689,46,6
600,35.78696820259678,5.8944355829668895,17.89348410129839,92,0.184,46.0,600,300.0,60,60,0,6590,238,0,-184.38303889999997,-92.19151944999999,0.2429443558296689,46,6
601,35.78696820259678,5.8944355829668895,17.89348410129839,93,0.186,46.5,601,300.5,60,60,0,6600,238,0,-186.38351389999997,-93.19175694999998,0.2449443558296689,46,6
602,35.78696820259678,5.8944355829668895,17.89348410129839,94,0.188,47.0,602,301.0,60,60,0,6610,238,0,-188.38398889999996,-94.19199444999998,0.2469443558296689,46,6
603,35.78696820259678,5.8944355829668895,17.89348410129839,95,0.19,47.5,603,301.5,60,60,0,6620,240,0,-190.38446389999996,-95.19223194999998,0.2489443558296689,46,6
604,35.78696820259678,5.8944355829668895,17.89348410129839,96,0.192,48.0,604,302.0,60,60,0,6630,244,0,-192.38493889999995,-96.19246944999998,0.2509443558296689,46,6
605,35.78696820259678,5.8944355829668895,17.89348410129839,97,0.194,48.5,605,302.5,60,60,0,6640,244,0,-194.38541389999995,-97.19270694999997,0.2529443558296689,46,6
606,35.78696820259678,5.8944355829668895,17.89348410129839,98,0.196,49.0,606,303.0,60,60,0,6650,244,0,-196.38588889999994,-98.19294444999997,0.2549443558296689,46,6
607,35.78696820259678,5.8944355829668895,17.89348410129839,100,0.1997857142857143,50.0,607,303.5,60,60,0,6660,244,0,-200.38636389999994,-100.19318194999997,0.2587300701153832,46,6
608,36.6721590162889,6.040234472674558,18.33607950814445,102,0.20357142857142857,51.0,608,304.0,60,60,0,6670,244,0,-204.38733069999992,-102.19366534999996,0.2639737732981742,46,6
609,36.6721590162889,6.040234472674558,18.33607950814445,104,0.20735714285714288,52.0,609,304.5,60,60,0,6680,244,0,-208.3878224999999,-104.19391124999996,0.26775948758388846,46,6
610,36.6721590162889,6.040234472674558,18.33607950814445,106,0.21114285714285713,53.0,610,305.0,61,61,0,6690,246,0,-212.38831429999993,-106.19415714999997,0.27154520186960274,46,6
611,36.6721590162889,6.040234472674558,18.33607950814445,108,0.2149285714285714,54.0,611,305.5,61,61,0,6700,246,0,-216.38880609999995,-108.19440304999998,0.275330916155317,46,6
612,37.57464229559983,6.18888158702321,18.787321147799915,110,0.2187142857142857,55.0,612,306.0,61,61,0,6710,246,0,-220.38977289999994,-110.19488644999997,0.2806031015845178,46,6
613,37.57464229559983,6.18888158702321,18.787321147799915,112,0.2225,56.0,613,306.5,61,61,0,6720,246,0,-224.39073969999993,-112.19536984999996,0.2843888158702321,46,6
614,37.57464229559983,6.18888158702321,18.787321147799915,114,0.22628571428571428,57.0,614,307.0,61,61,0,6730,246,0,-228.39170649999994,-114.19585324999997,0.2881745301559464,46,6
615,37.57464229559983,6.18888158702321,18.787321147799915,116,0.23007142857142857,58.0,615,307.5,61,61,0,6740,246,0,-232.39267329999996,-116.19633664999998,0.2919602444416607,46,6
616,37.57464229559983,6.18888158702321,18.787321147799915,118,0.23385714285714285,59.0,616,308.0,61,61,0,6750,248,0,-236.39364009999994,-118.19682004999997,0.29574595872737497,46,6
617,37.57464229559983,6.18888158702321,18.787321147799915,120,0.23764285714285716,60.0,617,308.5,61,61,0,6760,248,0,-240.39460689999993,-120.19730344999996,0.29953167301308925,46,6
618,37.57464229559983,6.18888158702321,18.787321147799915,122,0.24142857142857144,61.0,618,309.0,61,61,0,6770,248,0,-244.39557369999994,-122.19778684999997,0.30331738729880353,46,6
619,37.57464229559983,6.18888158702321,18.787321147799915,124,0.24521428571428572,62.0,619,309.5,61,61,0,6780,250,0,-248.39654049999996,-124.19827024999998,0.3071031015845178,46,6
620,37.57464229559983,6.18888158702321,18.787321147799915,126,0.249,63.0,620,310.0,61,61,0,6790,252,0,-252.39750729999994,-126.19875364999997,0.3108888158702321,46,6
621,37.57464229559983,6.18888158702321,18.787321147799915,128,0.2527857142857143,64.0,621,310.5,61,61,0,6800,252,0,-256.39847409999993,-128.19923704999997,0.3146745301559464,46,6
622,37.57464229559983,6.18888158702321,18.787321147799915,130,0.25657142857142856,65.0,622,311.0,61,61,0,6810,252,0,-260.39944089999995,-130.19972044999997,0.31846024444166066,46,6
623,37.57464229559983,6.18888158702321,18.787321147799915,132,0.26035714285714284,66.0,623,311.5,61,61,0,6820,252,0,-264.4004076999999,-132.20020384999995,0.32224595872737494,46,6
624,37.57464229559983,6.18888158702321,18.787321147799915,134,0.2641428571428571,67.0,624,312.0,61,61,0,6830,252,0,-268.40137449999986,-134.20068724999993,0.3260316730130892,46,6
625,37.57464229559983,6.18888158702321,18.787321147799915,136,0.26792857142857146,68.0,625,312.5,61,61,0,6840,254,0,-272.4023412999999,-136.20117064999994,0.32981738729880355,46,6
626,37.57464229559983,6.18888158702321,18.787321147799915,138,0.2717142857142857,69.0,626,313.0,61,61,0,6850,254,0,-276.4033080999999,-138.20165404999995,0.3336031015845178,46,6
627,37.57464229559983,6.18888158702321,18.787321147799915,140,0.27549999999999997,70.0,627,313.5,61,61,0,6860,254,0,-280.4037830999998,-140.2018915499999,0.33738881587023206,46,6
628,37.57464229559983,6.18888158702321,18.787321147799915,142,0.27928571428571425,71.0,628,314.0,62,62,0,6870,254,0,-284.4042580999999,-142.20212904999994,0.34117453015594634,46,6
629,37.57464229559983,6.18888158702321,18.787321147799915,144,0.2830714285714286,72.0,629,314.5,62,62,0,6880,254,0,-288.4047330999998,-144.2023665499999,0.3449602444416607,46,6
630,37.57464229559983,6.18888158702321,18.787321147799915,146,0.28685714285714287,73.0,630,315.0,62,62,0,6890,254,0,-292.40520809999987,-146.20260404999993,0.34874595872737496,46,6
631,37.57464229559983,6.18888158702321,18.787321147799915,148,0.29064285714285715,74.0,631,315.5,62,62,0,6900,254,0,-296.4056830999998,-148.2028415499999,0.35253167301308924,46,6
632,37.57464229559983,6.18888158702321,18.787321147799915,150,0.29442857142857143,75.0,632,316.0,62,62,0,6910,254,0,-300.4056830999998,-150.2028415499999,0.3563173872988035,46,6
633,37.57464229559983,6.18888158702321,18.787321147799915,152,0.2982142857142857,76.0,633,316.5,63,63,0,6920,254,0,-304.4056830999998,-152.2028415499999,0.3601031015845178,46,6
634,37.57464229559983,6.18888158702321,18.787321147799915,154,0.302,77.0,634,317.0,63,63,0,6930,254,0,-308.4056830999998,-154.2028415499999,0.3638888158702321,46,6
635,38.47712557491075,6.337528701371861,19.238562787455376,156,0.30578571428571427,78.0,635,317.5,63,63,0,6940,254,0,-312.40615809999986,-156.20307904999993,0.36916100129943286,46,6
636,38.47712557491075,6.337528701371861,19.238562787455376,158,0.30957142857142855,79.0,636,318.0,63,63,0,6950,254,0,-316.4066330999998,-158.2033165499999,0.37294671558514714,46,6
637,38.47712557491075,6.337528701371861,19.238562787455376,160,0.3133571428571429,80.0,637,318.5,63,63,0,6960,254,0,-320.40710809999985,-160.20355404999992,0.37673242987086153,46,6
638,38.47712557491075,6.337528701371861,19.238562787455376,162,0.31714285714285717,81.0,638,319.0,63,63,0,6970,254,0,-324.4075830999998,-162.2037915499999,0.3805181441565758,46,6
639,38.47712557491075,6.337528701371861,19.238562787455376,164,0.32092857142857145,82.0,639,319.5,63,63,0,6980,254,0,-328.40805809999983,-164.20402904999992,0.3843038584422901,46,6
640,38.47712557491075,6.337528701371861,19.238562787455376,166,0.32471428571428573,83.0,640,320.0,63,63,0,6990,256,0,-332.4085330999998,-166.2042665499999,0.3880895727280044,46,6
641,38.47712557491075,6.337528701371861,19.238562787455376,168,0.3285,84.0,641,320.5,63,63,0,7000,256,0,-336.4090080999998,-168.2045040499999,0.39187528701371865,46,6
642,38.47712557491075,6.337528701371861,19.238562787455376,170,0.3322857142857143,85.0,642,321.0,63,63,0,7010,256,0,-340.40948309999976,-170.20474154999988,0.39566100129943294,46,6
643,38.47712557491075,6.337528701371861,19.238562787455376,172,0.3360714285714286,86.0,643,321.5,63,63,0,7020,256,0,-344.4099580999998,-172.2049790499999,0.3994467155851472,46,6
644,38.47712557491075,6.337528701371861,19.238562787455376,174,0.33985714285714286,87.0,644,322.0,63,63,0,7030,256,0,-348.41043309999975,-174.20521654999988,0.4032324298708615,46,6
645,38.47712557491075,6.337528701371861,19.238562787455376,176,0.34364285714285714,88.0,645,322.5,63,63,0,7040,258,0,-352.4109080999998,-176.2054540499999,0.4070181441565758,46,6
646,38.47712557491075,6.337528701371861,19.238562787455376,178,0.3474285714285714,89.0,646,323.0,63,63,0,7050,258,0,-356.41138309999974,-178.20569154999987,0.41080385844229006,46,6
647,38.47712557491075,6.337528701371861,19.238562787455376,181,0.35321428571428576,90.5,647,323.5,63,63,0,7060,262,0,-364.4118580999998,-182.2059290499999,0.41658957272800434,46,6
648,39.36231638860287,6.483327591079529,19.681158194301435,184,0.35900000000000004,92.0,648,324.0,63,63,0,7070,264,0,-372.41282489999975,-186.20641244999987,0.42383327591079534,46,6
649,39.36231638860287,6.483327591079529,19.681158194301435,187,0.36478571428571427,93.5,649,324.5,63,63,0,7080,266,0,-380.4137916999997,-190.20689584999985,0.42961899019650956,46,6
650,39.36231638860287,6.483327591079529,19.681158194301435,190,0.37057142857142855,95.0,650,325.0,63,63,0,7090,266,0,-388.4147584999997,-194.20737924999986,0.43540470448222385,46,6
651,39.36231638860287,6.483327591079529,19.681158194301435,193,0.37635714285714283,96.5,651,325.5,63,63,0,7100,266,0,-396.41572529999974,-198.20786264999987,0.44119041876793813,46,6
652,39.36231638860287,6.483327591079529,19.681158194301435,196,0.3821428571428571,98.0,652,326.0,63,63,0,7110,268,0,-404.4166920999997,-202.20834604999985,0.4469761330536524,46,6
653,39.36231638860287,6.483327591079529,19.681158194301435,199,0.3879285714285714,99.5,653,326.5,63,63,0,7120,268,0,-412.41765889999965,-206.20882944999983,0.4527618473393667,46,6
654,39.36231638860287,6.483327591079529,19.681158194301435,202,0.3937142857142857,101.0,654,327.0,63,63,0,7130,268,0,-420.41862569999967,-210.20931284999983,0.458547561625081,46,6
655,39.36231638860287,6.483327591079529,19.681158194301435,205,0.39949999999999997,102.5,655,327.5,63,63,0,7140,268,0,-428.41911749999963,-214.20955874999981,0.46433327591079526,46,6
656,39.36231638860287,6.483327591079529,19.681158194301435,208,0.4052857142857143,104.0,656,328.0,64,64,0,7150,268,0,-436.41960929999965,-218.20980464999982,0.4701189901965096,46,6
657,39.36231638860287,6.483327591079529,19.681158194301435,211,0.4110714285714286,105.5,657,328.5,64,64,0,7160,268,0,-444.42010109999967,-222.21005054999983,0.4759047044822239,46,6
658,40.123149831028925,6.608643703088759,20.061574915514463,214,0.41685714285714287,107.0,658,329.0,64,64,0,7170,268,0,-452.4210683999996,-226.2105341999998,0.48294357988803044,46,6
659,40.123149831028925,6.608643703088759,20.061574915514463,217,0.42264285714285715,108.5,659,329.5,64,64,0,7180,268,0,-460.4220356999996,-230.2110178499998,0.4887292941737447,46,6
660,40.123149831028925,6.608643703088759,20.061574915514463,220,0.42842857142857144,110.0,660,330.0,64,64,0,7190,268,0,-468.4230029999996,-234.2115014999998,0.494515008459459,46,6
661,40.123149831028925,6.608643703088759,20.061574915514463,223,0.43421428571428566,111.5,661,330.5,64,64,0,7200,268,0,-476.4239702999996,-238.2119851499998,0.5003007227451732,46,6
662,40.123149831028925,6.608643703088759,20.061574915514463,226,0.43999999999999995,113.0,662,331.0,64,64,0,7210,268,0,-484.42493759999957,-242.21246879999978,0.5060864370308875,46,6
663,40.123149831028925,6.608643703088759,20.061574915514463,229,0.44578571428571423,114.5,663,331.5,64,64,0,7220,268,0,-492.4259048999995,-246.21295244999976,0.5118721513166018,46,6
664,40.123149831028925,6.608643703088759,20.061574915514463,232,0.45157142857142857,116.0,664,332.0,64,64,0,7230,268,0,-500.42687219999954,-250.21343609999977,0.5176578656023162,46,6
665,40.123149831028925,6.608643703088759,20.061574915514463,235,0.45735714285714285,117.5,665,332.5,64,64,0,7240,268,0,-508.42783949999955,-254.21391974999977,0.5234435798880305,46,6
666,40.123149831028925,6.608643703088759,20.061574915514463,238,0.46314285714285713,119.0,666,333.0,64,64,0,7250,268,0,-516.4288067999996,-258.2144033999998,0.5292292941737448,46,6
667,40.123149831028925,6.608643703088759,20.061574915514463,241,0.4689285714285714,120.5,667,333.5,64,64,0,7260,268,0,-524.4292822999996,-262.2146411499998,0.535015008459459,46,6
668,40.123149831028925,6.608643703088759,20.061574915514463,244,0.4747142857142857,122.0,668,334.0,65,65,0,7270,268,0,-532.4297577999996,-266.2148788999998,0.5408007227451733,46,6
669,40.123149831028925,6.608643703088759,20.061574915514463,247,0.4805,123.5,669,334.5,65,65,0,7280,268,0,-540.4302332999996,-270.2151166499998,0.5465864370308876,46,6
670,40.123149831028925,6.608643703088759,20.061574915514463,250,0.48628571428571427,125.0,670,335.0,65,65,0,7290,270,0,-548.4307087999996,-274.2153543999998,0.5523721513166019,46,6
671,40.123149831028925,6.608643703088759,20.061574915514463,253,0.4920714285714286,126.5,671,335.5,65,65,0,7300,270,0,-556.4311842999996,-278.2155921499998,0.5581578656023162,46,6
672,40.123149831028925,6.608643703088759,20.061574915514463,256,0.4978571428571429,128.0,672,336.0,65,65,0,7310,272,0,-564.4316597999996,-282.2158298999998,0.5639435798880305,46,6
673,40.123149831028925,6.608643703088759,20.061574915514463,259,0.5036428571428572,129.5,673,336.5,65,65,0,7320,272,0,-572.4321352999996,-286.2160676499998,0.5697292941737447,46,6
674,40.123149831028925,6.608643703088759,20.061574915514463,262,0.5094285714285715,131.0,674,337.0,65,65,0,7330,274,0,-580.4326107999996,-290.2163053999998,0.575515008459459,46,6
675,40.123149831028925,6.608643703088759,20.061574915514463,265,0.5152142857142857,132.5,675,337.5,65,65,0,7340,274,0,-588.4326107999996,-294.2163053999998,0.5813007227451733,46,6
676,40.123149831028925,6.608643703088759,20.061574915514463,268,0.521,134.0,676,338.0,66,66,0,7350,274,0,-596.4326107999996,-298.2163053999998,0.5870864370308876,46,6
677,40.123149831028925,6.608643703088759,20.061574915514463,271,0.5267857142857143,135.5,677,338.5,66,66,0,7360,274,0,-604.4326107999996,-302.2163053999998,0.5928721513166019,46,6
678,40.96380366778473,6.747106952064722,20.481901833892366,274,0.5325714285714286,137.0,678,339.0,66,66,0,7370,274,0,-612.4331052999995,-306.21655264999976,0.6000424980920758,46,6
679,40.96380366778473,6.747106952064722,20.481901833892366,277,0.5383571428571429,138.5,679,339.5,66,66,0,7380,274,0,-620.4335997999995,-310.2167998999997,0.60582821237779,46,6
680,40.96380366778473,6.747106952064722,20.481901833892366,280,0.5441428571428572,140.0,680,340.0,66,66,0,7390,274,0,-628.4340942999995,-314.21704714999976,0.6116139266635043,46,6
681,40.96380366778473,6.747106952064722,20.481901833892366,283,0.5499285714285714,141.5,681,340.5,66,66,0,7400,274,0,-636.4345887999996,-318.2172943999998,0.6173996409492186,46,6
682,40.96380366778473,6.747106952064722,20.481901833892366,286,0.5557142857142857,143.0,682,341.0,66,66,0,7410,276,0,-644.4350832999995,-322.21754164999976,0.6231853552349329,46,6
683,40.96380366778473,6.747106952064722,20.481901833892366,289,0.5615,144.5,683,341.5,66,66,0,7420,276,0,-652.4355777999995,-326.21778889999973,0.6289710695206472,46,6
684,40.96380366778473,6.747106952064722,20.481901833892366,292,0.5672857142857143,146.0,684,342.0,66,66,0,7430,276,0,-660.4360722999995,-330.21803614999976,0.6347567838063615,46,6
685,40.96380366778473,6.747106952064722,20.481901833892366,295,0.5730714285714286,147.5,685,342.5,66,66,0,7440,276,0,-668.4365667999996,-334.2182833999998,0.6405424980920758,46,6
686,41.74811837975531,6.876290640392597,20.874059189877656,298,0.5788571428571428,149.0,686,343.0,66,66,0,7450,276,0,-676.4375514999995,-338.21877574999974,0.6476200492610689,46,6
687,41.74811837975531,6.876290640392597,20.874059189877656,301,0.5846428571428571,150.5,687,343.5,66,66,0,7460,276,0,-684.4385361999996,-342.2192680999998,0.6534057635467831,46,6
688,41.74811837975531,6.876290640392597,20.874059189877656,304,0.5904285714285714,152.0,688,344.0,66,66,0,7470,276,0,-692.4395208999995,-346.21976044999974,0.6591914778324974,46,6
689,41.74811837975531,6.876290640392597,20.874059189877656,307,0.5962142857142857,153.5,689,344.5,66,66,0,7480,276,0,-700.4405055999996,-350.2202527999998,0.6649771921182117,46,6
690,41.74811837975531,6.876290640392597,20.874059189877656,310,0.602,155.0,690,345.0,66,66,0,7490,276,0,-708.4414902999995,-354.22074514999974,0.670762906403926,46,6
691,41.74811837975531,6.876290640392597,20.874059189877656,313,0.6077857142857143,156.5,691,345.5,66,66,0,7500,276,0,-716.4424749999996,-358.2212374999998,0.6765486206896403,46,6
692,41.74811837975531,6.876290640392597,20.874059189877656,316,0.6135714285714285,158.0,692,346.0,66,66,0,7510,276,0,-724.4434596999995,-362.22172984999975,0.6823343349753546,46,6
693,41.74811837975531,6.876290640392597,20.874059189877656,319,0.6193571428571428,159.5,693,346.5,66,66,0,7520,276,0,-732.4444443999996,-366.2222221999998,0.6881200492610688,46,6
694,41.74811837975531,6.876290640392597,20.874059189877656,322,0.6251428571428571,161.0,694,347.0,66,66,0,7530,276,0,-740.4454290999995,-370.22271454999975,0.6939057635467831,46,6
695,41.74811837975531,6.876290640392597,20.874059189877656,325,0.6309285714285714,162.5,695,347.5,66,66,0,7540,278,0,-748.4464137999996,-374.2232068999998,0.6996914778324974,46,6
696,41.74811837975531,6.876290640392597,20.874059189877656,328,0.6367142857142857,164.0,696,348.0,66,66,0,7550,278,0,-756.4469039999996,-378.2234519999998,0.7054771921182117,46,6
697,41.74811837975531,6.876290640392597,20.874059189877656,331,0.6425,165.5,697,348.5,67,67,0,7560,278,0,-764.4473941999995,-382.22369709999975,0.711262906403926,46,6
698,41.74811837975531,6.876290640392597,20.874059189877656,334,0.6482857142857142,167.0,698,349.0,67,67,0,7570,280,0,-772.4478843999996,-386.2239421999998,0.7170486206896403,46,6
699,41.74811837975531,6.876290640392597,20.874059189877656,337,0.6540714285714285,168.5,699,349.5,67,67,0,7580,280,0,-780.4483745999996,-390.2241872999998,0.7228343349753545,46,6
700,41.74811837975531,6.876290640392597,20.874059189877656,340,0.6598571428571428,170.0,700,350.0,67,67,0,7590,280,0,-788.4488647999996,-394.2244323999998,0.7286200492610688,46,6
701,42.16548593038608,6.945034830391772,21.08274296519304,343,0.6656428571428572,171.5,701,350.5,67,67,0,7600,280,0,-796.4498186999996,-398.2249093499998,0.7350932054467749,46,6
702,42.16548593038608,6.945034830391772,21.08274296519304,346,0.6714285714285715,173.0,702,351.0,67,67,0,7610,280,0,-804.4507725999996,-402.2253862999998,0.7408789197324892,46,6
703,42.16548593038608,6.945034830391772,21.08274296519304,349,0.6772142857142858,174.5,703,351.5,67,67,0,7620,280,0,-812.4512362999997,-406.22561814999983,0.7466646340182035,46,6
704,42.16548593038608,6.945034830391772,21.08274296519304,352,0.683,176.0,704,352.0,68,68,0,7630,280,0,-820.4516999999996,-410.2258499999998,0.7524503483039178,46,6
705,42.16548593038608,6.945034830391772,21.08274296519304,355,0.6887857142857143,177.5,705,352.5,68,68,0,7640,282,0,-828.4521636999996,-414.2260818499998,0.758236062589632,46,6
706,42.16548593038608,6.945034830391772,21.08274296519304,358,0.6945714285714286,179.0,706,353.0,68,68,0,7650,282,0,-836.4526273999996,-418.2263136999998,0.7640217768753463,46,6
707,42.16548593038608,6.945034830391772,21.08274296519304,361,0.7003571428571429,180.5,707,353.5,68,68,0,7660,282,0,-844.4530910999997,-422.22654554999986,0.7698074911610606,46,6
708,42.16548593038608,6.945034830391772,21.08274296519304,364,0.7061428571428572,182.0,708,354.0,68,68,0,7670,282,0,-852.4535547999997,-426.22677739999983,0.7755932054467749,46,6
709,42.16548593038608,6.945034830391772,21.08274296519304,367,0.7119285714285715,183.5,709,354.5,68,68,0,7680,282,0,-860.4540184999996,-430.2270092499998,0.7813789197324892,46,6
710,42.16548593038608,6.945034830391772,21.08274296519304,371,0.7195,185.5,710,355.0,68,68,0,7690,282,0,-870.4544821999997,-435.22724109999984,0.7889503483039177,46,6
711,42.16548593038608,6.945034830391772,21.08274296519304,375,0.7270714285714286,187.5,711,355.5,68,68,0,7700,282,0,-880.4544821999997,-440.22724109999984,0.7965217768753463,46,6
712,42.16548593038608,6.945034830391772,21.08274296519304,379,0.7346428571428572,189.5,712,356.0,69,69,0,7710,284,0,-890.4544821999997,-445.22724109999984,0.8040932054467749,46,6
713,42.16548593038608,6.945034830391772,21.08274296519304,383,0.7422142857142857,191.5,713,356.5,69,69,0,7720,284,0,-900.4544821999997,-450.22724109999984,0.8116646340182034,46,6
714,42.16548593038608,6.945034830391772,21.08274296519304,387,0.7497857142857143,193.5,714,357.0,69,69,0,7730,284,0,-910.4544821999997,-455.22724109999984,0.819236062589632,46,6
715,42.16548593038608,6.945034830391772,21.08274296519304,391,0.7573571428571428,195.5,715,357.5,69,69,0,7740,284,0,-920.4544821999997,-460.22724109999984,0.8268074911610606,46,6
716,42.16548593038608,6.945034830391772,21.08274296519304,395,0.7649285714285714,197.5,716,358.0,69,69,0,7750,284,0,-930.4544821999997,-465.22724109999984,0.8343789197324891,46,6
717,42.16548593038608,6.945034830391772,21.08274296519304,399,0.7725,199.5,717,358.5,69,69,0,7760,284,0,-940.4544821999997,-470.22724109999984,0.8419503483039177,46,6
718,42.16548593038608,6.945034830391772,21.08274296519304,403,0.7800714285714285,201.5,718,359.0,69,69,0,7770,284,0,-950.4544821999997,-475.22724109999984,0.8495217768753462,46,6
719,42.16548593038608,6.945034830391772,21.08274296519304,407,0.7876428571428571,203.5,719,359.5,69,69,0,7780,284,0,-960.4544821999997,-480.22724109999984,0.8570932054467748,46,6
720,42.16548593038608,6.945034830391772,21.08274296519304,411,0.7952142857142857,205.5,720,360.0,69,69,0,7790,284,0,-970.4544821999997,-485.22724109999984,0.8646646340182034,46,6
721,42.16548593038608,6.945034830391772,21.08274296519304,415,0.8027857142857142,207.5,721,360.5,69,69,0,7800,284,0,-980.4544821999997,-490.22724109999984,0.8722360625896319,46,6
722,42.16548593038608,6.945034830391772,21.08274296519304,419,0.8103571428571429,209.5,722,361.0,69,69,0,7810,286,0,-990.4544821999997,-495.22724109999984,0.8798074911610606,46,6
723,42.16548593038608,6.945034830391772,21.08274296519304,423,0.8179285714285714,211.5,723,361.5,69,69,0,7820,286,0,-1000.4544821999997,-500.22724109999984,0.8873789197324892,46,6
724,42.16548593038608,6.945034830391772,21.08274296519304,427,0.8255,213.5,724,362.0,69,69,0,7830,286,0,-1010.4544821999997,-505.22724109999984,0.8949503483039177,46,6
725,42.16548593038608,6.945034830391772,21.08274296519304,431,0.8330714285714286,215.5,725,362.5,69,69,0,7840,290,0,-1020.4544821999997,-510.22724109999984,0.9025217768753463,46,6
726,42.16548593038608,6.945034830391772,21.08274296519304,435,0.8406428571428571,217.5,726,363.0,69,69,0,7850,290,0,-1030.4544821999998,-515.2272410999999,0.9100932054467749,46,6
727,42.16548593038608,6.945034830391772,21.08274296519304,439,0.8482142857142857,219.5,727,363.5,69,69,0,7860,290,0,-1040.4544821999998,-520.2272410999999,0.9176646340182034,46,6
728,42.16548593038608,6.945034830391772,21.08274296519304,443,0.8557857142857143,221.5,728,364.0,69,69,0,7870,290,0,-1050.4544821999998,-525.2272410999999,0.925236062589632,46,6
729,42.16548593038608,6.945034830391772,21.08274296519304,447,0.8633571428571428,223.5,729,364.5,69,69,0,7880,290,0,-1060.4544821999998,-530.2272410999999,0.9328074911610605,46,6
730,42.16548593038608,6.945034830391772,21.08274296519304,451,0.8709285714285714,225.5,730,365.0,69,69,0,7890,290,0,-1070.4544821999998,-535.2272410999999,0.9403789197324891,46,6
731,42.16548593038608,6.945034830391772,21.08274296519304,455,0.8785000000000001,227.5,731,365.5,69,69,0,7900,290,0,-1080.4544821999998,-540.2272410999999,0.9479503483039178,46,6
732,42.16548593038608,6.945034830391772,21.08274296519304,459,0.8860714285714285,229.5,732,366.0,69,69,0,7910,292,0,-1090.4544821999998,-545.2272410999999,0.9555217768753462,46,6
733,42.16548593038608,6.945034830391772,21.08274296519304,463,0.8936428571428571,231.5,733,366.5,69,69,0,7920,292,0,-1100.4544821999998,-550.2272410999999,0.9630932054467748,46,6
734,42.16548593038608,6.945034830391772,21.08274296519304,467,0.9012142857142856,233.5,734,367.0,69,69,0,7930,292,0,-1110.4544821999998,-555.2272410999999,0.9706646340182034,46,6
735,42.16548593038608,6.945034830391772,21.08274296519304,471,0.9087857142857142,235.5,735,367.5,69,69,0,7940,292,0,-1120.4544821999998,-560.2272410999999,0.9782360625896319,46,6
736,42.16548593038608,6.945034830391772,21.08274296519304,475,0.9163571428571429,237.5,736,368.0,69,69,0,7950,292,0,-1130.4544821999998,-565.2272410999999,0.9858074911610606,46,6
737,42.16548593038608,6.945034830391772,21.08274296519304,479,0.9239285714285714,239.5,737,368.5,69,69,0,7960,294,0,-1140.4544821999998,-570.2272410999999,0.9933789197324892,46,6
738,42.16548593038608,6.945034830391772,21.08274296519304,483,0.9315,241.5,738,369.0,69,69,0,7970,296,0,-1150.4544821999998,-575.2272410999999,1.0009503483039177,46,6
739,42.16548593038608,6.945034830391772,21.08274296519304,487,0.9390714285714286,243.5,739,369.5,69,69,0,7980,296,0,-1160.4544821999998,-580.2272410999999,1.0085217768753463,46,6
740,42.16548593038608,6.945034830391772,21.08274296519304,491,0.9466428571428571,245.5,740,370.0,69,69,0,7990,296,0,-1170.4544821999998,-585.2272410999999,1.0160932054467748,46,6
741,42.16548593038608,6.945034830391772,21.08274296519304,495,0.9542142857142857,247.5,741,370.5,69,69,0,8000,296,0,-1180.4544821999998,-590.2272410999999,1.0236646340182034,46,6
742,42.16548593038608,6.945034830391772,21.08274296519304,499,0.9617857142857142,249.5,742,371.0,69,69,0,8010,296,0,-1190.4544821999998,-595.2272410999999,1.031236062589632,46,6
743,42.16548593038608,6.945034830391772,21.08274296519304,503,0.9693571428571428,251.5,743,371.5,69,69,0,8020,296,0,-1200.4544821999998,-600.2272410999999,1.0388074911610605,46,6
744,42.16548593038608,6.945034830391772,21.08274296519304,507,0.9769285714285714,253.5,744,372.0,69,69,0,8030,296,0,-1210.4544821999998,-605.2272410999999,1.046378919732489,46,6
745,42.16548593038608,6.945034830391772,21.08274296519304,511,0.9844999999999999,255.5,745,372.5,69,69,0,8040,296,0,-1220.4544821999998,-610.2272410999999,1.0539503483039177,46,6
746,42.16548593038608,6.945034830391772,21.08274296519304,515,0.9920714285714285,257.5,746,373.0,69,69,0,8050,296,0,-1230.4544821999998,-615.2272410999999,1.0615217768753462,46,6
747,42.40280244110332,6.984122994476477,21.20140122055166,519,0.999642857142857,259.5,747,373.5,69,69,0,8060,296,0,-1240.4549567999998,-620.2274783999999,1.0694840870876219,46,6
748,42.40280244110332,6.984122994476477,21.20140122055166,523,1.0072142857142856,261.5,748,374.0,69,69,0,8070,298,0,-1250.4554313999997,-625.2277156999999,1.0770555156590504,46,6
749,42.40280244110332,6.984122994476477,21.20140122055166,527,1.0147857142857142,263.5,749,374.5,69,69,0,8080,300,0,-1260.4559059999997,-630.2279529999998,1.084626944230479,46,6
750,42.40280244110332,6.984122994476477,21.20140122055166,531,1.0223571428571427,265.5,750,375.0,69,69,0,8090,300,0,-1270.4563805999996,-635.2281902999998,1.0921983728019076,46,6
751,42.40280244110332,6.984122994476477,21.20140122055166,535,1.0299285714285713,267.5,751,375.5,69,69,0,8100,300,0,-1280.4568551999996,-640.2284275999998,1.0997698013733361,46,6
752,42.40280244110332,6.984122994476477,21.20140122055166,539,1.0374999999999999,269.5,752,376.0,69,69,0,8110,300,0,-1290.4573297999996,-645.2286648999998,1.1073412299447647,46,6
753,42.40280244110332,6.984122994476477,21.20140122055166,543,1.0450714285714284,271.5,753,376.5,69,69,0,8120,302,0,-1300.4573297999996,-650.2286648999998,1.1149126585161933,46,6
754,42.40280244110332,6.984122994476477,21.20140122055166,547,1.0526428571428572,273.5,754,377.0,70,70,0,8130,302,0,-1310.4573297999996,-655.2286648999998,1.122484087087622,46,6
755,42.40280244110332,6.984122994476477,21.20140122055166,551,1.0602142857142858,275.5,755,377.5,70,70,0,8140,302,0,-1320.4573297999996,-660.2286648999998,1.1300555156590506,46,6
756,42.40280244110332,6.984122994476477,21.20140122055166,555,1.0677857142857143,277.5,756,378.0,70,70,0,8150,302,0,-1330.4573297999996,-665.2286648999998,1.1376269442304792,46,6
757,42.40280244110332,6.984122994476477,21.20140122055166,559,1.075357142857143,279.5,757,378.5,70,70,0,8160,302,0,-1340.4573297999996,-670.2286648999998,1.1451983728019077,46,6
758,42.40280244110332,6.984122994476477,21.20140122055166,563,1.0829285714285715,281.5,758,379.0,70,70,0,8170,302,0,-1350.4573297999996,-675.2286648999998,1.1527698013733363,46,6
759,42.40280244110332,6.984122994476477,21.20140122055166,567,1.0905,283.5,759,379.5,70,70,0,8180,302,0,-1360.4573297999996,-680.2286648999998,1.1603412299447649,46,6
760,42.40280244110332,6.984122994476477,21.20140122055166,571,1.0980714285714286,285.5,760,380.0,70,70,0,8190,302,0,-1370.4573297999996,-685.2286648999998,1.1679126585161934,46,6
761,42.40280244110332,6.984122994476477,21.20140122055166,575,1.1056428571428571,287.5,761,380.5,70,70,0,8200,302,0,-1380.4573297999996,-690.2286648999998,1.175484087087622,46,6
762,42.40280244110332,6.984122994476477,21.20140122055166,579,1.1132142857142857,289.5,762,381.0,70,70,0,8210,302,0,-1390.4573297999996,-695.2286648999998,1.1830555156590505,46,6
763,42.40280244110332,6.984122994476477,21.20140122055166,583,1.1207857142857143,291.5,763,381.5,70,70,0,8220,302,0,-1400.4573297999996,-700.2286648999998,1.190626944230479,46,6
764,42.40280244110332,6.984122994476477,21.20140122055166,587,1.1283571428571428,293.5,764,382.0,70,70,0,8230,302,0,-1410.4573297999996,-705.2286648999998,1.1981983728019077,46,6
765,42.40280244110332,6.984122994476477,21.20140122055166,591,1.1359285714285714,295.5,765,382.5,70,70,0,8240,304,0,-1420.4573297999996,-710.2286648999998,1.2057698013733362,46,6
766,42.40280244110332,6.984122994476477,21.20140122055166,595,1.1435,297.5,766,383.0,70,70,0,8250,304,0,-1430.4573297999996,-715.2286648999998,1.2133412299447648,46,6
767,42.40280244110332,6.984122994476477,21.20140122055166,599,1.1510714285714285,299.5,767,383.5,70,70,0,8260,306,0,-1440.4573297999996,-720.2286648999998,1.2209126585161933,46,6
768,42.40280244110332,6.984122994476477,21.20140122055166,603,1.158642857142857,301.5,768,384.0,70,70,0,8270,310,0,-1450.4573297999996,-725.2286648999998,1.228484087087622,46,6
769,42.40280244110332,6.984122994476477,21.20140122055166,607,1.1662142857142856,303.5,769,384.5,70,70,0,8280,310,0,-1460.4573297999996,-730.2286648999998,1.2360555156590505,46,6
770,42.40280244110332,6.984122994476477,21.20140122055166,611,1.1737857142857144,305.5,770,385.0,70,70,0,8290,310,0,-1470.4573297999996,-735.2286648999998,1.2436269442304793,46,6
771,42.40280244110332,6.984122994476477,21.20140122055166,615,1.181357142857143,307.5,771,385.5,70,70,0,8300,310,0,-1480.4573297999996,-740.2286648999998,1.2511983728019078,46,6
772,42.40280244110332,6.984122994476477,21.20140122055166,619,1.1889285714285716,309.5,772,386.0,70,70,0,8310,310,0,-1490.4573297999996,-745.2286648999998,1.2587698013733364,46,6
773,42.40280244110332,6.984122994476477,21.20140122055166,623,1.1965000000000001,311.5,773,386.5,70,70,0,8320,312,0,-1500.4573297999996,-750.2286648999998,1.266341229944765,46,6
774,42.40280244110332,6.984122994476477,21.20140122055166,627,1.2040714285714287,313.5,774,387.0,70,70,0,8330,312,0,-1510.4573297999996,-755.2286648999998,1.2739126585161935,46,6
775,42.40280244110332,6.984122994476477,21.20140122055166,631,1.2116428571428572,315.5,775,387.5,70,70,0,8340,312,0,-1520.4573297999996,-760.2286648999998,1.281484087087622,46,6
776,42.40280244110332,6.984122994476477,21.20140122055166,635,1.2192142857142858,317.5,776,388.0,70,70,0,8350,312,0,-1530.4573297999996,-765.2286648999998,1.2890555156590506,46,6
777,42.40280244110332,6.984122994476477,21.20140122055166,639,1.2267857142857144,319.5,777,388.5,70,70,0,8360,312,0,-1540.4573297999996,-770.2286648999998,1.2966269442304792,46,6
778,42.40280244110332,6.984122994476477,21.20140122055166,643,1.234357142857143,321.5,778,389.0,70,70,0,8370,312,0,-1550.4573297999996,-775.2286648999998,1.3041983728019078,46,6
779,42.40280244110332,6.984122994476477,21.20140122055166,647,1.2419285714285715,323.5,779,389.5,70,70,0,8380,314,0,-1560.4573297999996,-780.2286648999998,1.3117698013733363,46,6
780,42.40280244110332,6.984122994476477,21.20140122055166,651,1.2495,325.5,780,390.0,70,70,0,8390,314,0,-1570.4573297999996,-785.2286648999998,1.3193412299447649,46,6
781,42.40280244110332,6.984122994476477,21.20140122055166,655,1.2570714285714286,327.5,781,390.5,70,70,0,8400,314,0,-1580.4573297999996,-790.2286648999998,1.3269126585161934,46,6
782,42.40280244110332,6.984122994476477,21.20140122055166,659,1.2646428571428572,329.5,782,391.0,70,70,0,8410,314,0,-1590.4573297999996,-795.2286648999998,1.334484087087622,46,6
783,42.40280244110332,6.984122994476477,21.20140122055166,663,1.2722142857142857,331.5,783,391.5,70,70,0,8420,314,0,-1600.4573297999996,-800.2286648999998,1.3420555156590506,46,6
784,42.40280244110332,6.984122994476477,21.20140122055166,667,1.2797857142857143,333.5,784,392.0,70,70,0,8430,314,0,-1610.4573297999996,-805.2286648999998,1.3496269442304791,46,6
785,42.40280244110332,6.984122994476477,21.20140122055166,671,1.2873571428571429,335.5,785,392.5,70,70,0,8440,316,0,-1620.4573297999996,-810.2286648999998,1.3571983728019077,46,6
786,42.40280244110332,6.984122994476477,21.20140122055166,675,1.2949285714285714,337.5,786,393.0,70,70,0,8450,316,0,-1630.4573297999996,-815.2286648999998,1.3647698013733363,46,6
787,42.40280244110332,6.984122994476477,21.20140122055166,679,1.3025,339.5,787,393.5,70,70,0,8460,318,0,-1640.4573297999996,-820.2286648999998,1.3723412299447648,46,6
788,42.40280244110332,6.984122994476477,21.20140122055166,683,1.3100714285714286,341.5,788,394.0,70,70,0,8470,318,0,-1650.4573297999996,-825.2286648999998,1.3799126585161934,46,6
789,42.40280244110332,6.984122994476477,21.20140122055166,687,1.3176428571428571,343.5,789,394.5,70,70,0,8480,318,0,-1660.4573297999996,-830.2286648999998,1.387484087087622,46,6
790,42.40280244110332,6.984122994476477,21.20140122055166,691,1.3252142857142857,345.5,790,395.0,70,70,0,8490,320,0,-1670.4573297999996,-835.2286648999998,1.3950555156590505,46,6
791,42.40280244110332,6.984122994476477,21.20140122055166,696,1.3347857142857142,348.0,791,395.5,70,70,0,8500,320,0,-1682.4573297999996,-841.2286648999998,1.404626944230479,46,6
792,42.40280244110332,6.984122994476477,21.20140122055166,701,1.3443571428571428,350.5,792,396.0,70,70,0,8510,320,0,-1694.4573297999996,-847.2286648999998,1.4141983728019076,46,6
793,42.40280244110332,6.984122994476477,21.20140122055166,706,1.3539285714285714,353.0,793,396.5,70,70,0,8520,322,0,-1706.4573297999996,-853.2286648999998,1.4237698013733362,46,6
794,42.40280244110332,6.984122994476477,21.20140122055166,711,1.3635,355.5,794,397.0,70,70,0,8530,322,0,-1718.4573297999996,-859.2286648999998,1.4333412299447648,46,6
795,42.40280244110332,6.984122994476477,21.20140122055166,716,1.3730714285714285,358.0,795,397.5,70,70,0,8540,322,0,-1730.4573297999996,-865.2286648999998,1.4429126585161933,46,6
796,42.40280244110332,6.984122994476477,21.20140122055166,721,1.3826428571428573,360.5,796,398.0,70,70,0,8550,322,0,-1742.4573297999996,-871.2286648999998,1.4524840870876221,46,6
797,42.40280244110332,6.984122994476477,21.20140122055166,726,1.3922142857142856,363.0,797,398.5,70,70,0,8560,324,0,-1754.4573297999996,-877.2286648999998,1.4620555156590505,46,6
798,42.40280244110332,6.984122994476477,21.20140122055166,731,1.4017857142857144,365.5,798,399.0,70,70,0,8570,324,0,-1766.4573297999996,-883.2286648999998,1.4716269442304792,46,6
799,42.40280244110332,6.984122994476477,21.20140122055166,736,1.4113571428571428,368.0,799,399.5,70,70,0,8580,324,0,-1778.4573297999996,-889.2286648999998,1.4811983728019076,46,6
800,42.40280244110332,6.984122994476477,21.20140122055166,741,1.4209285714285715,370.5,800,400.0,70,70,0,8590,324,0,-1790.4573297999996,-895.2286648999998,1.4907698013733364,46,6
801,42.40280244110332,6.984122994476477,21.20140122055166,746,1.4304999999999999,373.0,801,400.5,70,70,0,8600,326,0,-1802.4573297999996,-901.2286648999998,1.5003412299447647,46,6
802,42.40280244110332,6.984122994476477,21.20140122055166,751,1.4400714285714287,375.5,802,401.0,70,70,0,8610,326,0,-1814.4573297999996,-907.2286648999998,1.5099126585161935,46,6
803,42.40280244110332,6.984122994476477,21.20140122055166,756,1.4496428571428572,378.0,803,401.5,70,70,0,8620,326,0,-1826.4573297999996,-913.2286648999998,1.519484087087622,46,6
804,42.40280244110332,6.984122994476477,21.20140122055166,761,1.4592142857142858,380.5,804,402.0,70,70,0,8630,326,0,-1838.4573297999996,-919.2286648999998,1.5290555156590506,46,6
805,42.40280244110332,6.984122994476477,21.20140122055166,766,1.4687857142857144,383.0,805,402.5,70,70,0,8640,326,0,-1850.4573297999996,-925.2286648999998,1.5386269442304792,46,6
806,42.40280244110332,6.984122994476477,21.20140122055166,771,1.478357142857143,385.5,806,403.0,70,70,0,8650,326,0,-1862.4573297999996,-931.2286648999998,1.5481983728019078,46,6
807,42.40280244110332,6.984122994476477,21.20140122055166,776,1.4879285714285715,388.0,807,403.5,70,70,0,8660,326,0,-1874.4573297999996,-937.2286648999998,1.5577698013733363,46,6
808,42.40280244110332,6.984122994476477,21.20140122055166,781,1.4975,390.5,808,404.0,70,70,0,8670,328,0,-1886.4573297999996,-943.2286648999998,1.5673412299447649,46,6
809,42.40280244110332,6.984122994476477,21.20140122055166,786,1.5070714285714286,393.0,809,404.5,70,70,0,8680,328,0,-1898.4573297999996,-949.2286648999998,1.5769126585161934,46,6
810,42.40280244110332,6.984122994476477,21.20140122055166,791,1.5166428571428572,395.5,810,405.0,70,70,0,8690,328,0,-1910.4573297999996,-955.2286648999998,1.586484087087622,46,6
811,42.40280244110332,6.984122994476477,21.20140122055166,796,1.5262142857142857,398.0,811,405.5,70,70,0,8700,328,0,-1922.4573297999996,-961.2286648999998,1.5960555156590506,46,6
812,42.40280244110332,6.984122994476477,21.20140122055166,801,1.5357857142857143,400.5,812,406.0,70,70,0,8710,328,0,-1934.4573297999996,-967.2286648999998,1.6056269442304791,46,6
813,42.40280244110332,6.984122994476477,21.20140122055166,806,1.5453571428571429,403.0,813,406.5,70,70,0,8720,330,0,-1946.4573297999996,-973.2286648999998,1.6151983728019077,46,6
814,42.40280244110332,6.984122994476477,21.20140122055166,811,1.5549285714285714,405.5,814,407.0,70,70,0,8730,330,0,-1958.4573297999996,-979.2286648999998,1.6247698013733363,46,6
815,42.40280244110332,6.984122994476477,21.20140122055166,816,1.5645,408.0,815,407.5,70,70,0,8740,330,0,-1970.4573297999996,-985.2286648999998,1.6343412299447648,46,6
816,42.40280244110332,6.984122994476477,21.20140122055166,821,1.5740714285714286,410.5,816,408.0,70,70,0,8750,332,0,-1982.4573297999996,-991.2286648999998,1.6439126585161934,46,6
817,42.40280244110332,6.984122994476477,21.20140122055166,826,1.5836428571428571,413.0,817,408.5,70,70,0,8760,332,0,-1994.4573297999996,-997.2286648999998,1.653484087087622,46,6
818,42.40280244110332,6.984122994476477,21.20140122055166,831,1.5932142857142857,415.5,818,409.0,70,70,0,8770,332,0,-2006.4573297999996,-1003.2286648999998,1.6630555156590505,46,6
819,42.40280244110332,6.984122994476477,21.20140122055166,836,1.6027857142857143,418.0,819,409.5,70,70,0,8780,332,0,-2018.4573297999996,-1009.2286648999998,1.672626944230479,46,6
820,42.40280244110332,6.984122994476477,21.20140122055166,841,1.6123571428571428,420.5,820,410.0,70,70,0,8790,332,0,-2030.4573297999996,-1015.2286648999998,1.6821983728019076,46,6
821,42.40280244110332,6.984122994476477,21.20140122055166,846,1.6219285714285714,423.0,821,410.5,70,70,0,8800,332,0,-2042.4573297999996,-1021.2286648999998,1.6917698013733362,46,6
822,42.40280244110332,6.984122994476477,21.20140122055166,851,1.6315,425.5,822,411.0,70,70,0,8810,332,0,-2054.4573297999996,-1027.2286648999998,1.7013412299447648,46,6
823,42.40280244110332,6.984122994476477,21.20140122055166,856,1.6410714285714285,428.0,823,411.5,70,70,0,8820,332,0,-2066.4573297999996,-1033.2286648999998,1.7109126585161933,46,6
824,42.40280244110332,6.984122994476477,21.20140122055166,861,1.650642857142857,430.5,824,412.0,70,70,0,8830,332,0,-2078.4573297999996,-1039.2286648999998,1.720484087087622,46,6
825,42.40280244110332,6.984122994476477,21.20140122055166,866,1.6602142857142856,433.0,825,412.5,70,70,0,8840,332,0,-2092.4573297999996,-1046.2286648999998,1.7300555156590505,46,6
826,42.40280244110332,6.984122994476477,21.20140122055166,871,1.6697857142857142,435.5,826,413.0,70,70,0,8850,332,0,-2106.4573297999996,-1053.2286648999998,1.739626944230479,46,6
827,42.40280244110332,6.984122994476477,21.20140122055166,876,1.6793571428571428,438.0,827,413.5,70,70,0,8860,332,0,-2120.4573297999996,-1060.2286648999998,1.7491983728019076,46,6
828,42.40280244110332,6.984122994476477,21.20140122055166,881,1.6889285714285713,440.5,828,414.0,70,70,0,8870,332,0,-2134.4573297999996,-1067.2286648999998,1.7587698013733362,46,6
829,42.40280244110332,6.984122994476477,21.20140122055166,886,1.6985,443.0,829,414.5,70,70,0,8880,332,0,-2148.4573297999996,-1074.2286648999998,1.7683412299447647,46,6
830,42.40280244110332,6.984122994476477,21.20140122055166,891,1.7080714285714285,445.5,830,415.0,70,70,0,8890,332,0,-2162.4573297999996,-1081.2286648999998,1.7779126585161933,46,6
831,42.40280244110332,6.984122994476477,21.20140122055166,896,1.7176428571428572,448.0,831,415.5,70,70,0,8900,332,0,-2178.4573297999996,-1089.2286648999998,1.787484087087622,46,6
832,42.40280244110332,6.984122994476477,21.20140122055166,901,1.7272142857142856,450.5,832,416.0,70,70,0,8910,332,0,-2194.4573297999996,-1097.2286648999998,1.7970555156590504,46,6
833,42.40280244110332,6.984122994476477,21.20140122055166,906,1.7367857142857144,453.0,833,416.5,70,70,0,8920,332,0,-2210.4573297999996,-1105.2286648999998,1.8066269442304792,46,6
834,42.640155555231374,7.023217187472208,21.320077777615687,911,1.7463571428571427,455.5,834,417.0,70,70,0,8930,332,0,-2226.4578045,-1113.22890225,1.8165893147318648,46,6
835,42.640155555231374,7.023217187472208,21.320077777615687,917,1.7579285714285715,458.5,835,417.5,70,70,0,8940,332,0,-2244.4582791999997,-1122.2291395999998,1.8281607433032936,46,6
836,42.640155555231374,7.023217187472208,21.320077777615687,923,1.7694999999999999,461.5,836,418.0,70,70,0,8950,332,0,-2262.4587538999995,-1131.2293769499997,1.839732171874722,46,6
837,42.640155555231374,7.023217187472208,21.320077777615687,929,1.7810714285714286,464.5,837,418.5,70,70,0,8960,332,0,-2280.4592285999997,-1140.2296142999999,1.8513036004461507,46,6
838,42.640155555231374,7.023217187472208,21.320077777615687,935,1.7926428571428572,467.5,838,419.0,70,70,0,8970,332,0,-2298.4597033,-1149.22985165,1.8628750290175793,46,6
839,42.640155555231374,7.023217187472208,21.320077777615687,941,1.8042142857142858,470.5,839,419.5,70,70,0,8980,332,0,-2316.460178,-1158.230089,1.8744464575890079,46,6
840,42.640155555231374,7.023217187472208,21.320077777615687,947,1.8157857142857143,473.5,840,420.0,70,70,0,8990,332,0,-2334.460178,-1167.230089,1.8860178861604364,46,6
841,42.640155555231374,7.023217187472208,21.320077777615687,953,1.827357142857143,476.5,841,420.5,71,71,0,9000,332,0,-2352.460178,-1176.230089,1.897589314731865,46,6
842,42.640155555231374,7.023217187472208,21.320077777615687,959,1.8389285714285715,479.5,842,421.0,71,71,0,9010,334,0,-2370.460178,-1185.230089,1.9091607433032936,46,6
843,42.640155555231374,7.023217187472208,21.320077777615687,965,1.8505,482.5,843,421.5,71,71,0,9020,334,0,-2388.460178,-1194.230089,1.9207321718747221,46,6
844,42.640155555231374,7.023217187472208,21.320077777615687,971,1.8620714285714286,485.5,844,422.0,71,71,0,9030,334,0,-2406.460178,-1203.230089,1.9323036004461507,46,6
845,42.640155555231374,7.023217187472208,21.320077777615687,977,1.8736428571428572,488.5,845,422.5,71,71,0,9040,334,0,-2424.460178,-1212.230089,1.9438750290175792,46,6
846,42.640155555231374,7.023217187472208,21.320077777615687,983,1.8852142857142857,491.5,846,423.0,71,71,0,9050,334,0,-2442.460178,-1221.230089,1.9554464575890078,46,6
847,42.640155555231374,7.023217187472208,21.320077777615687,989,1.8967857142857143,494.5,847,423.5,71,71,0,9060,334,0,-2460.460178,-1230.230089,1.9670178861604364,46,6
848,42.640155555231374,7.023217187472208,21.320077777615687,995,1.9083571428571429,497.5,848,424.0,71,71,0,9070,334,0,-2478.460178,-1239.230089,1.978589314731865,46,6
849,42.640155555231374,7.023217187472208,21.320077777615687,1001,1.9199285714285714,500.5,849,424.5,71,71,0,9080,334,0,-2496.460178,-1248.230089,1.9901607433032935,46,6
850,42.640155555231374,7.023217187472208,21.320077777615687,1007,1.9315,503.5,850,425.0,71,71,0,9090,336,0,-2514.460178,-1257.230089,2.001732171874722,46,6
851,42.640155555231374,7.023217187472208,21.320077777615687,1013,1.9430714285714286,506.5,851,425.5,71,71,0,9100,336,0,-2532.460178,-1266.230089,2.0133036004461506,46,6
852,42.640155555231374,7.023217187472208,21.320077777615687,1019,1.9546428571428571,509.5,852,426.0,71,71,0,9110,338,0,-2550.460178,-1275.230089,2.024875029017579,46,6
853,42.640155555231374,7.023217187472208,21.320077777615687,1025,1.9662142857142855,512.5,853,426.5,71,71,0,9120,338,0,-2568.460178,-1284.230089,2.0364464575890073,46,6
854,42.640155555231374,7.023217187472208,21.320077777615687,1031,1.9777857142857143,515.5,854,427.0,71,71,0,9130,338,0,-2586.460178,-1293.230089,2.0480178861604363,46,6
855,42.640155555231374,7.023217187472208,21.320077777615687,1037,1.9893571428571428,518.5,855,427.5,71,71,0,9140,338,0,-2604.460178,-1302.230089,2.059589314731865,46,6
856,42.640155555231374,7.023217187472208,21.320077777615687,1043,2.000928571428571,521.5,856,428.0,71,71,0,9150,340,0,-2622.460178,-1311.230089,2.0711607433032935,46,6
857,43.584762126069876,7.17880238685355,21.792381063034938,1049,2.0124999999999997,524.5,857,428.5,71,71,0,9160,340,0,-2640.4606752,-1320.2303376,2.084288023868535,46,6
858,43.584762126069876,7.17880238685355,21.792381063034938,1055,2.0240714285714283,527.5,858,429.0,71,71,0,9170,340,0,-2658.4611723999997,-1329.2305861999998,2.0958594524399636,46,6
859,43.584762126069876,7.17880238685355,21.792381063034938,1061,2.035642857142857,530.5,859,429.5,71,71,0,9180,342,0,-2676.4616695999994,-1338.2308347999997,2.107430881011392,46,6
860,43.584762126069876,7.17880238685355,21.792381063034938,1067,2.0472142857142854,533.5,860,430.0,71,71,0,9190,342,0,-2694.4621667999995,-1347.2310833999998,2.1190023095828208,46,6
861,43.584762126069876,7.17880238685355,21.792381063034938,1073,2.058785714285714,536.5,861,430.5,71,71,0,9200,342,0,-2712.4626639999997,-1356.2313319999998,2.1305737381542493,46,6
862,43.584762126069876,7.17880238685355,21.792381063034938,1079,2.070357142857143,539.5,862,431.0,71,71,0,9210,342,0,-2730.4631611999994,-1365.2315805999997,2.1421451667256783,46,6
863,43.584762126069876,7.17880238685355,21.792381063034938,1085,2.081928571428571,542.5,863,431.5,71,71,0,9220,342,0,-2748.463658399999,-1374.2318291999995,2.1537165952971065,46,6
864,43.584762126069876,7.17880238685355,21.792381063034938,1091,2.0935,545.5,864,432.0,71,71,0,9230,344,0,-2766.4641555999992,-1383.2320777999996,2.1652880238685355,46,6
865,43.584762126069876,7.17880238685355,21.792381063034938,1097,2.1050714285714283,548.5,865,432.5,71,71,0,9240,344,0,-2784.4646527999994,-1392.2323263999997,2.1768594524399636,46,6
866,43.584762126069876,7.17880238685355,21.792381063034938,1103,2.1166428571428573,551.5,866,433.0,71,71,0,9250,344,0,-2802.465149999999,-1401.2325749999995,2.1884308810113926,46,6
867,43.584762126069876,7.17880238685355,21.792381063034938,1109,2.1282142857142854,554.5,867,433.5,71,71,0,9260,346,0,-2820.465647199999,-1410.2328235999994,2.2000023095828207,46,6
868,43.584762126069876,7.17880238685355,21.792381063034938,1115,2.1397857142857144,557.5,868,434.0,71,71,0,9270,348,0,-2838.466144399999,-1419.2330721999995,2.2115737381542497,46,6
869,43.584762126069876,7.17880238685355,21.792381063034938,1121,2.1513571428571425,560.5,869,434.5,71,71,0,9280,348,0,-2856.466641599999,-1428.2333207999995,2.223145166725678,46,6
870,43.584762126069876,7.17880238685355,21.792381063034938,1127,2.1629285714285715,563.5,870,435.0,71,71,0,9290,348,0,-2874.467138799999,-1437.2335693999994,2.234716595297107,46,6
871,43.584762126069876,7.17880238685355,21.792381063034938,1133,2.1744999999999997,566.5,871,435.5,71,71,0,9300,350,0,-2892.4676359999985,-1446.2338179999992,2.246288023868535,46,6
872,43.584762126069876,7.17880238685355,21.792381063034938,1139,2.1860714285714287,569.5,872,436.0,71,71,0,9310,350,0,-2910.4681331999986,-1455.2340665999993,2.257859452439964,46,6
873,43.584762126069876,7.17880238685355,21.792381063034938,1145,2.197642857142857,572.5,873,436.5,71,71,0,9320,352,0,-2928.468630399999,-1464.2343151999994,2.269430881011392,46,6
874,43.584762126069876,7.17880238685355,21.792381063034938,1151,2.209214285714286,575.5,874,437.0,71,71,0,9330,352,0,-2946.4691275999985,-1473.2345637999993,2.281002309582821,46,6
875,43.584762126069876,7.17880238685355,21.792381063034938,1157,2.220785714285714,578.5,875,437.5,71,71,0,9340,352,0,-2964.469624799998,-1482.234812399999,2.2925737381542493,46,6
876,43.584762126069876,7.17880238685355,21.792381063034938,1163,2.232357142857143,581.5,876,438.0,71,71,0,9350,354,0,-2982.4701219999984,-1491.2350609999992,2.3041451667256783,46,6
877,43.584762126069876,7.17880238685355,21.792381063034938,1169,2.243928571428571,584.5,877,438.5,71,71,0,9360,354,0,-3000.4701219999984,-1500.2350609999992,2.3157165952971064,46,6
878,43.584762126069876,7.17880238685355,21.792381063034938,1175,2.2555,587.5,878,439.0,72,72,0,9370,354,0,-3018.4701219999984,-1509.2350609999992,2.3272880238685354,46,6
879,43.584762126069876,7.17880238685355,21.792381063034938,1181,2.267071428571428,590.5,879,439.5,72,72,0,9380,354,0,-3036.4701219999984,-1518.2350609999992,2.3388594524399635,46,6
880,43.584762126069876,7.17880238685355,21.792381063034938,1187,2.278642857142857,593.5,880,440.0,72,72,0,9390,354,0,-3054.4701219999984,-1527.2350609999992,2.3504308810113925,46,6
881,43.584762126069876,7.17880238685355,21.792381063034938,1193,2.2902142857142853,596.5,881,440.5,72,72,0,9400,354,0,-3072.4701219999984,-1536.2350609999992,2.3620023095828206,46,6
882,43.584762126069876,7.17880238685355,21.792381063034938,1199,2.3017857142857143,599.5,882,441.0,72,72,0,9410,354,0,-3090.4701219999984,-1545.2350609999992,2.3735737381542497,46,6
883,43.584762126069876,7.17880238685355,21.792381063034938,1205,2.313357142857143,602.5,883,441.5,72,72,0,9420,354,0,-3108.4701219999984,-1554.2350609999992,2.3851451667256782,46,6
884,43.584762126069876,7.17880238685355,21.792381063034938,1211,2.3249285714285715,605.5,884,442.0,72,72,0,9430,354,0,-3126.4701219999984,-1563.2350609999992,2.396716595297107,46,6
885,43.584762126069876,7.17880238685355,21.792381063034938,1217,2.3364999999999996,608.5,885,442.5,72,72,0,9440,356,0,-3144.4701219999984,-1572.2350609999992,2.408288023868535,46,6
886,43.584762126069876,7.17880238685355,21.792381063034938,1223,2.3480714285714286,611.5,886,443.0,72,72,0,9450,356,0,-3162.4701219999984,-1581.2350609999992,2.419859452439964,46,6
887,43.584762126069876,7.17880238685355,21.792381063034938,1229,2.359642857142857,614.5,887,443.5,72,72,0,9460,356,0,-3180.4701219999984,-1590.2350609999992,2.4314308810113925,46,6
888,43.584762126069876,7.17880238685355,21.792381063034938,1235,2.3712142857142857,617.5,888,444.0,72,72,0,9470,356,0,-3198.4701219999984,-1599.2350609999992,2.443002309582821,46,6
889,43.584762126069876,7.17880238685355,21.792381063034938,1241,2.382785714285714,620.5,889,444.5,72,72,0,9480,356,0,-3216.4701219999984,-1608.2350609999992,2.454573738154249,46,6
890,43.584762126069876,7.17880238685355,21.792381063034938,1247,2.394357142857143,623.5,890,445.0,72,72,0,9490,356,0,-3234.4701219999984,-1617.2350609999992,2.466145166725678,46,6
891,43.584762126069876,7.17880238685355,21.792381063034938,1253,2.4059285714285714,626.5,891,445.5,72,72,0,9500,356,0,-3252.4701219999984,-1626.2350609999992,2.4777165952971067,46,6
892,43.584762126069876,7.17880238685355,21.792381063034938,1259,2.4175,629.5,892,446.0,72,72,0,9510,356,0,-3270.4701219999984,-1635.2350609999992,2.4892880238685353,46,6
893,43.584762126069876,7.17880238685355,21.792381063034938,1265,2.429071428571428,632.5,893,446.5,72,72,0,9520,356,0,-3288.4701219999984,-1644.2350609999992,2.5008594524399634,46,6
894,43.584762126069876,7.17880238685355,21.792381063034938,1271,2.440642857142857,635.5,894,447.0,72,72,0,9530,356,0,-3306.4701219999984,-1653.2350609999992,2.5124308810113924,46,6
895,43.584762126069876,7.17880238685355,21.792381063034938,1277,2.4522142857142857,638.5,895,447.5,72,72,0,9540,356,0,-3324.4701219999984,-1662.2350609999992,2.524002309582821,46,6
896,43.584762126069876,7.17880238685355,21.792381063034938,1283,2.4637857142857142,641.5,896,448.0,72,72,0,9550,358,0,-3342.4701219999984,-1671.2350609999992,2.5355737381542496,46,6
897,43.584762126069876,7.17880238685355,21.792381063034938,1289,2.475357142857143,644.5,897,448.5,72,72,0,9560,358,0,-3360.4701219999984,-1680.2350609999992,2.547145166725678,46,6
898,43.584762126069876,7.17880238685355,21.792381063034938,1295,2.4869285714285714,647.5,898,449.0,72,72,0,9570,358,0,-3378.4701219999984,-1689.2350609999992,2.5587165952971067,46,6
899,43.584762126069876,7.17880238685355,21.792381063034938,1301,2.4985,650.5,899,449.5,72,72,0,9580,358,0,-3396.4701219999984,-1698.2350609999992,2.5702880238685353,46,6
900,43.584762126069876,7.17880238685355,21.792381063034938,1307,2.5100714285714285,653.5,900,450.0,72,72,0,9590,358,0,-3414.4701219999984,-1707.2350609999992,2.581859452439964,46,6
901,43.584762126069876,7.17880238685355,21.792381063034938,1313,2.521642857142857,656.5,901,450.5,72,72,0,9600,358,0,-3432.4701219999984,-1716.2350609999992,2.5934308810113924,46,6
902,43.584762126069876,7.17880238685355,21.792381063034938,1319,2.5332142857142856,659.5,902,451.0,72,72,0,9610,358,0,-3450.4701219999984,-1725.2350609999992,2.605002309582821,46,6
903,43.584762126069876,7.17880238685355,21.792381063034938,1325,2.544785714285714,662.5,903,451.5,72,72,0,9620,358,0,-3468.4701219999984,-1734.2350609999992,2.6165737381542495,46,6
904,43.584762126069876,7.17880238685355,21.792381063034938,1331,2.5563571428571428,665.5,904,452.0,72,72,0,9630,358,0,-3486.4701219999984,-1743.2350609999992,2.628145166725678,46,6
905,43.584762126069876,7.17880238685355,21.792381063034938,1337,2.5679285714285713,668.5,905,452.5,72,72,0,9640,358,0,-3504.4701219999984,-1752.2350609999992,2.6397165952971067,46,6
906,43.95613130075066,7.239970230557524,21.97806565037533,1343,2.5795000000000003,671.5,906,453.0,72,72,0,9650,358,0,-3522.4705861999983,-1761.2352930999991,2.6518997023055757,46,6
907,43.95613130075066,7.239970230557524,21.97806565037533,1349,2.5910714285714285,674.5,907,453.5,72,72,0,9660,358,0,-3540.471050399998,-1770.235525199999,2.663471130877004,46,6
908,43.95613130075066,7.239970230557524,21.97806565037533,1355,2.6026428571428575,677.5,908,454.0,72,72,0,9670,358,0,-3558.471514599998,-1779.235757299999,2.675042559448433,46,6
909,43.95613130075066,7.239970230557524,21.97806565037533,1361,2.6142142857142856,680.5,909,454.5,72,72,0,9680,358,0,-3576.471978799998,-1788.235989399999,2.686613988019861,46,6
910,43.95613130075066,7.239970230557524,21.97806565037533,1367,2.6257857142857146,683.5,910,455.0,72,72,0,9690,360,0,-3594.472442999998,-1797.236221499999,2.69818541659129,46,6
911,43.95613130075066,7.239970230557524,21.97806565037533,1373,2.6373571428571427,686.5,911,455.5,72,72,0,9700,360,0,-3612.4729071999977,-1806.2364535999989,2.709756845162718,46,6
912,43.95613130075066,7.239970230557524,21.97806565037533,1379,2.6489285714285717,689.5,912,456.0,72,72,0,9710,360,0,-3630.4733713999976,-1815.2366856999988,2.721328273734147,46,6
913,43.95613130075066,7.239970230557524,21.97806565037533,1385,2.6605000000000003,692.5,913,456.5,72,72,0,9720,360,0,-3648.4738355999975,-1824.2369177999988,2.7328997023055757,46,6
914,43.95613130075066,7.239970230557524,21.97806565037533,1391,2.672071428571429,695.5,914,457.0,72,72,0,9730,360,0,-3666.4742997999974,-1833.2371498999987,2.7444711308770042,46,6
915,43.95613130075066,7.239970230557524,21.97806565037533,1397,2.683642857142857,698.5,915,457.5,72,72,0,9740,360,0,-3684.4742997999974,-1842.2371498999987,2.7560425594484323,46,6
916,43.95613130075066,7.239970230557524,21.97806565037533,1403,2.695214285714286,701.5,916,458.0,73,73,0,9750,362,0,-3702.4742997999974,-1851.2371498999987,2.7676139880198614,46,6
917,43.95613130075066,7.239970230557524,21.97806565037533,1409,2.7067857142857146,704.5,917,458.5,73,73,0,9760,362,0,-3720.4742997999974,-1860.2371498999987,2.77918541659129,46,6
918,44.460359676215774,7.323021179759404,22.230179838107887,1415,2.718357142857143,707.5,918,459.0,73,73,0,9770,362,0,-3738.4747581999973,-1869.2373790999986,2.7915873546547374,46,6
919,44.460359676215774,7.323021179759404,22.230179838107887,1421,2.7299285714285717,710.5,919,459.5,73,73,0,9780,362,0,-3756.4752165999976,-1878.2376082999988,2.8031587832261655,46,6
920,44.460359676215774,7.323021179759404,22.230179838107887,1427,2.7415000000000007,713.5,920,460.0,73,73,0,9790,362,0,-3774.475674999998,-1887.237837499999,2.8147302117975945,46,6
921,44.460359676215774,7.323021179759404,22.230179838107887,1433,2.753071428571429,716.5,921,460.5,73,73,0,9800,362,0,-3792.4761333999977,-1896.2380666999989,2.8263016403690226,46,6
922,44.460359676215774,7.323021179759404,22.230179838107887,1439,2.7646428571428574,719.5,922,461.0,73,73,0,9810,364,0,-3810.4765917999975,-1905.2382958999988,2.8378730689404517,46,6
923,44.460359676215774,7.323021179759404,22.230179838107887,1445,2.776214285714286,722.5,923,461.5,73,73,0,9820,364,0,-3828.477050199998,-1914.238525099999,2.84944449751188,46,6
924,44.460359676215774,7.323021179759404,22.230179838107887,1451,2.787785714285715,725.5,924,462.0,73,73,0,9830,364,0,-3846.477508599998,-1923.238754299999,2.861015926083309,46,6
925,44.460359676215774,7.323021179759404,22.230179838107887,1457,2.799357142857143,728.5,925,462.5,73,73,0,9840,364,0,-3864.477966999998,-1932.238983499999,2.872587354654737,46,6
926,44.460359676215774,7.323021179759404,22.230179838107887,1463,2.8109285714285717,731.5,926,463.0,73,73,0,9850,364,0,-3882.478425399998,-1941.239212699999,2.884158783226166,46,6
927,44.460359676215774,7.323021179759404,22.230179838107887,1469,2.8225000000000002,734.5,927,463.5,73,73,0,9860,364,0,-3900.478883799998,-1950.239441899999,2.895730211797594,46,6
928,44.460359676215774,7.323021179759404,22.230179838107887,1475,2.8340714285714284,737.5,928,464.0,73,73,0,9870,364,0,-3918.4793421999984,-1959.2396710999992,2.907301640369022,46,6
929,44.460359676215774,7.323021179759404,22.230179838107887,1481,2.845642857142857,740.5,929,464.5,73,73,0,9880,364,0,-3936.4798005999983,-1968.2399002999991,2.918873068940451,46,6
930,44.460359676215774,7.323021179759404,22.230179838107887,1487,2.857214285714286,743.5,930,465.0,73,73,0,9890,364,0,-3954.4798005999983,-1977.2399002999991,2.93044449751188,46,6
931,44.460359676215774,7.323021179759404,22.230179838107887,1493,2.868785714285714,746.5,931,465.5,74,74,0,9900,364,0,-3972.4798005999983,-1986.2399002999991,2.9420159260833083,46,6
932,44.460359676215774,7.323021179759404,22.230179838107887,1499,2.880357142857143,749.5,932,466.0,74,74,0,9910,364,0,-3990.4798005999983,-1995.2399002999991,2.9535873546547373,46,6
933,44.96458805168088,7.406072128961282,22.48229402584044,1505,2.891928571428571,752.5,933,466.5,74,74,0,9920,364,0,-4008.480258999998,-2004.240129499999,2.965989292718184,46,6
934,44.96458805168088,7.406072128961282,22.48229402584044,1511,2.9035,755.5,934,467.0,74,74,0,9930,364,0,-4026.4807173999984,-2013.2403586999992,2.977560721289613,46,6
935,44.96458805168088,7.406072128961282,22.48229402584044,1517,2.9150714285714283,758.5,935,467.5,74,74,0,9940,364,0,-4044.4811757999987,-2022.2405878999994,2.989132149861041,46,6
936,44.96458805168088,7.406072128961282,22.48229402584044,1523,2.9266428571428573,761.5,936,468.0,74,74,0,9950,366,0,-4062.4816341999986,-2031.2408170999993,3.00070357843247,46,6
937,44.96458805168088,7.406072128961282,22.48229402584044,1529,2.9382142857142854,764.5,937,468.5,74,74,0,9960,368,0,-4080.4820925999984,-2040.2410462999992,3.012275007003898,46,6
938,44.96458805168088,7.406072128961282,22.48229402584044,1535,2.9497857142857145,767.5,938,469.0,74,74,0,9970,368,0,-4098.482550999999,-2049.2412754999996,3.023846435575327,46,6
939,44.96458805168088,7.406072128961282,22.48229402584044,1541,2.9613571428571426,770.5,939,469.5,74,74,0,9980,370,0,-4116.483009399999,-2058.2415046999995,3.0354178641467553,46,6
940,44.96458805168088,7.406072128961282,22.48229402584044,1547,2.9729285714285716,773.5,940,470.0,74,74,0,9990,370,0,-4134.483467799999,-2067.2417338999994,3.0469892927181843,46,6
941,44.96458805168088,7.406072128961282,22.48229402584044,1553,2.9844999999999997,776.5,941,470.5,74,74,0,10000,372,0,-4152.483926199999,-2076.2419630999993,3.0585607212896124,46,6
942,44.96458805168088,7.406072128961282,22.48229402584044,1559,2.9960714285714287,779.5,942,471.0,74,74,0,10010,372,0,-4170.4843845999985,-2085.2421922999993,3.0701321498610414,46,6
943,44.96458805168088,7.406072128961282,22.48229402584044,1565,3.007642857142857,782.5,943,471.5,74,74,0,10020,372,0,-4188.484842999998,-2094.242421499999,3.0817035784324696,46,6
944,44.96458805168088,7.406072128961282,22.48229402584044,1571,3.019214285714286,785.5,944,472.0,74,74,0,10030,372,0,-4206.485301399998,-2103.242650699999,3.0932750070038986,46,6
945,44.96458805168088,7.406072128961282,22.48229402584044,1577,3.030785714285714,788.5,945,472.5,74,74,0,10040,372,0,-4224.485301399998,-2112.242650699999,3.1048464355753267,46,6
946,44.96458805168088,7.406072128961282,22.48229402584044,1583,3.042357142857143,791.5,946,473.0,75,75,0,10050,372,0,-4242.485301399998,-2121.242650699999,3.1164178641467557,46,6
947,44.96458805168088,7.406072128961282,22.48229402584044,1589,3.053928571428571,794.5,947,473.5,75,75,0,10060,372,0,-4260.485301399998,-2130.242650699999,3.127989292718184,46,6
948,45.10916746635522,7.4298856591155085,22.55458373317761,1595,3.0655,797.5,948,474.0,75,75,0,10070,372,0,-4278.485783299998,-2139.242891649999,3.139798856591155,46,6
949,45.10916746635522,7.4298856591155085,22.55458373317761,1601,3.0770714285714287,800.5,949,474.5,75,75,0,10080,372,0,-4296.486265199997,-2148.2431325999987,3.1513702851625838,46,6
950,45.10916746635522,7.4298856591155085,22.55458373317761,1607,3.0886428571428572,803.5,950,475.0,75,75,0,10090,372,0,-4314.486747099998,-2157.243373549999,3.1629417137340123,46,6
951,45.10916746635522,7.4298856591155085,22.55458373317761,1613,3.1002142857142854,806.5,951,475.5,75,75,0,10100,372,0,-4332.4872289999985,-2166.2436144999992,3.1745131423054405,46,6
952,45.10916746635522,7.4298856591155085,22.55458373317761,1619,3.1117857142857144,809.5,952,476.0,75,75,0,10110,372,0,-4350.4872289999985,-2175.2436144999992,3.1860845708768695,46,6
953,45.10916746635522,7.4298856591155085,22.55458373317761,1625,3.123357142857143,812.5,953,476.5,76,76,0,10120,372,0,-4368.4872289999985,-2184.2436144999992,3.197655999448298,46,6
954,45.10916746635522,7.4298856591155085,22.55458373317761,1632,3.1367142857142856,816.0,954,477.0,76,76,0,10130,372,0,-4388.4872289999985,-2194.2436144999992,3.2110131423054407,46,6
955,46.01165074566614,7.57853277346416,23.00582537283307,1639,3.1500714285714286,819.5,955,477.5,76,76,0,10140,374,0,-4408.487703999997,-2204.2438519999987,3.22585675630607,46,6
956,46.01165074566614,7.57853277346416,23.00582537283307,1647,3.1652142857142858,823.5,956,478.0,76,76,0,10150,376,0,-4430.488178999998,-2215.244089499999,3.240999613448927,46,6
957,46.01165074566614,7.57853277346416,23.00582537283307,1655,3.1803571428571424,827.5,957,478.5,76,76,0,10160,376,0,-4452.488653999997,-2226.2443269999985,3.256142470591784,46,6
958,46.01165074566614,7.57853277346416,23.00582537283307,1663,3.1955,831.5,958,479.0,76,76,0,10170,376,0,-4474.489128999998,-2237.244564499999,3.2712853277346414,46,6
959,46.01165074566614,7.57853277346416,23.00582537283307,1671,3.210642857142857,835.5,959,479.5,76,76,0,10180,378,0,-4496.489603999997,-2248.2448019999983,3.2864281848774985,46,6
960,46.01165074566614,7.57853277346416,23.00582537283307,1679,3.2257857142857143,839.5,960,480.0,76,76,0,10190,378,0,-4518.490078999997,-2259.2450394999987,3.3015710420203557,46,6
961,46.01165074566614,7.57853277346416,23.00582537283307,1687,3.240928571428571,843.5,961,480.5,76,76,0,10200,380,0,-4540.490553999996,-2270.245276999998,3.3167138991632124,46,6
962,46.01165074566614,7.57853277346416,23.00582537283307,1695,3.2560714285714285,847.5,962,481.0,76,76,0,10210,380,0,-4562.491028999997,-2281.2455144999985,3.33185675630607,46,6
963,46.01165074566614,7.57853277346416,23.00582537283307,1703,3.2712142857142856,851.5,963,481.5,76,76,0,10220,380,0,-4584.491503999996,-2292.245751999998,3.346999613448927,46,6
964,46.01165074566614,7.57853277346416,23.00582537283307,1711,3.2863571428571428,855.5,964,482.0,76,76,0,10230,382,0,-4606.491978999997,-2303.2459894999984,3.362142470591784,46,6
965,46.01165074566614,7.57853277346416,23.00582537283307,1719,3.3015000000000003,859.5,965,482.5,76,76,0,10240,382,0,-4628.492453999996,-2314.246226999998,3.3772853277346417,46,6
966,46.01165074566614,7.57853277346416,23.00582537283307,1727,3.316642857142857,863.5,966,483.0,76,76,0,10250,382,0,-4650.492928999996,-2325.246464499998,3.3924281848774984,46,6
967,46.01165074566614,7.57853277346416,23.00582537283307,1735,3.3317857142857146,867.5,967,483.5,76,76,0,10260,384,0,-4672.493403999995,-2336.2467019999976,3.407571042020356,46,6
968,46.01165074566614,7.57853277346416,23.00582537283307,1743,3.3469285714285713,871.5,968,484.0,76,76,0,10270,386,0,-4694.493878999996,-2347.246939499998,3.4227138991632127,46,6
969,46.01165074566614,7.57853277346416,23.00582537283307,1751,3.362071428571429,875.5,969,484.5,76,76,0,10280,386,0,-4716.494353999995,-2358.2471769999975,3.4378567563060702,46,6
970,46.01165074566614,7.57853277346416,23.00582537283307,1759,3.3772142857142855,879.5,970,485.0,76,76,0,10290,386,0,-4738.494828999996,-2369.247414499998,3.452999613448927,46,6
971,46.01165074566614,7.57853277346416,23.00582537283307,1767,3.392357142857143,883.5,971,485.5,76,76,0,10300,386,0,-4760.495303999995,-2380.2476519999973,3.4681424705917845,46,6
972,46.01165074566614,7.57853277346416,23.00582537283307,1775,3.4074999999999998,887.5,972,486.0,76,76,0,10310,386,0,-4782.495778999995,-2391.2478894999977,3.483285327734641,46,6
973,46.01165074566614,7.57853277346416,23.00582537283307,1783,3.4226428571428573,891.5,973,486.5,76,76,0,10320,388,0,-4804.496253999994,-2402.248126999997,3.4984281848774987,46,6
974,46.01165074566614,7.57853277346416,23.00582537283307,1791,3.437785714285714,895.5,974,487.0,76,76,0,10330,390,0,-4826.496728999995,-2413.2483644999975,3.5135710420203554,46,6
975,46.01165074566614,7.57853277346416,23.00582537283307,1799,3.4529285714285716,899.5,975,487.5,76,76,0,10340,390,0,-4848.496728999995,-2424.2483644999975,3.528713899163213,46,6
976,46.01165074566614,7.57853277346416,23.00582537283307,1807,3.4680714285714282,903.5,976,488.0,77,77,0,10350,390,0,-4870.496728999995,-2435.2483644999975,3.5438567563060697,46,6
977,46.01165074566614,7.57853277346416,23.00582537283307,1815,3.483214285714286,907.5,977,488.5,77,77,0,10360,390,0,-4892.496728999995,-2446.2483644999975,3.5589996134489272,46,6
978,46.01165074566614,7.57853277346416,23.00582537283307,1823,3.4983571428571425,911.5,978,489.0,77,77,0,10370,390,0,-4914.496728999995,-2457.2483644999975,3.574142470591784,46,6
979,46.01165074566614,7.57853277346416,23.00582537283307,1831,3.5135,915.5,979,489.5,77,77,0,10380,390,0,-4936.496728999995,-2468.2483644999975,3.5892853277346415,46,6
980,46.01165074566614,7.57853277346416,23.00582537283307,1839,3.5286428571428567,919.5,980,490.0,77,77,0,10390,390,0,-4958.496728999995,-2479.2483644999975,3.604428184877498,46,6
981,46.66285179958644,7.685791444893467,23.33142589979322,1847,3.5437857142857148,923.5,981,490.5,77,77,0,10400,390,0,-4980.497194099995,-2490.2485970499974,3.6206436287346495,46,6
982,46.66285179958644,7.685791444893467,23.33142589979322,1855,3.558928571428571,927.5,982,491.0,77,77,0,10410,390,0,-5002.497659199995,-2501.2488295999974,3.6357864858775057,46,6
983,46.66285179958644,7.685791444893467,23.33142589979322,1863,3.574071428571429,931.5,983,491.5,77,77,0,10420,390,0,-5024.498124299995,-2512.2490621499974,3.6509293430203638,46,6
984,46.66285179958644,7.685791444893467,23.33142589979322,1871,3.5892142857142852,935.5,984,492.0,77,77,0,10430,390,0,-5046.498589399995,-2523.2492946999973,3.66607220016322,46,6
985,46.66285179958644,7.685791444893467,23.33142589979322,1879,3.6043571428571433,939.5,985,492.5,77,77,0,10440,390,0,-5068.499054499995,-2534.2495272499973,3.681215057306078,46,6
986,46.66285179958644,7.685791444893467,23.33142589979322,1887,3.6195,943.5,986,493.0,77,77,0,10450,390,0,-5090.4995195999945,-2545.2497597999973,3.6963579144489347,46,6
987,46.66285179958644,7.685791444893467,23.33142589979322,1895,3.6346428571428575,947.5,987,493.5,77,77,0,10460,392,0,-5112.4999846999945,-2556.2499923499972,3.7115007715917923,46,6
988,46.66285179958644,7.685791444893467,23.33142589979322,1903,3.6497857142857137,951.5,988,494.0,77,77,0,10470,392,0,-5134.500449799994,-2567.250224899997,3.7266436287346485,46,6
989,46.66285179958644,7.685791444893467,23.33142589979322,1911,3.6649285714285718,955.5,989,494.5,77,77,0,10480,392,0,-5156.500914899994,-2578.250457449997,3.7417864858775065,46,6
990,46.66285179958644,7.685791444893467,23.33142589979322,1919,3.6800714285714284,959.5,990,495.0,77,77,0,10490,392,0,-5178.501379999994,-2589.250689999997,3.756929343020363,46,6
991,46.66285179958644,7.685791444893467,23.33142589979322,1927,3.6952142857142856,963.5,991,495.5,77,77,0,10500,392,0,-5200.501845099994,-2600.250922549997,3.7720722001632203,46,6
992,46.66285179958644,7.685791444893467,23.33142589979322,1935,3.7103571428571422,967.5,992,496.0,77,77,0,10510,392,0,-5222.502310199994,-2611.251155099997,3.787215057306077,46,6
993,46.66285179958644,7.685791444893467,23.33142589979322,1943,3.7255000000000003,971.5,993,496.5,77,77,0,10520,392,0,-5244.502775299994,-2622.251387649997,3.802357914448935,46,6
994,46.66285179958644,7.685791444893467,23.33142589979322,1951,3.740642857142857,975.5,994,497.0,77,77,0,10530,394,0,-5266.503240399994,-2633.251620199997,3.8175007715917917,46,6
995,46.66285179958644,7.685791444893467,23.33142589979322,1959,3.755785714285714,979.5,995,497.5,77,77,0,10540,394,0,-5288.503705499994,-2644.251852749997,3.832643628734649,46,6
996,46.66285179958644,7.685791444893467,23.33142589979322,1967,3.7709285714285707,983.5,996,498.0,77,77,0,10550,394,0,-5310.503705499994,-2655.251852749997,3.8477864858775055,46,6
997,46.66285179958644,7.685791444893467,23.33142589979322,1975,3.7860714285714283,987.5,997,498.5,78,78,0,10560,396,0,-5332.503705499994,-2666.251852749997,3.862929343020363,46,6
998,46.66285179958644,7.685791444893467,23.33142589979322,1983,3.8012142857142854,991.5,998,499.0,78,78,0,10570,396,0,-5354.503705499994,-2677.251852749997,3.87807220016322,46,6
999,46.66285179958644,7.685791444893467,23.33142589979322,1991,3.8163571428571426,995.5,999,499.5,78,78,0,10580,396,0,-5376.503705499994,-2688.251852749997,3.8932150573060773,46,6
1000,46.66285179958644,7.685791444893467,23.33142589979322,1999,3.8314999999999997,999.5,1000,500.0,78,78,0,10590,396,0,-5398.503705499994,-2699.251852749997,3.9083579144489344,46,6
1001,46.66285179958644,7.685791444893467,23.33142589979322,2007,3.846642857142857,1003.5,1001,500.5,78,78,0,10600,396,0,-5420.503705499994,-2710.251852749997,3.9235007715917916,46,6
1002,46.66285179958644,7.685791444893467,23.33142589979322,2015,3.861785714285714,1007.5,1002,501.0,78,78,0,10610,396,0,-5442.503705499994,-2721.251852749997,3.9386436287346487,46,6
1003,46.66285179958644,7.685791444893467,23.33142589979322,2023,3.876928571428571,1011.5,1003,501.5,78,78,0,10620,400,0,-5464.503705499994,-2732.251852749997,3.953786485877506,46,6
1004,46.66285179958644,7.685791444893467,23.33142589979322,2031,3.892071428571428,1015.5,1004,502.0,78,78,0,10630,400,0,-5486.503705499994,-2743.251852749997,3.968929343020363,46,6
1005,46.66285179958644,7.685791444893467,23.33142589979322,2039,3.9072142857142853,1019.5,1005,502.5,78,78,0,10640,400,0,-5508.503705499994,-2754.251852749997,3.98407220016322,46,6
1006,46.66285179958644,7.685791444893467,23.33142589979322,2047,3.9223571428571424,1023.5,1006,503.0,78,78,0,10650,400,0,-5530.503705499994,-2765.251852749997,3.999215057306077,46,6
1007,46.66285179958644,7.685791444893467,23.33142589979322,2055,3.9375,1027.5,1007,503.5,78,78,0,10660,400,0,-5552.503705499994,-2776.251852749997,4.014357914448935,46,6
1008,46.66285179958644,7.685791444893467,23.33142589979322,2063,3.9526428571428567,1031.5,1008,504.0,78,78,0,10670,400,0,-5574.503705499994,-2787.251852749997,4.029500771591791,46,6
1009,46.66285179958644,7.685791444893467,23.33142589979322,1570,2.9657857142857145,785.0,1009,504.5,78,78,0,10680,400,1,-5614.503705499994,-2807.251852749997,13.04264362873465,46,6
1010,46.66285179958644,7.685791444893467,23.33142589979322,1577,2.9789285714285714,788.5,1010,505.0,78,78,0,10690,400,1,-5634.503705499994,-2817.251852749997,13.055786485877507,46,6
1011,46.66285179958644,7.685791444893467,23.33142589979322,1584,2.9920714285714287,792.0,1011,505.5,78,78,0,10700,400,1,-5654.503705499994,-2827.251852749997,13.068929343020363,46,6
1012,46.66285179958644,7.685791444893467,23.33142589979322,1591,3.0052142857142856,795.5,1012,506.0,78,78,0,10710,400,1,-5674.503705499994,-2837.251852749997,13.08207220016322,46,6
1013,46.66285179958644,7.685791444893467,23.33142589979322,1598,3.018357142857143,799.0,1013,506.5,78,78,0,10720,400,1,-5694.503705499994,-2847.251852749997,13.095215057306078,46,6
1014,46.66285179958644,7.685791444893467,23.33142589979322,1605,3.0315,802.5,1014,507.0,78,78,0,10730,400,1,-5714.503705499994,-2857.251852749997,13.108357914448934,46,6
1015,46.66285179958644,7.685791444893467,23.33142589979322,1612,3.044642857142857,806.0,1015,507.5,78,78,0,10740,400,1,-5734.503705499994,-2867.251852749997,13.121500771591792,46,6
1016,46.66285179958644,7.685791444893467,23.33142589979322,1619,3.057785714285714,809.5,1016,508.0,78,78,0,10750,400,1,-5754.503705499994,-2877.251852749997,13.134643628734649,46,6
1017,46.66285179958644,7.685791444893467,23.33142589979322,1626,3.0709285714285715,813.0,1017,508.5,78,78,0,10760,400,1,-5774.503705499994,-2887.251852749997,13.147786485877505,46,6
1018,46.66285179958644,7.685791444893467,23.33142589979322,1633,3.0840714285714284,816.5,1018,509.0,78,78,0,10770,400,1,-5794.503705499994,-2897.251852749997,13.160929343020364,46,6
1019,46.66285179958644,7.685791444893467,23.33142589979322,1640,3.097214285714286,820.0,1019,509.5,78,78,0,10780,400,1,-5814.503705499994,-2907.251852749997,13.174072200163222,46,6
1020,46.66285179958644,7.685791444893467,23.33142589979322,1647,3.1103571428571426,823.5,1020,510.0,78,78,0,10790,402,1,-5834.503705499994,-2917.251852749997,13.187215057306078,46,6
1021,46.66285179958644,7.685791444893467,23.33142589979322,1654,3.1235000000000004,827.0,1021,510.5,78,78,0,10800,402,1,-5854.503705499994,-2927.251852749997,13.200357914448935,46,6
1022,46.66285179958644,7.685791444893467,23.33142589979322,1661,3.136642857142857,830.5,1022,511.0,78,78,0,10810,402,1,-5874.503705499994,-2937.251852749997,13.213500771591791,46,6
1023,46.66285179958644,7.685791444893467,23.33142589979322,1668,3.1497857142857146,834.0,1023,511.5,78,78,0,10820,402,1,-5894.503705499994,-2947.251852749997,13.22664362873465,46,6
1024,46.66285179958644,7.685791444893467,23.33142589979322,1675,3.1629285714285715,837.5,1024,512.0,78,78,0,10830,404,1,-5914.503705499994,-2957.251852749997,13.239786485877506,46,6
1025,46.66285179958644,7.685791444893467,23.33142589979322,1682,3.176071428571429,841.0,1025,512.5,78,78,0,10840,404,1,-5934.503705499994,-2967.251852749997,13.252929343020364,46,6
1026,46.66285179958644,7.685791444893467,23.33142589979322,1689,3.1892142857142853,844.5,1026,513.0,78,78,0,10850,404,1,-5954.503705499994,-2977.251852749997,13.26607220016322,46,6
1027,46.66285179958644,7.685791444893467,23.33142589979322,1697,3.2041428571428576,848.5,1027,513.5,78,78,0,10860,404,1,-5976.503705499994,-2988.251852749997,13.281000771591792,46,6
1028,46.66285179958644,7.685791444893467,23.33142589979322,1705,3.2190714285714286,852.5,1028,514.0,78,78,0,10870,404,1,-5998.503705499994,-2999.251852749997,13.295929343020363,46,6
1029,46.66285179958644,7.685791444893467,23.33142589979322,1713,3.2340000000000004,856.5,1029,514.5,78,78,0,10880,406,1,-6020.503705499994,-3010.251852749997,13.310857914448935,46,6
1030,46.66285179958644,7.685791444893467,23.33142589979322,1721,3.248928571428571,860.5,1030,515.0,78,78,0,10890,406,1,-6042.503705499994,-3021.251852749997,13.325786485877506,46,6
1031,46.66285179958644,7.685791444893467,23.33142589979322,1729,3.2638571428571432,864.5,1031,515.5,78,78,0,10900,408,1,-6064.503705499994,-3032.251852749997,13.340715057306078,46,6
1032,46.66285179958644,7.685791444893467,23.33142589979322,1737,3.278785714285714,868.5,1032,516.0,78,78,0,10910,408,1,-6086.503705499994,-3043.251852749997,13.355643628734649,46,6
1033,46.66285179958644,7.685791444893467,23.33142589979322,1745,3.293714285714286,872.5,1033,516.5,78,78,0,10920,408,1,-6108.503705499994,-3054.251852749997,13.37057220016322,46,6
1034,46.66285179958644,7.685791444893467,23.33142589979322,1753,3.308642857142857,876.5,1034,517.0,78,78,0,10930,408,1,-6130.503705499994,-3065.251852749997,13.385500771591792,46,6
1035,46.66285179958644,7.685791444893467,23.33142589979322,1761,3.3235714285714293,880.5,1035,517.5,78,78,0,10940,408,1,-6152.503705499994,-3076.251852749997,13.400429343020365,46,6
1036,46.66285179958644,7.685791444893467,23.33142589979322,1769,3.3385,884.5,1036,518.0,78,78,0,10950,408,1,-6174.503705499994,-3087.251852749997,13.415357914448935,46,6
1037,46.66285179958644,7.685791444893467,23.33142589979322,1777,3.353428571428572,888.5,1037,518.5,78,78,0,10960,408,1,-6196.503705499994,-3098.251852749997,13.430286485877508,46,6
1038,46.66285179958644,7.685791444893467,23.33142589979322,1785,3.368357142857143,892.5,1038,519.0,78,78,0,10970,408,1,-6218.503705499994,-3109.251852749997,13.445215057306077,46,6
1039,46.66285179958644,7.685791444893467,23.33142589979322,1793,3.383285714285715,896.5,1039,519.5,78,78,0,10980,408,1,-6240.503705499994,-3120.251852749997,13.46014362873465,46,6
1040,46.66285179958644,7.685791444893467,23.33142589979322,1801,3.3982142857142854,900.5,1040,520.0,78,78,0,10990,410,1,-6262.503705499994,-3131.251852749997,13.47507220016322,46,6
1041,46.66285179958644,7.685791444893467,23.33142589979322,1809,3.4131428571428577,904.5,1041,520.5,78,78,0,11000,410,1,-6284.503705499994,-3142.251852749997,13.490000771591793,46,6
1042,46.66285179958644,7.685791444893467,23.33142589979322,1817,3.4280714285714287,908.5,1042,521.0,78,78,0,11010,410,1,-6306.503705499994,-3153.251852749997,13.504929343020363,46,6
1043,46.66285179958644,7.685791444893467,23.33142589979322,1825,3.4430000000000005,912.5,1043,521.5,78,78,0,11020,410,1,-6328.503705499994,-3164.251852749997,13.519857914448936,46,6
1044,46.66285179958644,7.685791444893467,23.33142589979322,1833,3.457928571428571,916.5,1044,522.0,78,78,0,11030,410,1,-6350.503705499994,-3175.251852749997,13.534786485877506,46,6
1045,46.66285179958644,7.685791444893467,23.33142589979322,1841,3.4728571428571433,920.5,1045,522.5,78,78,0,11040,410,1,-6372.503705499994,-3186.251852749997,13.549715057306079,46,6
1046,46.66285179958644,7.685791444893467,23.33142589979322,1849,3.4877857142857143,924.5,1046,523.0,78,78,0,11050,410,1,-6394.503705499994,-3197.251852749997,13.564643628734649,46,6
1047,46.66285179958644,7.685791444893467,23.33142589979322,1857,3.502714285714286,928.5,1047,523.5,78,78,0,11060,410,1,-6416.503705499994,-3208.251852749997,13.579572200163222,46,6
1048,46.66285179958644,7.685791444893467,23.33142589979322,1865,3.5176428571428566,932.5,1048,524.0,78,78,0,11070,410,1,-6438.503705499994,-3219.251852749997,13.594500771591791,46,6
1049,46.66285179958644,7.685791444893467,23.33142589979322,1874,3.5345714285714287,937.0,1049,524.5,78,78,0,11080,410,1,-6462.503705499994,-3231.251852749997,13.611429343020363,46,6
1050,46.66285179958644,7.685791444893467,23.33142589979322,1883,3.5515,941.5,1050,525.0,78,78,0,11090,410,1,-6486.503705499994,-3243.251852749997,13.628357914448936,46,6
1051,46.66285179958644,7.685791444893467,23.33142589979322,1892,3.5684285714285715,946.0,1051,525.5,78,78,0,11100,410,1,-6510.503705499994,-3255.251852749997,13.645286485877506,46,6
1052,46.66285179958644,7.685791444893467,23.33142589979322,1901,3.5853571428571427,950.5,1052,526.0,78,78,0,11110,410,1,-6534.503705499994,-3267.251852749997,13.662215057306078,46,6
1053,46.66285179958644,7.685791444893467,23.33142589979322,1910,3.6022857142857143,955.0,1053,526.5,78,78,0,11120,412,1,-6558.503705499994,-3279.251852749997,13.679143628734648,46,6
1054,46.66285179958644,7.685791444893467,23.33142589979322,1919,3.619214285714286,959.5,1054,527.0,78,78,0,11130,412,1,-6582.503705499994,-3291.251852749997,13.69607220016322,46,6
1055,46.66285179958644,7.685791444893467,23.33142589979322,1928,3.636142857142857,964.0,1055,527.5,78,78,0,11140,414,1,-6606.503705499994,-3303.251852749997,13.713000771591792,46,6
1056,46.66285179958644,7.685791444893467,23.33142589979322,1937,3.6530714285714283,968.5,1056,528.0,78,78,0,11150,414,1,-6630.503705499994,-3315.251852749997,13.729929343020363,46,6
1057,46.66285179958644,7.685791444893467,23.33142589979322,1946,3.67,973.0,1057,528.5,78,78,0,11160,414,1,-6654.503705499994,-3327.251852749997,13.746857914448935,46,6
1058,46.66285179958644,7.685791444893467,23.33142589979322,1955,3.6869285714285716,977.5,1058,529.0,78,78,0,11170,416,1,-6678.503705499994,-3339.251852749997,13.763786485877507,46,6
1059,46.66285179958644,7.685791444893467,23.33142589979322,1964,3.7038571428571427,982.0,1059,529.5,78,78,0,11180,416,1,-6702.503705499994,-3351.251852749997,13.780715057306077,46,6
1060,46.66285179958644,7.685791444893467,23.33142589979322,1973,3.720785714285714,986.5,1060,530.0,78,78,0,11190,416,1,-6726.503705499994,-3363.251852749997,13.79764362873465,46,6
1061,46.66285179958644,7.685791444893467,23.33142589979322,1982,3.7377142857142855,991.0,1061,530.5,78,78,0,11200,416,1,-6750.503705499994,-3375.251852749997,13.814572200163221,46,6
1062,46.66285179958644,7.685791444893467,23.33142589979322,1991,3.7546428571428576,995.5,1062,531.0,78,78,0,11210,416,1,-6774.503705499994,-3387.251852749997,13.831500771591793,46,6
1063,46.66285179958644,7.685791444893467,23.33142589979322,2000,3.7715714285714284,1000.0,1063,531.5,78,78,0,11220,416,1,-6798.503705499994,-3399.251852749997,13.848429343020364,46,6
1064,46.66285179958644,7.685791444893467,23.33142589979322,2009,3.7885,1004.5,1064,532.0,78,78,0,11230,416,1,-6822.503705499994,-3411.251852749997,13.865357914448934,46,6
1065,46.66285179958644,7.685791444893467,23.33142589979322,2018,3.805428571428571,1009.0,1065,532.5,78,78,0,11240,420,1,-6846.503705499994,-3423.251852749997,13.882286485877506,46,6
1066,46.66285179958644,7.685791444893467,23.33142589979322,2027,3.8223571428571432,1013.5,1066,533.0,78,78,0,11250,420,1,-6870.503705499994,-3435.251852749997,13.899215057306078,46,6
1067,46.66285179958644,7.685791444893467,23.33142589979322,2036,3.839285714285714,1018.0,1067,533.5,78,78,0,11260,420,1,-6894.503705499994,-3447.251852749997,13.916143628734648,46,6
1068,46.66285179958644,7.685791444893467,23.33142589979322,2045,3.8562142857142856,1022.5,1068,534.0,78,78,0,11270,420,1,-6918.503705499994,-3459.251852749997,13.93307220016322,46,6
1069,46.66285179958644,7.522263967342543,23.33142589979322,2054,3.8731428571428568,1027.0,1069,534.5,78,78,0,11280,422,1,-6942.503705499994,-3471.251852749997,13.948365496816281,47,7
1070,46.66285179958644,7.522263967342543,23.33142589979322,2063,3.890071428571429,1031.5,1070,535.0,78,78,0,11290,422,1,-6966.503705499994,-3483.251852749997,13.965294068244853,47,7
1071,46.66285179958644,7.522263967342543,23.33142589979322,2072,3.9069999999999996,1036.0,1071,535.5,78,78,0,11300,422,1,-6990.503705499994,-3495.251852749997,13.982222639673425,47,7
1072,46.66285179958644,7.522263967342543,23.33142589979322,2081,3.9239285714285717,1040.5,1072,536.0,78,78,0,11310,422,1,-7014.503705499994,-3507.251852749997,13.999151211101998,47,7
1073,46.66285179958644,7.522263967342543,23.33142589979322,2090,3.9408571428571424,1045.0,1073,536.5,78,78,0,11320,422,1,-7038.503705499994,-3519.251852749997,14.016079782530568,47,7
1074,46.66285179958644,7.522263967342543,23.33142589979322,2099,3.9577857142857145,1049.5,1074,537.0,78,78,0,11330,422,1,-7062.503705499994,-3531.251852749997,14.03300835395914,47,7
1075,46.66285179958644,7.522263967342543,23.33142589979322,2108,3.974714285714285,1054.0,1075,537.5,78,78,0,11340,422,1,-7086.503705499994,-3543.251852749997,14.04993692538771,47,7
1076,46.66285179958644,7.522263967342543,23.33142589979322,2117,3.9916428571428573,1058.5,1076,538.0,78,78,0,11350,422,1,-7110.503705499994,-3555.251852749997,14.066865496816282,47,7
1077,46.66285179958644,7.522263967342543,23.33142589979322,2126,4.008571428571428,1063.0,1077,538.5,78,78,0,11360,422,1,-7134.503705499994,-3567.251852749997,14.083794068244854,47,7
1078,46.66285179958644,7.522263967342543,23.33142589979322,2135,4.0255,1067.5,1078,539.0,78,78,0,11370,422,1,-7158.503705499994,-3579.251852749997,14.100722639673426,47,7
1079,46.66285179958644,7.522263967342543,23.33142589979322,2144,4.042428571428571,1072.0,1079,539.5,78,78,0,11380,422,1,-7182.503705499994,-3591.251852749997,14.117651211101997,47,7
1080,46.66285179958644,7.522263967342543,23.33142589979322,2153,4.059357142857142,1076.5,1080,540.0,78,78,0,11390,422,1,-7206.503705499994,-3603.251852749997,14.134579782530567,47,7
1081,46.66285179958644,7.522263967342543,23.33142589979322,2162,4.076285714285714,1081.0,1081,540.5,78,78,0,11400,422,1,-7230.503705499994,-3615.251852749997,14.151508353959139,47,7
1082,46.66285179958644,7.522263967342543,23.33142589979322,2171,4.093214285714286,1085.5,1082,541.0,78,78,0,11410,422,1,-7254.503705499994,-3627.251852749997,14.168436925387711,47,7
1083,46.66285179958644,7.522263967342543,23.33142589979322,2180,4.110142857142857,1090.0,1083,541.5,78,78,0,11420,422,1,-7278.503705499994,-3639.251852749997,14.185365496816283,47,7
1084,46.66285179958644,7.522263967342543,23.33142589979322,2189,4.127071428571429,1094.5,1084,542.0,78,78,0,11430,424,1,-7302.503705499994,-3651.251852749997,14.202294068244855,47,7
1085,46.66285179958644,7.522263967342543,23.33142589979322,2198,4.143999999999999,1099.0,1085,542.5,78,78,0,11440,424,1,-7326.503705499994,-3663.251852749997,14.219222639673424,47,7
1086,46.66285179958644,7.522263967342543,23.33142589979322,2207,4.160928571428571,1103.5,1086,543.0,78,78,0,11450,424,1,-7350.503705499994,-3675.251852749997,14.236151211101996,47,7
1087,46.66285179958644,7.522263967342543,23.33142589979322,2216,4.1778571428571425,1108.0,1087,543.5,78,78,0,11460,424,1,-7374.503705499994,-3687.251852749997,14.253079782530568,47,7
1088,46.66285179958644,7.522263967342543,23.33142589979322,2225,4.194785714285715,1112.5,1088,544.0,78,78,0,11470,424,1,-7398.503705499994,-3699.251852749997,14.27000835395914,47,7
1089,46.66285179958644,7.522263967342543,23.33142589979322,2234,4.211714285714285,1117.0,1089,544.5,78,78,0,11480,424,1,-7422.503705499994,-3711.251852749997,14.28693692538771,47,7
1090,46.66285179958644,7.522263967342543,23.33142589979322,2243,4.228642857142857,1121.5,1090,545.0,78,78,0,11490,424,1,-7446.503705499994,-3723.251852749997,14.303865496816282,47,7
1091,46.66285179958644,7.522263967342543,23.33142589979322,2252,4.245571428571429,1126.0,1091,545.5,78,78,0,11500,424,1,-7470.503705499994,-3735.251852749997,14.320794068244854,47,7
1092,46.66285179958644,7.522263967342543,23.33142589979322,2261,4.2625,1130.5,1092,546.0,78,78,0,11510,424,1,-7494.503705499994,-3747.251852749997,14.337722639673425,47,7
1093,46.66285179958644,7.522263967342543,23.33142589979322,2270,4.2794285714285705,1135.0,1093,546.5,78,78,0,11520,424,1,-7518.503705499994,-3759.251852749997,14.354651211101997,47,7
1094,46.66285179958644,7.522263967342543,23.33142589979322,2280,4.298142857142857,1140.0,1094,547.0,78,78,0,11530,424,1,-7544.503705499994,-3772.251852749997,14.373365496816282,47,7
1095,46.66285179958644,7.522263967342543,23.33142589979322,2290,4.316857142857143,1145.0,1095,547.5,78,78,0,11540,424,1,-7570.503705499994,-3785.251852749997,14.392079782530567,47,7
1096,46.66285179958644,7.522263967342543,23.33142589979322,2300,4.335571428571429,1150.0,1096,548.0,78,78,0,11550,426,1,-7596.503705499994,-3798.251852749997,14.410794068244854,47,7
1097,46.66285179958644,7.522263967342543,23.33142589979322,2311,4.356285714285713,1155.5,1097,548.5,78,78,0,11560,426,1,-7624.503705499994,-3812.251852749997,14.431508353959138,47,7
1098,46.66285179958644,7.522263967342543,23.33142589979322,2322,4.376999999999999,1161.0,1098,549.0,78,78,0,11570,426,1,-7652.503705499994,-3826.251852749997,14.452222639673424,47,7
1099,46.66285179958644,7.522263967342543,23.33142589979322,2333,4.397714285714287,1166.5,1099,549.5,78,78,0,11580,426,1,-7680.503705499994,-3840.251852749997,14.472936925387712,47,7
1100,46.66285179958644,7.522263967342543,23.33142589979322,2344,4.418428571428572,1172.0,1100,550.0,78,78,0,11590,426,1,-7708.503705499994,-3854.251852749997,14.493651211101996,47,7
1101,46.66285179958644,7.522263967342543,23.33142589979322,2355,4.439142857142857,1177.5,1101,550.5,78,78,0,11600,428,1,-7736.503705499994,-3868.251852749997,14.514365496816282,47,7
1102,46.66285179958644,7.522263967342543,23.33142589979322,2366,4.459857142857143,1183.0,1102,551.0,78,78,0,11610,430,1,-7764.503705499994,-3882.251852749997,14.535079782530568,47,7
1103,46.66285179958644,7.522263967342543,23.33142589979322,2377,4.480571428571429,1188.5,1103,551.5,78,78,0,11620,432,1,-7792.503705499994,-3896.251852749997,14.555794068244856,47,7
1104,46.66285179958644,7.522263967342543,23.33142589979322,2388,4.501285714285714,1194.0,1104,552.0,78,78,0,11630,432,1,-7820.503705499994,-3910.251852749997,14.57650835395914,47,7
1105,46.66285179958644,7.522263967342543,23.33142589979322,2399,4.521999999999999,1199.5,1105,552.5,78,78,0,11640,432,1,-7848.503705499994,-3924.251852749997,14.597222639673424,47,7
1106,46.66285179958644,7.522263967342543,23.33142589979322,2410,4.542714285714285,1205.0,1106,553.0,78,78,0,11650,432,1,-7876.503705499994,-3938.251852749997,14.617936925387712,47,7
1107,46.66285179958644,7.522263967342543,23.33142589979322,2421,4.563428571428572,1210.5,1107,553.5,78,78,0,11660,432,1,-7904.503705499994,-3952.251852749997,14.638651211101998,47,7
1108,46.66285179958644,7.522263967342543,23.33142589979322,2432,4.584142857142857,1216.0,1108,554.0,78,78,0,11670,432,1,-7932.503705499994,-3966.251852749997,14.659365496816283,47,7
1109,46.66285179958644,7.522263967342543,23.33142589979322,2443,4.604857142857143,1221.5,1109,554.5,78,78,0,11680,432,1,-7960.503705499994,-3980.251852749997,14.680079782530568,47,7
1110,46.66285179958644,7.522263967342543,23.33142589979322,2454,4.625571428571429,1227.0,1110,555.0,78,78,0,11690,432,1,-7988.503705499994,-3994.251852749997,14.700794068244855,47,7
1111,46.66285179958644,7.522263967342543,23.33142589979322,2465,4.646285714285715,1232.5,1111,555.5,78,78,0,11700,432,1,-8016.503705499994,-4008.251852749997,14.72150835395914,47,7
1112,46.66285179958644,7.522263967342543,23.33142589979322,2476,4.667,1238.0,1112,556.0,78,78,0,11710,432,1,-8044.503705499994,-4022.251852749997,14.742222639673425,47,7
1113,46.66285179958644,7.522263967342543,23.33142589979322,2487,4.687714285714286,1243.5,1113,556.5,78,78,0,11720,432,1,-8072.503705499994,-4036.251852749997,14.762936925387711,47,7
1114,46.66285179958644,7.522263967342543,23.33142589979322,2498,4.708428571428571,1249.0,1114,557.0,78,78,0,11730,432,1,-8100.503705499994,-4050.251852749997,14.783651211101995,47,7
1115,46.66285179958644,7.522263967342543,23.33142589979322,2509,4.7291428571428575,1254.5,1115,557.5,78,78,0,11740,432,1,-8128.503705499994,-4064.251852749997,14.804365496816283,47,7
1116,46.66285179958644,7.522263967342543,23.33142589979322,2520,4.7498571428571426,1260.0,1116,558.0,78,78,0,11750,432,1,-8156.503705499994,-4078.251852749997,14.825079782530567,47,7
1117,46.66285179958644,7.522263967342543,23.33142589979322,2531,4.770571428571428,1265.5,1117,558.5,78,78,0,11760,432,1,-8184.503705499994,-4092.251852749997,14.845794068244853,47,7
1118,46.66285179958644,7.522263967342543,23.33142589979322,2542,4.791285714285714,1271.0,1118,559.0,78,78,0,11770,432,1,-8212.503705499992,-4106.251852749996,14.866508353959139,47,7
1119,46.66285179958644,7.522263967342543,23.33142589979322,2553,4.812,1276.5,1119,559.5,78,78,0,11780,432,1,-8240.503705499992,-4120.251852749996,14.887222639673427,47,7
1120,46.66285179958644,7.522263967342543,23.33142589979322,2564,4.832714285714286,1282.0,1120,560.0,78,78,0,11790,436,1,-8268.503705499992,-4134.251852749996,14.90793692538771,47,7
1121,46.66285179958644,7.522263967342543,23.33142589979322,2575,4.85342857142857,1287.5,1121,560.5,78,78,0,11800,436,1,-8296.503705499992,-4148.251852749996,14.928651211101995,47,7
1122,46.66285179958644,7.522263967342543,23.33142589979322,2586,4.874142857142857,1293.0,1122,561.0,78,78,0,11810,436,1,-8324.503705499992,-4162.251852749996,14.949365496816283,47,7
1123,46.66285179958644,7.522263967342543,23.33142589979322,2597,4.894857142857144,1298.5,1123,561.5,78,78,0,11820,436,1,-8352.503705499992,-4176.251852749996,14.97007978253057,47,7
1124,47.314052853506745,7.627240539379736,23.657026426753372,2608,4.915571428571429,1304.0,1124,562.0,78,78,0,11830,438,1,-8380.504170599994,-4190.252085299997,14.991843833965227,47,7
1125,47.314052853506745,7.627240539379736,23.657026426753372,2619,4.936285714285714,1309.5,1125,562.5,78,78,0,11840,438,1,-8408.504635699992,-4204.252317849996,15.012558119679511,47,7
1126,47.314052853506745,7.627240539379736,23.657026426753372,2630,4.957,1315.0,1126,563.0,78,78,0,11850,438,1,-8436.505100799994,-4218.252550399997,15.033272405393799,47,7
1127,47.314052853506745,7.627240539379736,23.657026426753372,2641,4.977714285714287,1320.5,1127,563.5,78,78,0,11860,438,1,-8464.505565899992,-4232.252782949996,15.053986691108085,47,7
1128,47.314052853506745,7.627240539379736,23.657026426753372,2653,5.000214285714286,1326.5,1128,564.0,78,78,0,11870,440,1,-8494.506030999994,-4247.253015499997,15.076486691108084,47,7
1129,47.314052853506745,7.627240539379736,23.657026426753372,2665,5.022714285714286,1332.5,1129,564.5,78,78,0,11880,440,1,-8524.506496099992,-4262.253248049996,15.098986691108085,47,7
1130,47.314052853506745,7.627240539379736,23.657026426753372,2677,5.045214285714285,1338.5,1130,565.0,78,78,0,11890,442,1,-8554.506961199993,-4277.253480599997,15.121486691108082,47,7
1131,47.314052853506745,7.627240539379736,23.657026426753372,2689,5.067714285714286,1344.5,1131,565.5,78,78,0,11900,442,1,-8584.507426299991,-4292.253713149996,15.143986691108083,47,7
1132,47.314052853506745,7.627240539379736,23.657026426753372,2701,5.090214285714286,1350.5,1132,566.0,78,78,0,11910,442,1,-8614.507891399993,-4307.253945699997,15.166486691108084,47,7
1133,47.314052853506745,7.627240539379736,23.657026426753372,2713,5.112714285714286,1356.5,1133,566.5,78,78,0,11920,444,1,-8644.508356499991,-4322.254178249996,15.188986691108084,47,7
1134,47.314052853506745,7.627240539379736,23.657026426753372,2725,5.135214285714285,1362.5,1134,567.0,78,78,0,11930,444,1,-8674.508821599993,-4337.254410799997,15.211486691108082,47,7
1135,47.314052853506745,7.627240539379736,23.657026426753372,2737,5.157714285714286,1368.5,1135,567.5,78,78,0,11940,444,1,-8704.509286699991,-4352.254643349996,15.233986691108084,47,7
1136,47.314052853506745,7.627240539379736,23.657026426753372,2749,5.180214285714285,1374.5,1136,568.0,78,78,0,11950,444,1,-8734.509751799993,-4367.2548758999965,15.256486691108083,47,7
1137,47.314052853506745,7.627240539379736,23.657026426753372,2761,5.202714285714285,1380.5,1137,568.5,78,78,0,11960,446,1,-8764.510216899991,-4382.2551084499955,15.278986691108084,47,7
1138,47.314052853506745,7.627240539379736,23.657026426753372,2773,5.225214285714285,1386.5,1138,569.0,78,78,0,11970,446,1,-8794.510681999993,-4397.255340999996,15.301486691108083,47,7
1139,47.314052853506745,7.627240539379736,23.657026426753372,2785,5.247714285714285,1392.5,1139,569.5,78,78,0,11980,450,1,-8824.510681999993,-4412.255340999996,15.323986691108082,47,7
1140,47.314052853506745,7.627240539379736,23.657026426753372,2797,5.270214285714285,1398.5,1140,570.0,79,79,0,11990,452,1,-8854.510681999993,-4427.255340999996,15.346486691108083,47,7
1141,47.314052853506745,7.627240539379736,23.657026426753372,2809,5.292714285714286,1404.5,1141,570.5,79,79,0,12000,454,1,-8884.510681999993,-4442.255340999996,15.368986691108084,47,7
1142,47.314052853506745,7.627240539379736,23.657026426753372,2821,5.315214285714285,1410.5,1142,571.0,79,79,0,12010,454,1,-8914.510681999993,-4457.255340999996,15.391486691108083,47,7
1143,47.314052853506745,7.627240539379736,23.657026426753372,2833,5.337714285714286,1416.5,1143,571.5,79,79,0,12020,454,1,-8944.510681999993,-4472.255340999996,15.413986691108084,47,7
1144,47.314052853506745,7.627240539379736,23.657026426753372,2845,5.360214285714286,1422.5,1144,572.0,79,79,0,12030,454,1,-8974.510681999993,-4487.255340999996,15.436486691108083,47,7
1145,47.314052853506745,7.627240539379736,23.657026426753372,2857,5.382714285714286,1428.5,1145,572.5,79,79,0,12040,454,1,-9004.510681999993,-4502.255340999996,15.458986691108084,47,7
1146,47.314052853506745,7.627240539379736,23.657026426753372,2869,5.405214285714285,1434.5,1146,573.0,79,79,0,12050,454,1,-9034.510681999993,-4517.255340999996,15.481486691108083,47,7
1147,47.314052853506745,7.627240539379736,23.657026426753372,2380,4.425714285714286,1190.0,1147,573.5,79,79,0,12060,454,2,-9082.510681999993,-4541.255340999996,24.501986691108083,47,7
1148,47.314052853506745,7.627240539379736,23.657026426753372,2391,4.4462142857142855,1195.5,1148,574.0,79,79,0,12070,454,2,-9110.510681999993,-4555.255340999996,24.52248669110808,47,7
1149,47.314052853506745,7.627240539379736,23.657026426753372,2402,4.466714285714286,1201.0,1149,574.5,79,79,0,12080,454,2,-9138.510681999993,-4569.255340999996,24.542986691108084,47,7
1150,47.314052853506745,7.627240539379736,23.657026426753372,2413,4.487214285714286,1206.5,1150,575.0,79,79,0,12090,454,2,-9166.510681999993,-4583.255340999996,24.563486691108086,47,7
1151,47.314052853506745,7.627240539379736,23.657026426753372,2424,4.507714285714286,1212.0,1151,575.5,79,79,0,12100,454,2,-9194.510681999993,-4597.255340999996,24.583986691108084,47,7
1152,47.314052853506745,7.627240539379736,23.657026426753372,2435,4.528214285714285,1217.5,1152,576.0,79,79,0,12110,456,2,-9222.510681999993,-4611.255340999996,24.604486691108082,47,7
1153,47.314052853506745,7.627240539379736,23.657026426753372,2446,4.5487142857142855,1223.0,1153,576.5,79,79,0,12120,456,2,-9250.510681999993,-4625.255340999996,24.624986691108084,47,7
1154,47.314052853506745,7.627240539379736,23.657026426753372,2457,4.569214285714286,1228.5,1154,577.0,79,79,0,12130,458,2,-9278.510681999993,-4639.255340999996,24.645486691108083,47,7
1155,47.314052853506745,7.627240539379736,23.657026426753372,2468,4.589714285714286,1234.0,1155,577.5,79,79,0,12140,458,2,-9306.510681999993,-4653.255340999996,24.665986691108085,47,7
1156,47.314052853506745,7.627240539379736,23.657026426753372,2479,4.610214285714285,1239.5,1156,578.0,79,79,0,12150,458,2,-9334.510681999993,-4667.255340999996,24.686486691108083,47,7
1157,47.314052853506745,7.627240539379736,23.657026426753372,2490,4.630714285714286,1245.0,1157,578.5,79,79,0,12160,458,2,-9362.510681999993,-4681.255340999996,24.706986691108085,47,7
1158,47.314052853506745,7.627240539379736,23.657026426753372,2502,4.6530000000000005,1251.0,1158,579.0,79,79,0,12170,458,2,-9392.510681999993,-4696.255340999996,24.729272405393797,47,7
1159,47.314052853506745,7.627240539379736,23.657026426753372,2514,4.675285714285715,1257.0,1159,579.5,79,79,0,12180,458,2,-9422.510681999993,-4711.255340999996,24.751558119679512,47,7
1160,47.314052853506745,7.627240539379736,23.657026426753372,2526,4.697571428571428,1263.0,1160,580.0,79,79,0,12190,458,2,-9452.510681999993,-4726.255340999996,24.773843833965227,47,7
1161,47.314052853506745,7.627240539379736,23.657026426753372,2538,4.719857142857143,1269.0,1161,580.5,79,79,0,12200,460,2,-9482.510681999993,-4741.255340999996,24.796129548250942,47,7
1162,47.314052853506745,7.627240539379736,23.657026426753372,2550,4.742142857142857,1275.0,1162,581.0,79,79,0,12210,460,2,-9512.510681999993,-4756.255340999996,24.818415262536657,47,7
1163,47.314052853506745,7.627240539379736,23.657026426753372,2562,4.764428571428572,1281.0,1163,581.5,79,79,0,12220,460,2,-9542.510681999993,-4771.255340999996,24.84070097682237,47,7
1164,47.314052853506745,7.627240539379736,23.657026426753372,2574,4.786714285714285,1287.0,1164,582.0,79,79,0,12230,460,2,-9572.510681999993,-4786.255340999996,24.862986691108084,47,7
1165,47.314052853506745,7.627240539379736,23.657026426753372,2586,4.809,1293.0,1165,582.5,79,79,0,12240,460,2,-9602.510681999993,-4801.255340999996,24.8852724053938,47,7
1166,47.314052853506745,7.627240539379736,23.657026426753372,2598,4.8312857142857135,1299.0,1166,583.0,79,79,0,12250,460,2,-9632.510681999993,-4816.255340999996,24.90755811967951,47,7
1167,47.314052853506745,7.627240539379736,23.657026426753372,2049,3.851785714285714,1024.5,1167,583.5,79,79,0,12260,460,3,-9680.510681999993,-4840.255340999996,33.928058119679505,47,7
1168,47.314052853506745,7.627240539379736,23.657026426753372,2060,3.8722857142857143,1030.0,1168,584.0,79,79,0,12270,462,3,-9708.510681999993,-4854.255340999996,33.94855811967951,47,7
1169,47.314052853506745,7.627240539379736,23.657026426753372,2071,3.892785714285714,1035.5,1169,584.5,79,79,0,12280,462,3,-9736.510681999993,-4868.255340999996,33.96905811967951,47,7
1170,47.314052853506745,7.627240539379736,23.657026426753372,2082,3.9132857142857143,1041.0,1170,585.0,79,79,0,12290,462,3,-9764.510681999993,-4882.255340999996,33.98955811967951,47,7
1171,47.314052853506745,7.627240539379736,23.657026426753372,2093,3.9337857142857144,1046.5,1171,585.5,79,79,0,12300,462,3,-9792.510681999993,-4896.255340999996,34.010058119679506,47,7
1172,47.314052853506745,7.627240539379736,23.657026426753372,2104,3.954285714285714,1052.0,1172,586.0,79,79,0,12310,462,3,-9820.510681999993,-4910.255340999996,34.03055811967951,47,7
1173,47.314052853506745,7.627240539379736,23.657026426753372,2115,3.9747857142857144,1057.5,1173,586.5,79,79,0,12320,464,3,-9848.510681999993,-4924.255340999996,34.05105811967951,47,7
1174,47.314052853506745,7.627240539379736,23.657026426753372,2126,3.995285714285715,1063.0,1174,587.0,79,79,0,12330,464,3,-9876.510681999993,-4938.255340999996,34.07155811967951,47,7
1175,47.314052853506745,7.627240539379736,23.657026426753372,2137,4.015785714285714,1068.5,1175,587.5,79,79,0,12340,466,3,-9904.510681999993,-4952.255340999996,34.09205811967951,47,7
1176,47.314052853506745,7.627240539379736,23.657026426753372,2148,4.0362857142857145,1074.0,1176,588.0,79,79,0,12350,466,3,-9932.510681999993,-4966.255340999996,34.112558119679505,47,7
1177,47.314052853506745,7.627240539379736,23.657026426753372,2159,4.056785714285715,1079.5,1177,588.5,79,79,0,12360,468,3,-9960.510681999993,-4980.255340999996,34.13305811967951,47,7
1178,47.314052853506745,7.627240539379736,23.657026426753372,2170,4.077285714285714,1085.0,1178,589.0,79,79,0,12370,468,3,-9988.510681999993,-4994.255340999996,34.15355811967951,47,7
1179,47.314052853506745,7.627240539379736,23.657026426753372,2181,4.097785714285715,1090.5,1179,589.5,79,79,0,12380,468,3,-10016.510681999993,-5008.255340999996,34.17405811967951,47,7
1180,47.314052853506745,7.627240539379736,23.657026426753372,2192,4.118285714285714,1096.0,1180,590.0,79,79,0,12390,468,3,-10044.510681999993,-5022.255340999996,34.194558119679506,47,7
1181,47.314052853506745,7.627240539379736,23.657026426753372,2203,4.1387857142857145,1101.5,1181,590.5,79,79,0,12400,468,3,-10072.510681999993,-5036.255340999996,34.21505811967951,47,7
1182,47.314052853506745,7.627240539379736,23.657026426753372,2214,4.159285714285714,1107.0,1182,591.0,79,79,0,12410,468,3,-10100.510681999993,-5050.255340999996,34.23555811967951,47,7
1183,47.314052853506745,7.627240539379736,23.657026426753372,2225,4.179785714285715,1112.5,1183,591.5,79,79,0,12420,468,3,-10128.510681999993,-5064.255340999996,34.25605811967951,47,7
1184,47.314052853506745,7.627240539379736,23.657026426753372,2236,4.200285714285715,1118.0,1184,592.0,79,79,0,12430,468,3,-10156.510681999993,-5078.255340999996,34.27655811967951,47,7
1185,47.314052853506745,7.627240539379736,23.657026426753372,2247,4.220785714285714,1123.5,1185,592.5,79,79,0,12440,468,3,-10184.510681999993,-5092.255340999996,34.297058119679505,47,7
1186,48.0748862959328,7.749890351133448,24.0374431479664,2258,4.241285714285714,1129.0,1186,593.0,79,79,0,12450,470,3,-10212.511157499992,-5106.255578749996,34.31878461779705,47,7
1187,48.0748862959328,7.749890351133448,24.0374431479664,2269,4.261785714285715,1134.5,1187,593.5,79,79,0,12460,472,3,-10240.511632999991,-5120.2558164999955,34.33928461779705,47,7
1188,48.0748862959328,7.749890351133448,24.0374431479664,2280,4.282285714285715,1140.0,1188,594.0,79,79,0,12470,472,3,-10268.512108499992,-5134.256054249996,34.35978461779705,47,7
1189,48.0748862959328,7.749890351133448,24.0374431479664,2291,4.302785714285714,1145.5,1189,594.5,79,79,0,12480,472,3,-10296.512583999993,-5148.256291999996,34.380284617797045,47,7
1190,48.0748862959328,7.749890351133448,24.0374431479664,2302,4.3232857142857135,1151.0,1190,595.0,79,79,0,12490,472,3,-10324.513059499992,-5162.256529749996,34.40078461779705,47,7
1191,48.0748862959328,7.749890351133448,24.0374431479664,2313,4.343785714285715,1156.5,1191,595.5,79,79,0,12500,472,3,-10352.513534999991,-5176.2567674999955,34.42128461779705,47,7
1192,48.0748862959328,7.749890351133448,24.0374431479664,2324,4.364285714285715,1162.0,1192,596.0,79,79,0,12510,472,3,-10380.514010499992,-5190.257005249996,34.44178461779705,47,7
1193,48.0748862959328,7.749890351133448,24.0374431479664,2335,4.384785714285714,1167.5,1193,596.5,79,79,0,12520,472,3,-10408.514485999993,-5204.257242999996,34.462284617797046,47,7
1194,48.0748862959328,7.749890351133448,24.0374431479664,2346,4.405285714285713,1173.0,1194,597.0,79,79,0,12530,472,3,-10436.514961499992,-5218.257480749996,34.482784617797044,47,7
1195,48.0748862959328,7.749890351133448,24.0374431479664,2357,4.425785714285714,1178.5,1195,597.5,79,79,0,12540,472,3,-10464.515436999991,-5232.2577184999955,34.50328461779705,47,7
1196,48.0748862959328,7.749890351133448,24.0374431479664,2368,4.446285714285715,1184.0,1196,598.0,79,79,0,12550,472,3,-10492.515912499992,-5246.257956249996,34.52378461779705,47,7
1197,48.0748862959328,7.749890351133448,24.0374431479664,2379,4.466785714285715,1189.5,1197,598.5,79,79,0,12560,472,3,-10520.516387999993,-5260.258193999996,34.54428461779705,47,7
1198,48.0748862959328,7.749890351133448,24.0374431479664,2390,4.487285714285713,1195.0,1198,599.0,79,79,0,12570,472,3,-10548.516863499992,-5274.258431749996,34.564784617797045,47,7
1199,48.0748862959328,7.749890351133448,24.0374431479664,2401,4.507785714285714,1200.5,1199,599.5,79,79,0,12580,472,3,-10576.51733899999,-5288.258669499995,34.58528461779705,47,7
1200,48.0748862959328,7.749890351133448,24.0374431479664,2412,4.5282857142857145,1206.0,1200,600.0,79,79,0,12590,472,3,-10604.517814499992,-5302.258907249996,34.60578461779705,47,7
1201,48.0748862959328,7.749890351133448,24.0374431479664,2423,4.548785714285715,1211.5,1201,600.5,79,79,0,12600,472,3,-10632.518289999993,-5316.259144999996,34.62628461779705,47,7
1202,48.0748862959328,7.749890351133448,24.0374431479664,2434,4.569285714285713,1217.0,1202,601.0,79,79,0,12610,472,3,-10660.518765499992,-5330.259382749996,34.646784617797046,47,7
1203,48.0748862959328,7.749890351133448,24.0374431479664,2445,4.589785714285714,1222.5,1203,601.5,79,79,0,12620,472,3,-10688.518765499992,-5344.259382749996,34.667284617797044,47,7
1204,48.0748862959328,7.749890351133448,24.0374431479664,2456,4.610285714285714,1228.0,1204,602.0,80,80,0,12630,472,3,-10716.518765499992,-5358.259382749996,34.68778461779705,47,7
1205,48.0748862959328,7.749890351133448,24.0374431479664,2467,4.6307857142857145,1233.5,1205,602.5,80,80,0,12640,474,3,-10744.518765499992,-5372.259382749996,34.70828461779705,47,7
1206,48.0748862959328,7.749890351133448,24.0374431479664,2478,4.651285714285713,1239.0,1206,603.0,80,80,0,12650,474,3,-10772.518765499992,-5386.259382749996,34.72878461779705,47,7
1207,48.0748862959328,7.749890351133448,24.0374431479664,2489,4.671785714285716,1244.5,1207,603.5,80,80,0,12660,474,3,-10800.518765499992,-5400.259382749996,34.74928461779705,47,7
1208,48.0748862959328,7.749890351133448,24.0374431479664,2500,4.692285714285714,1250.0,1208,604.0,80,80,0,12670,474,3,-10828.518765499992,-5414.259382749996,34.76978461779705,47,7
1209,48.0748862959328,7.749890351133448,24.0374431479664,2511,4.712785714285714,1255.5,1209,604.5,80,80,0,12680,474,3,-10856.518765499992,-5428.259382749996,34.79028461779705,47,7
1210,48.0748862959328,7.749890351133448,24.0374431479664,2522,4.733285714285714,1261.0,1210,605.0,80,80,0,12690,474,3,-10884.518765499992,-5442.259382749996,34.81078461779705,47,7
1211,48.0748862959328,7.749890351133448,24.0374431479664,2533,4.753785714285715,1266.5,1211,605.5,80,80,0,12700,476,3,-10912.518765499992,-5456.259382749996,34.831284617797046,47,7
1212,48.0748862959328,7.749890351133448,24.0374431479664,2544,4.774285714285715,1272.0,1212,606.0,80,80,0,12710,476,3,-10940.518765499992,-5470.259382749996,34.85178461779705,47,7
1213,48.0748862959328,7.749890351133448,24.0374431479664,2555,4.794785714285714,1277.5,1213,606.5,80,80,0,12720,476,3,-10968.518765499992,-5484.259382749996,34.87228461779705,47,7
1214,48.0748862959328,7.749890351133448,24.0374431479664,2566,4.8152857142857135,1283.0,1214,607.0,80,80,0,12730,476,3,-10996.518765499992,-5498.259382749996,34.89278461779705,47,7
1215,48.0748862959328,7.749890351133448,24.0374431479664,2577,4.835785714285715,1288.5,1215,607.5,80,80,0,12740,476,3,-11024.518765499992,-5512.259382749996,34.913284617797046,47,7
1216,48.85920100790339,7.876325450347966,24.429600503951693,2588,4.856285714285715,1294.0,1216,608.0,80,80,0,12750,476,3,-11052.519255699992,-5526.259627849996,34.9350489687892,47,7
1217,48.85920100790339,7.876325450347966,24.429600503951693,2599,4.876785714285714,1299.5,1217,608.5,80,80,0,12760,476,3,-11080.519745899992,-5540.259872949996,34.955548968789195,47,7
1218,48.85920100790339,7.876325450347966,24.429600503951693,2610,4.897285714285713,1305.0,1218,609.0,80,80,0,12770,476,3,-11108.520236099992,-5554.260118049996,34.97604896878919,47,7
1219,48.85920100790339,7.876325450347966,24.429600503951693,2621,4.9177857142857135,1310.5,1219,609.5,80,80,0,12780,476,3,-11136.520726299992,-5568.260363149996,34.99654896878919,47,7
1220,48.85920100790339,7.876325450347966,24.429600503951693,2632,4.938285714285715,1316.0,1220,610.0,80,80,0,12790,476,3,-11164.521216499992,-5582.260608249996,35.01704896878919,47,7
1221,48.85920100790339,7.876325450347966,24.429600503951693,2643,4.958785714285714,1321.5,1221,610.5,80,80,0,12800,476,3,-11192.521706699992,-5596.260853349996,35.03754896878919,47,7
1222,48.85920100790339,7.876325450347966,24.429600503951693,2654,4.979285714285713,1327.0,1222,611.0,80,80,0,12810,476,3,-11220.522196899992,-5610.261098449996,35.058048968789194,47,7
1223,48.85920100790339,7.876325450347966,24.429600503951693,2665,4.999785714285714,1332.5,1223,611.5,80,80,0,12820,476,3,-11248.522687099992,-5624.261343549996,35.07854896878919,47,7
1224,48.85920100790339,7.876325450347966,24.429600503951693,2676,5.0202857142857145,1338.0,1224,612.0,80,80,0,12830,476,3,-11276.523177299992,-5638.261588649996,35.09904896878919,47,7
1225,48.85920100790339,7.876325450347966,24.429600503951693,2687,5.040785714285714,1343.5,1225,612.5,80,80,0,12840,478,3,-11304.523667499992,-5652.261833749996,35.11954896878919,47,7
1226,48.85920100790339,7.876325450347966,24.429600503951693,2698,5.061285714285714,1349.0,1226,613.0,80,80,0,12850,478,3,-11332.524157699992,-5666.262078849996,35.140048968789195,47,7
1227,48.85920100790339,7.876325450347966,24.429600503951693,2709,5.081785714285715,1354.5,1227,613.5,80,80,0,12860,478,3,-11360.524647899992,-5680.262323949996,35.16054896878919,47,7
1228,48.85920100790339,7.876325450347966,24.429600503951693,2720,5.102285714285714,1360.0,1228,614.0,80,80,0,12870,478,3,-11388.525138099993,-5694.262569049996,35.18104896878919,47,7
1229,48.85920100790339,7.876325450347966,24.429600503951693,2731,5.1227857142857145,1365.5,1229,614.5,80,80,0,12880,478,3,-11416.525628299993,-5708.262814149996,35.20154896878919,47,7
1230,48.85920100790339,7.876325450347966,24.429600503951693,2742,5.143285714285714,1371.0,1230,615.0,80,80,0,12890,478,3,-11444.526118499993,-5722.263059249996,35.22204896878919,47,7
1231,48.85920100790339,7.876325450347966,24.429600503951693,2753,5.163785714285714,1376.5,1231,615.5,80,80,0,12900,478,3,-11472.526608699993,-5736.263304349996,35.242548968789194,47,7
1232,48.85920100790339,7.876325450347966,24.429600503951693,2764,5.184285714285715,1382.0,1232,616.0,80,80,0,12910,480,3,-11500.527098899993,-5750.263549449996,35.26304896878919,47,7
1233,48.85920100790339,7.876325450347966,24.429600503951693,2775,5.204785714285714,1387.5,1233,616.5,80,80,0,12920,482,3,-11528.527098899993,-5764.263549449996,35.28354896878919,47,7
1234,48.85920100790339,7.876325450347966,24.429600503951693,2786,5.2252857142857145,1393.0,1234,617.0,81,81,0,12930,484,3,-11556.527098899993,-5778.263549449996,35.304048968789196,47,7
1235,48.85920100790339,7.876325450347966,24.429600503951693,2797,5.245785714285715,1398.5,1235,617.5,81,81,0,12940,486,3,-11584.527098899993,-5792.263549449996,35.324548968789195,47,7
1236,48.85920100790339,7.876325450347966,24.429600503951693,2808,5.266285714285715,1404.0,1236,618.0,81,81,0,12950,486,3,-11612.527098899993,-5806.263549449996,35.34504896878919,47,7
1237,48.85920100790339,7.876325450347966,24.429600503951693,2819,5.286785714285714,1409.5,1237,618.5,81,81,0,12960,486,3,-11640.527098899993,-5820.263549449996,35.36554896878919,47,7
1238,48.85920100790339,7.876325450347966,24.429600503951693,2830,5.307285714285714,1415.0,1238,619.0,81,81,0,12970,486,3,-11668.527098899993,-5834.263549449996,35.38604896878919,47,7
1239,48.85920100790339,7.876325450347966,24.429600503951693,2841,5.327785714285715,1420.5,1239,619.5,81,81,0,12980,486,3,-11696.527098899993,-5848.263549449996,35.406548968789195,47,7
1240,48.85920100790339,7.876325450347966,24.429600503951693,2852,5.348285714285715,1426.0,1240,620.0,81,81,0,12990,486,3,-11724.527098899993,-5862.263549449996,35.427048968789194,47,7
1241,48.85920100790339,7.876325450347966,24.429600503951693,2863,5.368785714285714,1431.5,1241,620.5,81,81,0,13000,486,3,-11752.527098899993,-5876.263549449996,35.44754896878919,47,7
1242,48.85920100790339,7.876325450347966,24.429600503951693,2874,5.389285714285714,1437.0,1242,621.0,81,81,0,13010,486,3,-11780.527098899993,-5890.263549449996,35.46804896878919,47,7
1243,48.85920100790339,7.876325450347966,24.429600503951693,2885,5.409785714285714,1442.5,1243,621.5,81,81,0,13020,486,3,-11808.527098899993,-5904.263549449996,35.488548968789196,47,7
1244,48.85920100790339,7.712235336799051,24.429600503951693,2896,5.430285714285715,1448.0,1244,622.0,81,81,0,13030,486,3,-11836.527098899993,-5918.263549449996,35.50740806765371,48,8
1245,48.85920100790339,7.712235336799051,24.429600503951693,2907,5.450785714285714,1453.5,1245,622.5,81,81,0,13040,486,3,-11864.527098899993,-5932.263549449996,35.527908067653705,48,8
1246,48.85920100790339,7.712235336799051,24.429600503951693,2919,5.4731375661375665,1459.5,1246,623.0,81,81,0,13050,488,3,-11894.527098899993,-5947.263549449996,35.55025991950556,48,8
1247,48.85920100790339,7.712235336799051,24.429600503951693,2931,5.495489417989418,1465.5,1247,623.5,81,81,0,13060,488,3,-11924.527098899993,-5962.263549449996,35.57261177135741,48,8
1248,48.85920100790339,7.712235336799051,24.429600503951693,2943,5.51784126984127,1471.5,1248,624.0,81,81,0,13070,488,3,-11954.527098899993,-5977.263549449996,35.59496362320926,48,8
1249,48.85920100790339,7.712235336799051,24.429600503951693,2955,5.540193121693122,1477.5,1249,624.5,81,81,0,13080,488,3,-11984.527098899993,-5992.263549449996,35.61731547506111,48,8
1250,48.85920100790339,7.712235336799051,24.429600503951693,2967,5.5625449735449735,1483.5,1250,625.0,81,81,0,13090,488,3,-12014.527098899993,-6007.263549449996,35.639667326912964,48,8
1251,48.85920100790339,7.712235336799051,24.429600503951693,2979,5.584896825396824,1489.5,1251,625.5,81,81,0,13100,488,3,-12044.527098899993,-6022.263549449996,35.662019178764815,48,8
1252,48.85920100790339,7.712235336799051,24.429600503951693,2991,5.607248677248678,1495.5,1252,626.0,81,81,0,13110,488,3,-12074.527098899993,-6037.263549449996,35.68437103061667,48,8
1253,48.85920100790339,7.712235336799051,24.429600503951693,3003,5.629600529100529,1501.5,1253,626.5,81,81,0,13120,488,3,-12104.527098899993,-6052.263549449996,35.70672288246852,48,8
1254,48.85920100790339,7.712235336799051,24.429600503951693,3015,5.651952380952381,1507.5,1254,627.0,81,81,0,13130,488,3,-12134.527098899993,-6067.263549449996,35.72907473432037,48,8
1255,48.85920100790339,7.712235336799051,24.429600503951693,3027,5.674304232804232,1513.5,1255,627.5,81,81,0,13140,490,3,-12164.527098899993,-6082.263549449996,35.75142658617222,48,8
1256,48.85920100790339,7.712235336799051,24.429600503951693,3039,5.696656084656086,1519.5,1256,628.0,81,81,0,13150,490,3,-12194.527098899993,-6097.263549449996,35.773778438024074,48,8
1257,48.85920100790339,7.712235336799051,24.429600503951693,3051,5.7190079365079365,1525.5,1257,628.5,81,81,0,13160,490,3,-12224.527098899993,-6112.263549449996,35.796130289875926,48,8
1258,48.85920100790339,7.712235336799051,24.429600503951693,3063,5.741359788359788,1531.5,1258,629.0,81,81,0,13170,490,3,-12254.527098899993,-6127.263549449996,35.81848214172778,48,8
1259,48.85920100790339,7.712235336799051,24.429600503951693,3075,5.763711640211639,1537.5,1259,629.5,81,81,0,13180,490,3,-12284.527098899993,-6142.263549449996,35.84083399357963,48,8
1260,48.85920100790339,7.712235336799051,24.429600503951693,3087,5.786063492063493,1543.5,1260,630.0,81,81,0,13190,490,3,-12314.527098899993,-6157.263549449996,35.86318584543148,48,8
1261,48.85920100790339,7.712235336799051,24.429600503951693,3099,5.808415343915343,1549.5,1261,630.5,81,81,0,13200,492,3,-12344.527098899993,-6172.263549449996,35.88553769728333,48,8
1262,48.85920100790339,7.712235336799051,24.429600503951693,3111,5.830767195767196,1555.5,1262,631.0,81,81,0,13210,492,3,-12374.527098899993,-6187.263549449996,35.907889549135184,48,8
1263,48.85920100790339,7.712235336799051,24.429600503951693,3123,5.853119047619048,1561.5,1263,631.5,81,81,0,13220,494,3,-12404.527098899993,-6202.263549449996,35.930241400987036,48,8
1264,48.85920100790339,7.712235336799051,24.429600503951693,3135,5.8754708994709,1567.5,1264,632.0,81,81,0,13230,494,3,-12434.527098899993,-6217.263549449996,35.95259325283889,48,8
1265,48.85920100790339,7.712235336799051,24.429600503951693,3147,5.897822751322751,1573.5,1265,632.5,81,81,0,13240,494,3,-12464.527098899993,-6232.263549449996,35.97494510469074,48,8
1266,48.85920100790339,7.712235336799051,24.429600503951693,3159,5.920174603174603,1579.5,1266,633.0,81,81,0,13250,494,3,-12494.527098899993,-6247.263549449996,35.99729695654259,48,8
1267,48.85920100790339,7.712235336799051,24.429600503951693,3171,5.942526455026455,1585.5,1267,633.5,81,81,0,13260,494,3,-12524.527098899993,-6262.263549449996,36.01964880839444,48,8
1268,48.85920100790339,7.712235336799051,24.429600503951693,3183,5.964878306878307,1591.5,1268,634.0,81,81,0,13270,496,3,-12554.527098899993,-6277.263549449996,36.042000660246295,48,8
1269,48.85920100790339,7.712235336799051,24.429600503951693,3195,5.987230158730158,1597.5,1269,634.5,81,81,0,13280,496,3,-12584.527098899993,-6292.263549449996,36.06435251209815,48,8
1270,48.85920100790339,7.712235336799051,24.429600503951693,2646,5.007796296296297,1323.0,1270,635.0,81,81,0,13290,496,4,-12632.527098899993,-6316.263549449996,45.08491864966429,48,8
1271,48.85920100790339,7.712235336799051,24.429600503951693,2657,5.0283624338624335,1328.5,1271,635.5,81,81,0,13300,496,4,-12660.527098899993,-6330.263549449996,45.105484787230424,48,8
1272,48.85920100790339,7.712235336799051,24.429600503951693,2668,5.048928571428571,1334.0,1272,636.0,81,81,0,13310,496,4,-12688.527098899993,-6344.263549449996,45.12605092479656,48,8
1273,48.85920100790339,7.712235336799051,24.429600503951693,2679,5.06949470899471,1339.5,1273,636.5,81,81,0,13320,496,4,-12716.527098899993,-6358.263549449996,45.1466170623627,48,8
1274,48.85920100790339,7.712235336799051,24.429600503951693,2690,5.090060846560847,1345.0,1274,637.0,81,81,0,13330,496,4,-12744.527098899993,-6372.263549449996,45.167183199928836,48,8
1275,48.85920100790339,7.712235336799051,24.429600503951693,2701,5.110626984126984,1350.5,1275,637.5,81,81,0,13340,498,4,-12772.527098899993,-6386.263549449996,45.18774933749497,48,8
1276,48.85920100790339,7.712235336799051,24.429600503951693,2712,5.131193121693122,1356.0,1276,638.0,81,81,0,13350,498,4,-12800.527098899993,-6400.263549449996,45.20831547506111,48,8
1277,48.85920100790339,7.712235336799051,24.429600503951693,2723,5.15175925925926,1361.5,1277,638.5,81,81,0,13360,498,4,-12828.527098899993,-6414.263549449996,45.22888161262725,48,8
1278,48.85920100790339,7.712235336799051,24.429600503951693,2734,5.172325396825397,1367.0,1278,639.0,81,81,0,13370,498,4,-12856.527098899993,-6428.263549449996,45.24944775019339,48,8
1279,48.85920100790339,7.712235336799051,24.429600503951693,2745,5.192891534391534,1372.5,1279,639.5,81,81,0,13380,498,4,-12884.527098899993,-6442.263549449996,45.270013887759525,48,8
1280,48.85920100790339,7.712235336799051,24.429600503951693,2756,5.213457671957672,1378.0,1280,640.0,81,81,0,13390,498,4,-12912.527098899993,-6456.263549449996,45.29058002532566,48,8
1281,48.85920100790339,7.712235336799051,24.429600503951693,2768,5.235809523809524,1384.0,1281,640.5,81,81,0,13400,498,4,-12942.527098899993,-6471.263549449996,45.31293187717751,48,8
1282,48.85920100790339,7.712235336799051,24.429600503951693,2780,5.258161375661375,1390.0,1282,641.0,81,81,0,13410,498,4,-12972.527098899993,-6486.263549449996,45.33528372902936,48,8
1283,48.85920100790339,7.712235336799051,24.429600503951693,2792,5.280513227513227,1396.0,1283,641.5,81,81,0,13420,498,4,-13002.527098899993,-6501.263549449996,45.357635580881215,48,8
1284,48.85920100790339,7.712235336799051,24.429600503951693,2804,5.30286507936508,1402.0,1284,642.0,81,81,0,13430,498,4,-13032.527098899993,-6516.263549449996,45.37998743273307,48,8
1285,48.85920100790339,7.712235336799051,24.429600503951693,2816,5.325216931216932,1408.0,1285,642.5,81,81,0,13440,498,4,-13062.527098899993,-6531.263549449996,45.40233928458492,48,8
1286,48.85920100790339,7.712235336799051,24.429600503951693,2828,5.347568783068783,1414.0,1286,643.0,81,81,0,13450,498,4,-13092.527098899993,-6546.263549449996,45.42469113643677,48,8
1287,48.85920100790339,7.712235336799051,24.429600503951693,2840,5.369920634920634,1420.0,1287,643.5,81,81,0,13460,498,4,-13122.527098899993,-6561.263549449996,45.44704298828862,48,8
1288,48.85920100790339,7.712235336799051,24.429600503951693,2852,5.3922724867724865,1426.0,1288,644.0,81,81,0,13470,498,4,-13152.527098899993,-6576.263549449996,45.469394840140474,48,8
1289,48.85920100790339,7.712235336799051,24.429600503951693,2864,5.414624338624339,1432.0,1289,644.5,81,81,0,13480,500,4,-13182.527098899993,-6591.263549449996,45.491746691992326,48,8
1290,48.85920100790339,7.712235336799051,24.429600503951693,2876,5.436976190476191,1438.0,1290,645.0,81,81,0,13490,502,4,-13212.527098899993,-6606.263549449996,45.51409854384418,48,8
1291,48.85920100790339,7.712235336799051,24.429600503951693,2387,4.457328042328043,1193.5,1291,645.5,81,81,0,13500,502,5,-13260.527098899993,-6630.263549449996,54.534450395696034,48,8
1292,48.85920100790339,7.712235336799051,24.429600503951693,2398,4.477679894179894,1199.0,1292,646.0,81,81,0,13510,502,5,-13288.527098899993,-6644.263549449996,54.55480224754788,48,8
1293,48.85920100790339,7.712235336799051,24.429600503951693,2409,4.498031746031747,1204.5,1293,646.5,81,81,0,13520,502,5,-13316.527098899993,-6658.263549449996,54.57515409939974,48,8
1294,48.85920100790339,7.712235336799051,24.429600503951693,2420,4.518383597883598,1210.0,1294,647.0,81,81,0,13530,502,5,-13344.527098899993,-6672.263549449996,54.59550595125159,48,8
1295,48.85920100790339,7.712235336799051,24.429600503951693,2431,4.53873544973545,1215.5,1295,647.5,81,81,0,13540,504,5,-13372.527098899993,-6686.263549449996,54.61585780310344,48,8
1296,48.85920100790339,7.712235336799051,24.429600503951693,2442,4.559087301587302,1221.0,1296,648.0,81,81,0,13550,506,5,-13400.527098899993,-6700.263549449996,54.636209654955294,48,8
1297,48.85920100790339,7.712235336799051,24.429600503951693,2453,4.5794391534391545,1226.5,1297,648.5,81,81,0,13560,508,5,-13428.527098899993,-6714.263549449996,54.656561506807144,48,8
1298,48.85920100790339,7.712235336799051,24.429600503951693,2464,4.599791005291006,1232.0,1298,649.0,81,81,0,13570,508,5,-13456.527098899993,-6728.263549449996,54.67691335865899,48,8
1299,48.85920100790339,7.712235336799051,24.429600503951693,2475,4.6201428571428576,1237.5,1299,649.5,81,81,0,13580,508,5,-13484.527098899993,-6742.263549449996,54.69726521051085,48,8
1300,48.85920100790339,7.712235336799051,24.429600503951693,2486,4.6404947089947095,1243.0,1300,650.0,81,81,0,13590,508,5,-13512.527098899993,-6756.263549449996,54.7176170623627,48,8
1301,48.85920100790339,7.712235336799051,24.429600503951693,2497,4.6608465608465615,1248.5,1301,650.5,81,81,0,13600,510,5,-13540.527098899993,-6770.263549449996,54.737968914214555,48,8
1302,48.85920100790339,7.712235336799051,24.429600503951693,2508,4.6811984126984125,1254.0,1302,651.0,81,81,0,13610,510,5,-13568.527098899993,-6784.263549449996,54.758320766066404,48,8
1303,48.85920100790339,7.712235336799051,24.429600503951693,2519,4.701550264550264,1259.5,1303,651.5,81,81,0,13620,510,5,-13596.527098899993,-6798.263549449996,54.778672617918254,48,8
1304,48.85920100790339,7.712235336799051,24.429600503951693,2530,4.721902116402116,1265.0,1304,652.0,81,81,0,13630,510,5,-13624.527098899993,-6812.263549449996,54.79902446977011,48,8
1305,48.85920100790339,7.712235336799051,24.429600503951693,2541,4.742253968253969,1270.5,1305,652.5,81,81,0,13640,510,5,-13652.527098899993,-6826.263549449996,54.81937632162196,48,8
1306,48.85920100790339,7.712235336799051,24.429600503951693,2552,4.76260582010582,1276.0,1306,653.0,81,81,0,13650,510,5,-13680.527098899993,-6840.263549449996,54.83972817347381,48,8
1307,48.85920100790339,7.712235336799051,24.429600503951693,2563,4.782957671957671,1281.5,1307,653.5,81,81,0,13660,510,5,-13708.527098899993,-6854.263549449996,54.860080025325665,48,8
1308,48.85920100790339,7.712235336799051,24.429600503951693,2574,4.803309523809523,1287.0,1308,654.0,81,81,0,13670,512,5,-13736.527098899993,-6868.263549449996,54.880431877177514,48,8
1309,48.85920100790339,7.712235336799051,24.429600503951693,2585,4.823661375661376,1292.5,1309,654.5,81,81,0,13680,514,5,-13764.527098899993,-6882.263549449996,54.900783729029364,48,8
1310,48.85920100790339,7.712235336799051,24.429600503951693,2596,4.844013227513227,1298.0,1310,655.0,81,81,0,13690,514,5,-13792.527098899993,-6896.263549449996,54.92113558088122,48,8
1311,48.85920100790339,7.712235336799051,24.429600503951693,2607,4.864365079365078,1303.5,1311,655.5,81,81,0,13700,514,5,-13820.527098899993,-6910.263549449996,54.94148743273307,48,8
1312,48.85920100790339,7.712235336799051,24.429600503951693,2618,4.884716931216932,1309.0,1312,656.0,81,81,0,13710,514,5,-13848.527098899993,-6924.263549449996,54.96183928458492,48,8
1313,48.85920100790339,7.712235336799051,24.429600503951693,2629,4.905068783068784,1314.5,1313,656.5,81,81,0,13720,514,5,-13876.527098899993,-6938.263549449996,54.982191136436775,48,8
1314,48.85920100790339,7.712235336799051,24.429600503951693,2640,4.925420634920635,1320.0,1314,657.0,81,81,0,13730,514,5,-13904.527098899993,-6952.263549449996,55.002542988288624,48,8
1315,48.85920100790339,7.712235336799051,24.429600503951693,2651,4.945772486772486,1325.5,1315,657.5,81,81,0,13740,514,5,-13932.527098899993,-6966.263549449996,55.022894840140474,48,8
1316,48.85920100790339,7.712235336799051,24.429600503951693,2662,4.96612433862434,1331.0,1316,658.0,81,81,0,13750,514,5,-13960.527098899993,-6980.263549449996,55.04324669199233,48,8
1317,48.85920100790339,7.712235336799051,24.429600503951693,2673,4.986476190476191,1336.5,1317,658.5,81,81,0,13760,514,5,-13988.527098899993,-6994.263549449996,55.06359854384418,48,8
1318,48.85920100790339,7.712235336799051,24.429600503951693,2684,5.006828042328042,1342.0,1318,659.0,81,81,0,13770,514,5,-14016.527098899993,-7008.263549449996,55.08395039569603,48,8
1319,48.85920100790339,7.712235336799051,24.429600503951693,2695,5.027179894179893,1347.5,1319,659.5,81,81,0,13780,516,5,-14044.527098899993,-7022.263549449996,55.104302247547885,48,8
1320,48.85920100790339,7.712235336799051,24.429600503951693,2706,5.047531746031747,1353.0,1320,660.0,81,81,0,13790,516,5,-14072.527098899993,-7036.263549449996,55.124654099399734,48,8
1321,48.85920100790339,7.712235336799051,24.429600503951693,2717,5.067883597883598,1358.5,1321,660.5,81,81,0,13800,516,5,-14100.527098899993,-7050.263549449996,55.14500595125159,48,8
1322,48.85920100790339,7.712235336799051,24.429600503951693,2728,5.08823544973545,1364.0,1322,661.0,81,81,0,13810,516,5,-14128.527098899993,-7064.263549449996,55.16535780310344,48,8
1323,48.85920100790339,7.712235336799051,24.429600503951693,2739,5.1085873015873,1369.5,1323,661.5,81,81,0,13820,516,5,-14156.527098899993,-7078.263549449996,55.18570965495529,48,8
1324,48.85920100790339,7.712235336799051,24.429600503951693,2750,5.128939153439154,1375.0,1324,662.0,81,81,0,13830,516,5,-14184.527098899993,-7092.263549449996,55.206061506807146,48,8
1325,48.85920100790339,7.712235336799051,24.429600503951693,2761,5.149291005291006,1380.5,1325,662.5,81,81,0,13840,516,5,-14212.527098899993,-7106.263549449996,55.226413358658995,48,8
1326,48.85920100790339,7.712235336799051,24.429600503951693,2772,5.169642857142857,1386.0,1326,663.0,81,81,0,13850,516,5,-14240.527098899993,-7120.263549449996,55.246765210510844,48,8
1327,48.85920100790339,7.712235336799051,24.429600503951693,2783,5.189994708994708,1391.5,1327,663.5,81,81,0,13860,516,5,-14268.527098899993,-7134.263549449996,55.2671170623627,48,8
1328,48.85920100790339,7.712235336799051,24.429600503951693,2794,5.210346560846562,1397.0,1328,664.0,81,81,0,13870,518,5,-14296.527098899993,-7148.263549449996,55.28746891421455,48,8
1329,48.85920100790339,7.712235336799051,24.429600503951693,2805,5.2306984126984135,1402.5,1329,664.5,81,81,0,13880,518,5,-14324.527098899993,-7162.263549449996,55.307820766066406,48,8
1330,48.85920100790339,7.712235336799051,24.429600503951693,2816,5.251050264550265,1408.0,1330,665.0,81,81,0,13890,518,5,-14352.527098899993,-7176.263549449996,55.328172617918256,48,8
1331,48.85920100790339,7.712235336799051,24.429600503951693,2827,5.271402116402116,1413.5,1331,665.5,81,81,0,13900,518,5,-14380.527098899993,-7190.263549449996,55.348524469770105,48,8
1332,48.85920100790339,7.712235336799051,24.429600503951693,2838,5.291753968253969,1419.0,1332,666.0,81,81,0,13910,520,5,-14408.527098899993,-7204.263549449996,55.36887632162196,48,8
1333,48.85920100790339,7.712235336799051,24.429600503951693,2849,5.31210582010582,1424.5,1333,666.5,81,81,0,13920,520,5,-14436.527098899993,-7218.263549449996,55.38922817347381,48,8
1334,48.85920100790339,7.712235336799051,24.429600503951693,2860,5.3324576719576715,1430.0,1334,667.0,81,81,0,13930,522,5,-14464.527098899993,-7232.263549449996,55.40958002532566,48,8
1335,48.85920100790339,7.712235336799051,24.429600503951693,2370,4.350809523809524,1185.0,1335,667.5,81,81,0,13940,524,6,-14510.527098899993,-7255.263549449996,64.42793187717751,48,8
1336,48.85920100790339,7.712235336799051,24.429600503951693,2380,4.369161375661376,1190.0,1336,668.0,81,81,0,13950,524,6,-14536.527098899993,-7268.263549449996,64.44628372902937,48,8
1337,48.85920100790339,7.712235336799051,24.429600503951693,2390,4.387513227513227,1195.0,1337,668.5,81,81,0,13960,526,6,-14562.527098899993,-7281.263549449996,64.46463558088122,48,8
1338,48.85920100790339,7.712235336799051,24.429600503951693,2400,4.405865079365079,1200.0,1338,669.0,81,81,0,13970,526,6,-14588.527098899993,-7294.263549449996,64.48298743273308,48,8
1339,48.85920100790339,7.712235336799051,24.429600503951693,2410,4.424216931216931,1205.0,1339,669.5,81,81,0,13980,526,6,-14614.527098899993,-7307.263549449996,64.50133928458493,48,8
1340,48.85920100790339,7.712235336799051,24.429600503951693,2420,4.442568783068783,1210.0,1340,670.0,81,81,0,13990,526,6,-14640.527098899993,-7320.263549449996,64.51969113643678,48,8
1341,48.85920100790339,7.712235336799051,24.429600503951693,2430,4.460920634920634,1215.0,1341,670.5,81,81,0,14000,528,6,-14666.527098899993,-7333.263549449996,64.53804298828864,48,8
1342,48.85920100790339,7.712235336799051,24.429600503951693,2440,4.479272486772487,1220.0,1342,671.0,81,81,0,14010,528,6,-14692.527098899993,-7346.263549449996,64.55639484014048,48,8
1343,48.85920100790339,7.712235336799051,24.429600503951693,2450,4.4976243386243375,1225.0,1343,671.5,81,81,0,14020,528,6,-14718.527098899993,-7359.263549449996,64.57474669199233,48,8
1344,48.85920100790339,7.712235336799051,24.429600503951693,2460,4.5159761904761915,1230.0,1344,672.0,81,81,0,14030,530,6,-14744.527098899993,-7372.263549449996,64.59309854384419,48,8
1345,48.85920100790339,7.712235336799051,24.429600503951693,2470,4.534328042328043,1235.0,1345,672.5,81,81,0,14040,530,6,-14770.527098899993,-7385.263549449996,64.61145039569604,48,8
1346,48.85920100790339,7.712235336799051,24.429600503951693,2480,4.552679894179894,1240.0,1346,673.0,81,81,0,14050,532,6,-14796.527098899993,-7398.263549449996,64.62980224754789,48,8
1347,48.85920100790339,7.712235336799051,24.429600503951693,2490,4.571031746031745,1245.0,1347,673.5,81,81,0,14060,532,6,-14822.527098899993,-7411.263549449996,64.64815409939975,48,8
1348,48.85920100790339,7.712235336799051,24.429600503951693,2500,4.589383597883598,1250.0,1348,674.0,81,81,0,14070,532,6,-14848.527098899993,-7424.263549449996,64.6665059512516,48,8
1349,48.85920100790339,7.712235336799051,24.429600503951693,2510,4.607735449735451,1255.0,1349,674.5,81,81,0,14080,532,6,-14874.527098899993,-7437.263549449996,64.68485780310345,48,8
1350,48.85920100790339,7.712235336799051,24.429600503951693,2520,4.626087301587302,1260.0,1350,675.0,81,81,0,14090,532,6,-14900.527098899993,-7450.263549449996,64.7032096549553,48,8
1351,48.85920100790339,7.712235336799051,24.429600503951693,2530,4.644439153439153,1265.0,1351,675.5,81,81,0,14100,532,6,-14926.527098899993,-7463.263549449996,64.72156150680715,48,8
1352,48.85920100790339,7.712235336799051,24.429600503951693,2540,4.662791005291005,1270.0,1352,676.0,81,81,0,14110,532,6,-14952.527098899993,-7476.263549449996,64.73991335865901,48,8
1353,48.85920100790339,7.712235336799051,24.429600503951693,2550,4.6811428571428575,1275.0,1353,676.5,81,81,0,14120,532,6,-14978.527098899993,-7489.263549449996,64.75826521051086,48,8
1354,48.85920100790339,7.712235336799051,24.429600503951693,2560,4.699494708994709,1280.0,1354,677.0,81,81,0,14130,532,6,-15004.527098899993,-7502.263549449996,64.7766170623627,48,8
1355,48.85920100790339,7.712235336799051,24.429600503951693,2570,4.717846560846561,1285.0,1355,677.5,81,81,0,14140,532,6,-15030.527098899993,-7515.263549449996,64.79496891421456,48,8
1356,48.85920100790339,7.712235336799051,24.429600503951693,2580,4.736198412698412,1290.0,1356,678.0,81,81,0,14150,532,6,-15056.527098899993,-7528.263549449996,64.81332076606641,48,8
1357,48.85920100790339,7.712235336799051,24.429600503951693,2590,4.754550264550265,1295.0,1357,678.5,81,81,0,14160,532,6,-15082.527098899993,-7541.263549449996,64.83167261791826,48,8
1358,48.85920100790339,7.712235336799051,24.429600503951693,2600,4.772902116402116,1300.0,1358,679.0,81,81,0,14170,532,6,-15108.527098899993,-7554.263549449996,64.85002446977012,48,8
1359,48.85920100790339,7.712235336799051,24.429600503951693,2610,4.791253968253968,1305.0,1359,679.5,81,81,0,14180,532,6,-15134.527098899993,-7567.263549449996,64.86837632162197,48,8
1360,48.85920100790339,7.712235336799051,24.429600503951693,2620,4.809605820105819,1310.0,1360,680.0,81,81,0,14190,532,6,-15160.527098899993,-7580.263549449996,64.88672817347381,48,8
1361,48.85920100790339,7.712235336799051,24.429600503951693,2630,4.827957671957672,1315.0,1361,680.5,81,81,0,14200,534,6,-15186.527098899993,-7593.263549449996,64.90508002532567,48,8
1362,48.85920100790339,7.712235336799051,24.429600503951693,2640,4.8463095238095235,1320.0,1362,681.0,81,81,0,14210,536,6,-15212.527098899993,-7606.263549449996,64.92343187717752,48,8
1363,48.85920100790339,7.712235336799051,24.429600503951693,2650,4.864661375661376,1325.0,1363,681.5,81,81,0,14220,538,6,-15238.527098899993,-7619.263549449996,64.94178372902937,48,8
1364,48.85920100790339,7.712235336799051,24.429600503951693,2660,4.883013227513228,1330.0,1364,682.0,81,81,0,14230,538,6,-15264.527098899993,-7632.263549449996,64.96013558088123,48,8
1365,48.85920100790339,7.712235336799051,24.429600503951693,2670,4.90136507936508,1335.0,1365,682.5,81,81,0,14240,538,6,-15290.527098899993,-7645.263549449996,64.97848743273308,48,8
1366,48.85920100790339,7.712235336799051,24.429600503951693,2680,4.919716931216931,1340.0,1366,683.0,81,81,0,14250,538,6,-15316.527098899993,-7658.263549449996,64.99683928458492,48,8
1367,48.85920100790339,7.712235336799051,24.429600503951693,2690,4.938068783068783,1345.0,1367,683.5,81,81,0,14260,538,6,-15342.527098899993,-7671.263549449996,65.01519113643678,48,8
1368,48.85920100790339,7.712235336799051,24.429600503951693,2700,4.956420634920635,1350.0,1368,684.0,81,81,0,14270,538,6,-15368.527098899993,-7684.263549449996,65.03354298828863,48,8
1369,48.85920100790339,7.712235336799051,24.429600503951693,2710,4.974772486772487,1355.0,1369,684.5,81,81,0,14280,538,6,-15394.527098899993,-7697.263549449996,65.05189484014048,48,8
1370,48.85920100790339,7.712235336799051,24.429600503951693,2720,4.993124338624339,1360.0,1370,685.0,81,81,0,14290,538,6,-15420.527098899993,-7710.263549449996,65.07024669199234,48,8
1371,48.85920100790339,7.712235336799051,24.429600503951693,2730,5.01147619047619,1365.0,1371,685.5,81,81,0,14300,540,6,-15446.527098899993,-7723.263549449996,65.08859854384418,48,8
1372,48.85920100790339,7.712235336799051,24.429600503951693,2740,5.029828042328042,1370.0,1372,686.0,81,81,0,14310,540,6,-15472.527098899993,-7736.263549449996,65.10695039569603,48,8
1373,48.85920100790339,7.712235336799051,24.429600503951693,2750,5.048179894179895,1375.0,1373,686.5,81,81,0,14320,540,6,-15498.527098899993,-7749.263549449996,65.12530224754789,48,8
1374,48.85920100790339,7.712235336799051,24.429600503951693,2760,5.066531746031745,1380.0,1374,687.0,81,81,0,14330,540,6,-15524.527098899993,-7762.263549449996,65.14365409939974,48,8
1375,48.85920100790339,7.712235336799051,24.429600503951693,2770,5.084883597883597,1385.0,1375,687.5,81,81,0,14340,540,6,-15550.527098899993,-7775.263549449996,65.1620059512516,48,8
1376,48.85920100790339,7.712235336799051,24.429600503951693,2780,5.10323544973545,1390.0,1376,688.0,81,81,0,14350,542,6,-15576.527098899993,-7788.263549449996,65.18035780310345,48,8
1377,48.85920100790339,7.712235336799051,24.429600503951693,2790,5.121587301587302,1395.0,1377,688.5,81,81,0,14360,542,6,-15602.527098899993,-7801.263549449996,65.1987096549553,48,8
1378,48.85920100790339,7.712235336799051,24.429600503951693,2800,5.139939153439153,1400.0,1378,689.0,81,81,0,14370,542,6,-15628.527098899993,-7814.263549449996,65.21706150680716,48,8
1379,48.85920100790339,7.554842778905192,24.429600503951693,2810,5.158291005291005,1405.0,1379,689.5,81,81,0,14380,542,6,-15654.527098899993,-7827.263549449996,65.23383943308006,49,9
1380,48.85920100790339,7.554842778905192,24.429600503951693,2820,5.1766428571428555,1410.0,1380,690.0,81,81,0,14390,542,6,-15680.527098899993,-7840.263549449996,65.25219128493191,49,9
1381,48.85920100790339,7.554842778905192,24.429600503951693,2830,5.1949947089947095,1415.0,1381,690.5,81,81,0,14400,542,6,-15706.527098899993,-7853.263549449996,65.27054313678377,49,9
1382,48.85920100790339,7.554842778905192,24.429600503951693,2840,5.213346560846561,1420.0,1382,691.0,81,81,0,14410,542,6,-15732.527098899993,-7866.263549449996,65.28889498863562,49,9
1383,48.85920100790339,7.554842778905192,24.429600503951693,2850,5.231698412698413,1425.0,1383,691.5,81,81,0,14420,544,6,-15758.527098899993,-7879.263549449996,65.30724684048747,49,9
1384,48.85920100790339,7.554842778905192,24.429600503951693,2860,5.250050264550264,1430.0,1384,692.0,81,81,0,14430,544,6,-15784.527098899993,-7892.263549449996,65.32559869233933,49,9
1385,48.85920100790339,7.554842778905192,24.429600503951693,2870,5.268402116402116,1435.0,1385,692.5,81,81,0,14440,544,6,-15810.527098899993,-7905.263549449996,65.34395054419117,49,9
1386,48.85920100790339,7.554842778905192,24.429600503951693,2880,5.286753968253969,1440.0,1386,693.0,81,81,0,14450,544,6,-15836.527098899993,-7918.263549449996,65.36230239604303,49,9
1387,48.85920100790339,7.554842778905192,24.429600503951693,2890,5.30510582010582,1445.0,1387,693.5,81,81,0,14460,544,6,-15862.527098899993,-7931.263549449996,65.38065424789488,49,9
1388,48.85920100790339,7.554842778905192,24.429600503951693,2900,5.323457671957672,1450.0,1388,694.0,81,81,0,14470,544,6,-15888.527098899993,-7944.263549449996,65.39900609974673,49,9
1389,48.85920100790339,7.554842778905192,24.429600503951693,2910,5.341809523809523,1455.0,1389,694.5,81,81,0,14480,546,6,-15914.527098899993,-7957.263549449996,65.41735795159859,49,9
1390,48.85920100790339,7.554842778905192,24.429600503951693,2920,5.360161375661376,1460.0,1390,695.0,81,81,0,14490,548,6,-15940.527098899993,-7970.263549449996,65.43570980345044,49,9
1391,48.85920100790339,7.554842778905192,24.429600503951693,2930,5.378513227513228,1465.0,1391,695.5,81,81,0,14500,548,6,-15966.527098899993,-7983.263549449996,65.45406165530228,49,9
1392,48.85920100790339,7.554842778905192,24.429600503951693,2940,5.396865079365079,1470.0,1392,696.0,81,81,0,14510,550,6,-15992.527098899993,-7996.263549449996,65.47241350715414,49,9
1393,48.85920100790339,7.554842778905192,24.429600503951693,2950,5.41521693121693,1475.0,1393,696.5,81,81,0,14520,552,6,-16018.527098899993,-8009.263549449996,65.49076535900599,49,9
1394,48.85920100790339,7.554842778905192,24.429600503951693,2960,5.433568783068783,1480.0,1394,697.0,81,81,0,14530,554,6,-16044.527098899993,-8022.263549449996,65.50911721085784,49,9
1395,48.85920100790339,7.554842778905192,24.429600503951693,2970,5.451920634920635,1485.0,1395,697.5,81,81,0,14540,556,6,-16070.527098899993,-8035.263549449996,65.5274690627097,49,9
1396,48.85920100790339,7.554842778905192,24.429600503951693,2980,5.470272486772487,1490.0,1396,698.0,81,81,0,14550,556,6,-16096.527098899993,-8048.263549449996,65.54582091456155,49,9
1397,48.85920100790339,7.554842778905192,24.429600503951693,2990,5.488624338624338,1495.0,1397,698.5,81,81,0,14560,556,6,-16122.527098899993,-8061.263549449996,65.56417276641339,49,9
1398,48.85920100790339,7.554842778905192,24.429600503951693,3000,5.506976190476191,1500.0,1398,699.0,81,81,0,14570,558,6,-16148.527098899993,-8074.263549449996,65.58252461826525,49,9
1399,48.85920100790339,7.554842778905192,24.429600503951693,3010,5.525328042328042,1505.0,1399,699.5,81,81,0,14580,558,6,-16174.527098899993,-8087.263549449996,65.6008764701171,49,9
1400,48.85920100790339,7.554842778905192,24.429600503951693,3020,5.543679894179894,1510.0,1400,700.0,81,81,0,14590,558,6,-16200.527098899993,-8100.263549449996,65.61922832196895,49,9
1401,48.85920100790339,7.554842778905192,24.429600503951693,3030,5.562031746031746,1515.0,1401,700.5,81,81,0,14600,558,6,-16226.527098899993,-8113.263549449996,65.63758017382081,49,9
1402,48.85920100790339,7.554842778905192,24.429600503951693,3040,5.580383597883598,1520.0,1402,701.0,81,81,0,14610,558,6,-16252.527098899993,-8126.263549449996,65.65593202567266,49,9
1403,48.85920100790339,7.554842778905192,24.429600503951693,3050,5.598735449735449,1525.0,1403,701.5,81,81,0,14620,558,6,-16278.527098899993,-8139.263549449996,65.6742838775245,49,9
1404,48.85920100790339,7.554842778905192,24.429600503951693,3060,5.6170873015873015,1530.0,1404,702.0,81,81,0,14630,558,6,-16304.527098899993,-8152.263549449996,65.69263572937636,49,9
1405,48.85920100790339,7.554842778905192,24.429600503951693,3070,5.635439153439153,1535.0,1405,702.5,81,81,0,14640,558,6,-16330.527098899993,-8165.263549449996,65.71098758122821,49,9
1406,48.85920100790339,7.554842778905192,24.429600503951693,3080,5.653791005291006,1540.0,1406,703.0,81,81,0,14650,558,6,-16356.527098899993,-8178.263549449996,65.72933943308007,49,9
1407,48.85920100790339,7.554842778905192,24.429600503951693,3090,5.672142857142856,1545.0,1407,703.5,81,81,0,14660,558,6,-16382.527098899993,-8191.263549449996,65.74769128493192,49,9
1408,48.85920100790339,7.554842778905192,24.429600503951693,3100,5.690494708994708,1550.0,1408,704.0,81,81,0,14670,558,6,-16408.52709889999,-8204.263549449995,65.76604313678376,49,9
1409,48.85920100790339,7.554842778905192,24.429600503951693,3110,5.708846560846561,1555.0,1409,704.5,81,81,0,14680,558,6,-16434.52709889999,-8217.263549449995,65.78439498863563,49,9
1410,48.85920100790339,7.554842778905192,24.429600503951693,3120,5.727198412698413,1560.0,1410,705.0,81,81,0,14690,558,6,-16460.52709889999,-8230.263549449995,65.80274684048747,49,9
1411,48.85920100790339,7.554842778905192,24.429600503951693,3130,5.745550264550264,1565.0,1411,705.5,81,81,0,14700,558,6,-16486.52709889999,-8243.263549449995,65.82109869233932,49,9
1412,48.85920100790339,7.554842778905192,24.429600503951693,3140,5.763902116402115,1570.0,1412,706.0,81,81,0,14710,558,6,-16512.52709889999,-8256.263549449995,65.83945054419118,49,9
1413,48.85920100790339,7.554842778905192,24.429600503951693,3150,5.782253968253967,1575.0,1413,706.5,81,81,0,14720,558,6,-16538.52709889999,-8269.263549449995,65.85780239604303,49,9
1414,48.85920100790339,7.554842778905192,24.429600503951693,3160,5.800605820105821,1580.0,1414,707.0,81,81,0,14730,558,6,-16564.52709889999,-8282.263549449995,65.87615424789487,49,9
1415,48.85920100790339,7.554842778905192,24.429600503951693,3170,5.818957671957671,1585.0,1415,707.5,81,81,0,14740,558,6,-16590.52709889999,-8295.263549449995,65.89450609974674,49,9
1416,48.85920100790339,7.554842778905192,24.429600503951693,3180,5.837309523809523,1590.0,1416,708.0,81,81,0,14750,558,6,-16616.52709889999,-8308.263549449995,65.91285795159858,49,9
1417,48.85920100790339,7.554842778905192,24.429600503951693,3190,5.855661375661376,1595.0,1417,708.5,81,81,0,14760,558,6,-16642.52709889999,-8321.263549449995,65.93120980345043,49,9
1418,48.85920100790339,7.554842778905192,24.429600503951693,3200,5.8740132275132275,1600.0,1418,709.0,81,81,0,14770,558,6,-16668.52709889999,-8334.263549449995,65.94956165530229,49,9
1419,48.85920100790339,7.554842778905192,24.429600503951693,3210,5.89236507936508,1605.0,1419,709.5,81,81,0,14780,558,6,-16694.52709889999,-8347.263549449995,65.96791350715414,49,9
1420,48.85920100790339,7.554842778905192,24.429600503951693,3220,5.91071693121693,1610.0,1420,710.0,81,81,0,14790,558,6,-16720.52709889999,-8360.263549449995,65.98626535900598,49,9
1421,48.85920100790339,7.554842778905192,24.429600503951693,3230,5.929068783068784,1615.0,1421,710.5,81,81,0,14800,558,6,-16746.52709889999,-8373.263549449995,66.00461721085784,49,9
1422,48.85920100790339,7.554842778905192,24.429600503951693,3240,5.947420634920635,1620.0,1422,711.0,81,81,0,14810,558,6,-16772.52709889999,-8386.263549449995,66.02296906270969,49,9
1423,48.85920100790339,7.554842778905192,24.429600503951693,3250,5.965772486772487,1625.0,1423,711.5,81,81,0,14820,558,6,-16798.52709889999,-8399.263549449995,66.04132091456155,49,9
1424,48.85920100790339,7.554842778905192,24.429600503951693,3260,5.984124338624338,1630.0,1424,712.0,81,81,0,14830,558,6,-16824.52709889999,-8412.263549449995,66.0596727664134,49,9
1425,48.85920100790339,7.554842778905192,24.429600503951693,3270,6.002476190476192,1635.0,1425,712.5,81,81,0,14840,558,6,-16850.52709889999,-8425.263549449995,66.07802461826525,49,9
1426,48.85920100790339,7.554842778905192,24.429600503951693,3280,6.020828042328042,1640.0,1426,713.0,81,81,0,14850,558,6,-16876.52709889999,-8438.263549449995,66.09637647011711,49,9
1427,48.85920100790339,7.554842778905192,24.429600503951693,3290,6.039179894179894,1645.0,1427,713.5,81,81,0,14860,558,6,-16902.52709889999,-8451.263549449995,66.11472832196895,49,9
1428,48.85920100790339,7.554842778905192,24.429600503951693,3300,6.057531746031745,1650.0,1428,714.0,81,81,0,14870,558,6,-16928.52709889999,-8464.263549449995,66.1330801738208,49,9
1429,48.85920100790339,7.554842778905192,24.429600503951693,3310,6.075883597883599,1655.0,1429,714.5,81,81,0,14880,558,6,-16954.52709889999,-8477.263549449995,66.15143202567266,49,9
1430,48.85920100790339,7.554842778905192,24.429600503951693,3320,6.094235449735449,1660.0,1430,715.0,81,81,0,14890,558,6,-16980.52709889999,-8490.263549449995,66.16978387752451,49,9
1431,48.85920100790339,7.554842778905192,24.429600503951693,3330,6.112587301587301,1665.0,1431,715.5,81,81,0,14900,558,6,-17006.52709889999,-8503.263549449995,66.18813572937636,49,9
1432,48.85920100790339,7.554842778905192,24.429600503951693,3340,6.130939153439152,1670.0,1432,716.0,81,81,0,14910,558,6,-17032.52709889999,-8516.263549449995,66.20648758122822,49,9
1433,48.85920100790339,7.554842778905192,24.429600503951693,3350,6.149291005291006,1675.0,1433,716.5,81,81,0,14920,564,6,-17058.52709889999,-8529.263549449995,66.22483943308006,49,9
1434,48.85920100790339,7.554842778905192,24.429600503951693,3360,6.167642857142857,1680.0,1434,717.0,81,81,0,14930,564,6,-17084.52709889999,-8542.263549449995,66.24319128493191,49,9
1435,48.85920100790339,7.554842778905192,24.429600503951693,3370,6.185994708994709,1685.0,1435,717.5,81,81,0,14940,564,6,-17110.52709889999,-8555.263549449995,66.26154313678377,49,9
1436,48.85920100790339,7.554842778905192,24.429600503951693,3380,6.2043465608465596,1690.0,1436,718.0,81,81,0,14950,564,6,-17136.52709889999,-8568.263549449995,66.27989498863562,49,9
1437,48.85920100790339,7.554842778905192,24.429600503951693,3390,6.222698412698414,1695.0,1437,718.5,81,81,0,14960,564,6,-17162.52709889999,-8581.263549449995,66.29824684048748,49,9
1438,48.85920100790339,7.554842778905192,24.429600503951693,3401,6.242902116402116,1700.5,1438,719.0,81,81,0,14970,564,6,-17190.52709889999,-8595.263549449995,66.31845054419118,49,9
1439,48.85920100790339,7.554842778905192,24.429600503951693,3412,6.263105820105821,1706.0,1439,719.5,81,81,0,14980,564,6,-17218.52709889999,-8609.263549449995,66.33865424789488,49,9
1440,48.85920100790339,7.554842778905192,24.429600503951693,3423,6.283309523809524,1711.5,1440,720.0,81,81,0,14990,566,6,-17246.52709889999,-8623.263549449995,66.35885795159858,49,9
1441,48.85920100790339,7.554842778905192,24.429600503951693,3434,6.303513227513227,1717.0,1441,720.5,81,81,0,15000,566,6,-17274.52709889999,-8637.263549449995,66.37906165530228,49,9
1442,48.85920100790339,7.554842778905192,24.429600503951693,3445,6.323716931216931,1722.5,1442,721.0,81,81,0,15010,568,6,-17302.52709889999,-8651.263549449995,66.399265359006,49,9
1443,48.85920100790339,7.554842778905192,24.429600503951693,3456,6.343920634920634,1728.0,1443,721.5,81,81,0,15020,568,6,-17330.52709889999,-8665.263549449995,66.4194690627097,49,9
1444,48.85920100790339,7.554842778905192,24.429600503951693,3467,6.364124338624338,1733.5,1444,722.0,81,81,0,15030,568,6,-17358.52709889999,-8679.263549449995,66.4396727664134,49,9
1445,48.85920100790339,7.554842778905192,24.429600503951693,3478,6.3843280423280415,1739.0,1445,722.5,81,81,0,15040,568,6,-17386.52709889999,-8693.263549449995,66.4598764701171,49,9
1446,48.85920100790339,7.554842778905192,24.429600503951693,3489,6.404531746031746,1744.5,1446,723.0,81,81,0,15050,568,6,-17414.52709889999,-8707.263549449995,66.48008017382081,49,9
1447,48.85920100790339,7.554842778905192,24.429600503951693,3500,6.424735449735449,1750.0,1447,723.5,81,81,0,15060,568,6,-17442.52709889999,-8721.263549449995,66.50028387752451,49,9
1448,48.85920100790339,7.554842778905192,24.429600503951693,3512,6.4467248677248685,1756.0,1448,724.0,81,81,0,15070,570,6,-17472.52709889999,-8736.263549449995,66.52227329551393,49,9
1449,48.85920100790339,7.554842778905192,24.429600503951693,3524,6.4687142857142845,1762.0,1449,724.5,81,81,0,15080,570,6,-17502.52709889999,-8751.263549449995,66.54426271350334,49,9
1450,48.85920100790339,7.554842778905192,24.429600503951693,3536,6.490703703703703,1768.0,1450,725.0,81,81,0,15090,570,6,-17532.52709889999,-8766.263549449995,66.56625213149276,49,9
1451,48.85920100790339,7.554842778905192,24.429600503951693,3548,6.512693121693121,1774.0,1451,725.5,81,81,0,15100,570,6,-17562.52709889999,-8781.263549449995,66.58824154948218,49,9
1452,48.85920100790339,7.554842778905192,24.429600503951693,3560,6.534682539682539,1780.0,1452,726.0,81,81,0,15110,570,6,-17592.52709889999,-8796.263549449995,66.6102309674716,49,9
1453,48.85920100790339,7.554842778905192,24.429600503951693,3572,6.556671957671957,1786.0,1453,726.5,81,81,0,15120,570,6,-17622.52709889999,-8811.263549449995,66.63222038546101,49,9
1454,48.85920100790339,7.554842778905192,24.429600503951693,3584,6.578661375661377,1792.0,1454,727.0,81,81,0,15130,570,6,-17652.52709889999,-8826.263549449995,66.65420980345044,49,9
1455,48.85920100790339,7.554842778905192,24.429600503951693,3596,6.600650793650793,1798.0,1455,727.5,81,81,0,15140,570,6,-17682.52709889999,-8841.263549449995,66.67619922143986,49,9
1456,48.85920100790339,7.554842778905192,24.429600503951693,3608,6.622640211640212,1804.0,1456,728.0,81,81,0,15150,570,6,-17712.52709889999,-8856.263549449995,66.69818863942928,49,9
1457,48.85920100790339,7.554842778905192,24.429600503951693,3620,6.6446296296296286,1810.0,1457,728.5,81,81,0,15160,570,6,-17742.52709889999,-8871.263549449995,66.72017805741869,49,9
1458,48.85920100790339,7.554842778905192,24.429600503951693,3632,6.666619047619048,1816.0,1458,729.0,81,81,0,15170,570,6,-17772.52709889999,-8886.263549449995,66.74216747540811,49,9
1459,48.85920100790339,7.554842778905192,24.429600503951693,3644,6.688608465608466,1822.0,1459,729.5,81,81,0,15180,572,6,-17802.52709889999,-8901.263549449995,66.76415689339753,49,9
1460,48.85920100790339,7.554842778905192,24.429600503951693,3656,6.710597883597885,1828.0,1460,730.0,81,81,0,15190,572,6,-17832.52709889999,-8916.263549449995,66.78614631138694,49,9
1461,48.85920100790339,7.554842778905192,24.429600503951693,3668,6.7325873015873015,1834.0,1461,730.5,81,81,0,15200,574,6,-17862.52709889999,-8931.263549449995,66.80813572937636,49,9
1462,48.85920100790339,7.554842778905192,24.429600503951693,3680,6.754576719576721,1840.0,1462,731.0,81,81,0,15210,574,6,-17892.52709889999,-8946.263549449995,66.83012514736578,49,9
1463,48.85920100790339,7.554842778905192,24.429600503951693,3692,6.776566137566137,1846.0,1463,731.5,81,81,0,15220,576,6,-17922.52709889999,-8961.263549449995,66.8521145653552,49,9
1464,48.85920100790339,7.554842778905192,24.429600503951693,3704,6.798555555555556,1852.0,1464,732.0,81,81,0,15230,578,6,-17952.52709889999,-8976.263549449995,66.87410398334461,49,9
1465,48.85920100790339,7.554842778905192,24.429600503951693,3716,6.820544973544973,1858.0,1465,732.5,81,81,0,15240,578,6,-17982.52709889999,-8991.263549449995,66.89609340133403,49,9
1466,48.85920100790339,7.554842778905192,24.429600503951693,3728,6.842534391534392,1864.0,1466,733.0,81,81,0,15250,580,6,-18012.52709889999,-9006.263549449995,66.91808281932344,49,9
1467,48.85920100790339,7.554842778905192,24.429600503951693,3740,6.864523809523808,1870.0,1467,733.5,81,81,0,15260,580,6,-18042.52709889999,-9021.263549449995,66.94007223731286,49,9
1468,48.85920100790339,7.554842778905192,24.429600503951693,3752,6.886513227513228,1876.0,1468,734.0,81,81,0,15270,580,6,-18072.52709889999,-9036.263549449995,66.96206165530229,49,9
1469,48.85920100790339,7.554842778905192,24.429600503951693,3764,6.9085026455026455,1882.0,1469,734.5,81,81,0,15280,580,6,-18102.52709889999,-9051.263549449995,66.98405107329171,49,9
1470,48.85920100790339,7.554842778905192,24.429600503951693,3776,6.930492063492063,1888.0,1470,735.0,81,81,0,15290,580,6,-18132.52709889999,-9066.263549449995,67.00604049128113,49,9
1471,48.85920100790339,7.554842778905192,24.429600503951693,3788,6.952481481481481,1894.0,1471,735.5,81,81,0,15300,580,6,-18162.52709889999,-9081.263549449995,67.02802990927054,49,9
1472,48.85920100790339,7.554842778905192,24.429600503951693,3800,6.974470899470901,1900.0,1472,736.0,81,81,0,15310,580,6,-18192.52709889999,-9096.263549449995,67.05001932725996,49,9
1473,48.85920100790339,7.554842778905192,24.429600503951693,3812,6.996460317460317,1906.0,1473,736.5,81,81,0,15320,580,6,-18222.52709889999,-9111.263549449995,67.07200874524938,49,9
1474,48.85920100790339,7.554842778905192,24.429600503951693,3824,7.018449735449736,1912.0,1474,737.0,81,81,0,15330,580,6,-18252.52709889999,-9126.263549449995,67.0939981632388,49,9
1475,48.85920100790339,7.554842778905192,24.429600503951693,3836,7.040439153439153,1918.0,1475,737.5,81,81,0,15340,580,6,-18282.52709889999,-9141.263549449995,67.11598758122821,49,9
1476,48.85920100790339,7.554842778905192,24.429600503951693,3848,7.062428571428572,1924.0,1476,738.0,81,81,0,15350,580,6,-18312.52709889999,-9156.263549449995,67.13797699921763,49,9
1477,48.85920100790339,7.554842778905192,24.429600503951693,3860,7.0844179894179895,1930.0,1477,738.5,81,81,0,15360,582,6,-18342.52709889999,-9171.263549449995,67.15996641720704,49,9
1478,48.85920100790339,7.554842778905192,24.429600503951693,3872,7.106407407407408,1936.0,1478,739.0,81,81,0,15370,582,6,-18372.52709889999,-9186.263549449995,67.18195583519646,49,9
1479,48.85920100790339,7.554842778905192,24.429600503951693,3884,7.128396825396825,1942.0,1479,739.5,81,81,0,15380,584,6,-18402.52709889999,-9201.263549449995,67.20394525318588,49,9
1480,48.85920100790339,7.554842778905192,24.429600503951693,3896,7.150386243386244,1948.0,1480,740.0,81,81,0,15390,588,6,-18432.52709889999,-9216.263549449995,67.2259346711753,49,9
1481,48.85920100790339,7.554842778905192,24.429600503951693,3908,7.172375661375661,1954.0,1481,740.5,81,81,0,15400,588,6,-18462.52709889999,-9231.263549449995,67.24792408916473,49,9
1482,48.85920100790339,7.554842778905192,24.429600503951693,3920,7.194365079365079,1960.0,1482,741.0,81,81,0,15410,588,6,-18492.52709889999,-9246.263549449995,67.26991350715414,49,9
1483,48.85920100790339,7.554842778905192,24.429600503951693,3932,7.216354497354497,1966.0,1483,741.5,81,81,0,15420,588,6,-18522.52709889999,-9261.263549449995,67.29190292514356,49,9
1484,48.85920100790339,7.554842778905192,24.429600503951693,3944,7.238343915343915,1972.0,1484,742.0,81,81,0,15430,592,6,-18552.52709889999,-9276.263549449995,67.31389234313298,49,9
1485,48.85920100790339,7.554842778905192,24.429600503951693,3956,7.2603333333333335,1978.0,1485,742.5,81,81,0,15440,592,6,-18582.52709889999,-9291.263549449995,67.3358817611224,49,9
1486,48.85920100790339,7.554842778905192,24.429600503951693,3968,7.282322751322751,1984.0,1486,743.0,81,81,0,15450,592,6,-18612.52709889999,-9306.263549449995,67.35787117911181,49,9
1487,48.85920100790339,7.554842778905192,24.429600503951693,3980,7.304312169312169,1990.0,1487,743.5,81,81,0,15460,592,6,-18642.52709889999,-9321.263549449995,67.37986059710123,49,9
1488,48.85920100790339,7.554842778905192,24.429600503951693,3992,7.326301587301587,1996.0,1488,744.0,81,81,0,15470,592,6,-18672.52709889999,-9336.263549449995,67.40185001509064,49,9
1489,48.85920100790339,7.554842778905192,24.429600503951693,4004,7.348291005291006,2002.0,1489,744.5,81,81,0,15480,592,6,-18702.52709889999,-9351.263549449995,67.42383943308006,49,9
1490,48.85920100790339,7.554842778905192,24.429600503951693,4016,7.370280423280423,2008.0,1490,745.0,81,81,0,15490,592,6,-18732.52709889999,-9366.263549449995,67.44582885106948,49,9
1491,48.85920100790339,7.554842778905192,24.429600503951693,4028,7.392269841269842,2014.0,1491,745.5,81,81,0,15500,592,6,-18762.52709889999,-9381.263549449995,67.4678182690589,49,9
1492,48.85920100790339,7.554842778905192,24.429600503951693,4040,7.414259259259259,2020.0,1492,746.0,81,81,0,15510,592,6,-18792.52709889999,-9396.263549449995,67.48980768704831,49,9
1493,48.85920100790339,7.554842778905192,24.429600503951693,4052,7.4362486772486776,2026.0,1493,746.5,81,81,0,15520,592,6,-18822.52709889999,-9411.263549449995,67.51179710503773,49,9
1494,48.85920100790339,7.554842778905192,24.429600503951693,4064,7.458238095238095,2032.0,1494,747.0,81,81,0,15530,592,6,-18852.52709889999,-9426.263549449995,67.53378652302716,49,9
1495,48.85920100790339,7.554842778905192,24.429600503951693,4076,7.480227513227514,2038.0,1495,747.5,81,81,0,15540,592,6,-18882.52709889999,-9441.263549449995,67.55577594101658,49,9
1496,48.85920100790339,7.554842778905192,24.429600503951693,4088,7.502216931216931,2044.0,1496,748.0,81,81,0,15550,594,6,-18912.52709889999,-9456.263549449995,67.577765359006,49,9
1497,48.85920100790339,7.554842778905192,24.429600503951693,4100,7.524206349206349,2050.0,1497,748.5,81,81,0,15560,596,6,-18942.52709889999,-9471.263549449995,67.59975477699541,49,9
1498,48.85920100790339,7.554842778905192,24.429600503951693,4112,7.546195767195767,2056.0,1498,749.0,81,81,0,15570,596,6,-18972.52709889999,-9486.263549449995,67.62174419498483,49,9
1499,48.85920100790339,7.554842778905192,24.429600503951693,4124,7.568185185185186,2062.0,1499,749.5,81,81,0,15580,596,6,-19002.52709889999,-9501.263549449995,67.64373361297424,49,9
1500,48.85920100790339,7.554842778905192,24.429600503951693,4136,7.590174603174602,2068.0,1500,750.0,81,81,0,15590,596,6,-19032.52709889999,-9516.263549449995,67.66572303096366,49,9
1501,48.85920100790339,7.554842778905192,24.429600503951693,4148,7.612164021164022,2074.0,1501,750.5,81,81,0,15600,596,6,-19062.52709889999,-9531.263549449995,67.68771244895308,49,9
1502,48.85920100790339,7.554842778905192,24.429600503951693,4160,7.6341534391534385,2080.0,1502,751.0,81,81,0,15610,596,6,-19092.52709889999,-9546.263549449995,67.7097018669425,49,9
1503,48.85920100790339,7.554842778905192,24.429600503951693,4172,7.656142857142857,2086.0,1503,751.5,81,81,0,15620,596,6,-19122.52709889999,-9561.263549449995,67.73169128493191,49,9
1504,48.85920100790339,7.554842778905192,24.429600503951693,4184,7.678132275132275,2092.0,1504,752.0,81,81,0,15630,596,6,-19152.52709889999,-9576.263549449995,67.75368070292133,49,9
1505,48.85920100790339,7.554842778905192,24.429600503951693,4196,7.700121693121692,2098.0,1505,752.5,81,81,0,15640,596,6,-19182.52709889999,-9591.263549449995,67.77567012091075,49,9
1506,48.85920100790339,7.554842778905192,24.429600503951693,4208,7.7221111111111105,2104.0,1506,753.0,81,81,0,15650,596,6,-19212.52709889999,-9606.263549449995,67.79765953890016,49,9
1507,48.85920100790339,7.554842778905192,24.429600503951693,4220,7.744100529100529,2110.0,1507,753.5,81,81,0,15660,596,6,-19242.52709889999,-9621.263549449995,67.8196489568896,49,9
1508,48.85920100790339,7.554842778905192,24.429600503951693,4232,7.766089947089947,2116.0,1508,754.0,81,81,0,15670,596,6,-19272.52709889999,-9636.263549449995,67.84163837487901,49,9
1509,48.85920100790339,7.554842778905192,24.429600503951693,4244,7.788079365079365,2122.0,1509,754.5,81,81,0,15680,596,6,-19302.52709889999,-9651.263549449995,67.86362779286843,49,9
1510,48.85920100790339,7.554842778905192,24.429600503951693,4256,7.810068783068783,2128.0,1510,755.0,81,81,0,15690,596,6,-19332.52709889999,-9666.263549449995,67.88561721085784,49,9
1511,48.85920100790339,7.554842778905192,24.429600503951693,4268,7.832058201058202,2134.0,1511,755.5,81,81,0,15700,596,6,-19362.52709889999,-9681.263549449995,67.90760662884726,49,9
1512,48.85920100790339,7.554842778905192,24.429600503951693,4280,7.854047619047619,2140.0,1512,756.0,81,81,0,15710,598,6,-19392.52709889999,-9696.263549449995,67.92959604683668,49,9
1513,48.85920100790339,7.554842778905192,24.429600503951693,4292,7.876037037037036,2146.0,1513,756.5,81,81,0,15720,598,6,-19422.52709889999,-9711.263549449995,67.9515854648261,49,9
1514,48.85920100790339,7.554842778905192,24.429600503951693,3743,6.8962407407407404,1871.5,1514,757.0,81,81,0,15730,598,7,-19470.52709889999,-9735.263549449995,76.9717891685298,49,9
1515,48.85920100790339,7.554842778905192,24.429600503951693,3754,6.916444444444445,1877.0,1515,757.5,81,81,0,15740,598,7,-19498.52709889999,-9749.263549449995,76.99199287223351,49,9
1516,48.85920100790339,7.554842778905192,24.429600503951693,3204,5.934862433862435,1602.0,1516,758.0,81,81,0,15750,598,8,-19544.52709889999,-9772.263549449995,86.0104108616515,49,9
1517,48.85920100790339,7.554842778905192,24.429600503951693,3214,5.953280423280423,1607.0,1517,758.5,81,81,0,15760,598,8,-19570.52709889999,-9785.263549449995,86.02882885106948,49,9
1518,48.85920100790339,7.554842778905192,24.429600503951693,3224,5.971698412698413,1612.0,1518,759.0,81,81,0,15770,598,8,-19596.52709889999,-9798.263549449995,86.04724684048747,49,9
1519,48.85920100790339,7.554842778905192,24.429600503951693,3234,5.990116402116403,1617.0,1519,759.5,81,81,0,15780,598,8,-19622.52709889999,-9811.263549449995,86.06566482990546,49,9
1520,48.85920100790339,7.554842778905192,24.429600503951693,3244,6.008534391534392,1622.0,1520,760.0,81,81,0,15790,598,8,-19648.52709889999,-9824.263549449995,86.08408281932346,49,9
1521,48.85920100790339,7.554842778905192,24.429600503951693,3255,6.02895238095238,1627.5,1521,760.5,81,81,0,15800,598,8,-19676.52709889999,-9838.263549449995,86.10450080874143,49,9
1522,48.85920100790339,7.554842778905192,24.429600503951693,3266,6.049370370370372,1633.0,1522,761.0,81,81,0,15810,598,8,-19704.52709889999,-9852.263549449995,86.12491879815943,49,9
1523,48.85920100790339,7.554842778905192,24.429600503951693,3277,6.06978835978836,1638.5,1523,761.5,81,81,0,15820,598,8,-19732.52709889999,-9866.263549449995,86.14533678757742,49,9
1524,48.85920100790339,7.554842778905192,24.429600503951693,3288,6.090206349206349,1644.0,1524,762.0,81,81,0,15830,598,8,-19760.52709889999,-9880.263549449995,86.16575477699541,49,9
1525,48.85920100790339,7.554842778905192,24.429600503951693,3299,6.110624338624338,1649.5,1525,762.5,81,81,0,15840,598,8,-19788.52709889999,-9894.263549449995,86.18617276641339,49,9
1526,48.85920100790339,7.554842778905192,24.429600503951693,3310,6.131042328042329,1655.0,1526,763.0,81,81,0,15850,598,8,-19816.52709889999,-9908.263549449995,86.20659075583139,49,9
1527,48.85920100790339,7.554842778905192,24.429600503951693,3321,6.151460317460317,1660.5,1527,763.5,81,81,0,15860,598,8,-19844.52709889999,-9922.263549449995,86.22700874524938,49,9
1528,48.85920100790339,7.554842778905192,24.429600503951693,3332,6.171878306878307,1666.0,1528,764.0,81,81,0,15870,600,8,-19872.52709889999,-9936.263549449995,86.24742673466737,49,9
1529,48.85920100790339,7.554842778905192,24.429600503951693,3343,6.192296296296296,1671.5,1529,764.5,81,81,0,15880,600,8,-19900.52709889999,-9950.263549449995,86.26784472408535,49,9
1530,48.85920100790339,7.554842778905192,24.429600503951693,3354,6.212714285714286,1677.0,1530,765.0,81,81,0,15890,600,8,-19928.52709889999,-9964.263549449995,86.28826271350334,49,9
1531,48.85920100790339,7.554842778905192,24.429600503951693,3365,6.233132275132275,1682.5,1531,765.5,81,81,0,15900,602,8,-19956.52709889999,-9978.263549449995,86.30868070292134,49,9
1532,48.85920100790339,7.554842778905192,24.429600503951693,3376,6.253550264550265,1688.0,1532,766.0,81,81,0,15910,604,8,-19984.52709889999,-9992.263549449995,86.32909869233933,49,9
1533,48.85920100790339,7.554842778905192,24.429600503951693,3387,6.273968253968253,1693.5,1533,766.5,81,81,0,15920,604,8,-20012.52709889999,-10006.263549449995,86.34951668175731,49,9
1534,48.85920100790339,7.554842778905192,24.429600503951693,3398,6.294386243386244,1699.0,1534,767.0,81,81,0,15930,604,8,-20040.52709889999,-10020.263549449995,86.3699346711753,49,9
1535,48.85920100790339,7.554842778905192,24.429600503951693,3409,6.314804232804232,1704.5,1535,767.5,81,81,0,15940,604,8,-20068.52709889999,-10034.263549449995,86.3903526605933,49,9
1536,48.85920100790339,7.554842778905192,24.429600503951693,3420,6.335222222222222,1710.0,1536,768.0,81,81,0,15950,604,8,-20096.52709889999,-10048.263549449995,86.41077065001129,49,9
1537,48.85920100790339,7.554842778905192,24.429600503951693,3431,6.35564021164021,1715.5,1537,768.5,81,81,0,15960,604,8,-20124.52709889999,-10062.263549449995,86.43118863942927,49,9
1538,48.85920100790339,7.554842778905192,24.429600503951693,3442,6.376058201058202,1721.0,1538,769.0,81,81,0,15970,604,8,-20152.52709889999,-10076.263549449995,86.45160662884726,49,9
1539,48.85920100790339,7.554842778905192,24.429600503951693,3453,6.39647619047619,1726.5,1539,769.5,81,81,0,15980,604,8,-20180.52709889999,-10090.263549449995,86.47202461826525,49,9
1540,48.85920100790339,7.554842778905192,24.429600503951693,3464,6.41689417989418,1732.0,1540,770.0,81,81,0,15990,604,8,-20208.52709889999,-10104.263549449995,86.49244260768324,49,9
1541,48.85920100790339,7.554842778905192,24.429600503951693,3475,6.437312169312168,1737.5,1541,770.5,81,81,0,16000,604,8,-20236.52709889999,-10118.263549449995,86.51286059710122,49,9
1542,48.85920100790339,7.554842778905192,24.429600503951693,3486,6.457730158730159,1743.0,1542,771.0,81,81,0,16010,604,8,-20264.52709889999,-10132.263549449995,86.53327858651922,49,9
1543,48.85920100790339,7.554842778905192,24.429600503951693,3497,6.478148148148148,1748.5,1543,771.5,81,81,0,16020,604,8,-20292.52709889999,-10146.263549449995,86.55369657593721,49,9
1544,48.85920100790339,7.554842778905192,24.429600503951693,3508,6.498566137566137,1754.0,1544,772.0,81,81,0,16030,604,8,-20320.52709889999,-10160.263549449995,86.5741145653552,49,9
1545,48.85920100790339,7.554842778905192,24.429600503951693,3519,6.518984126984126,1759.5,1545,772.5,81,81,0,16040,606,8,-20348.52709889999,-10174.263549449995,86.59453255477318,49,9
1546,48.85920100790339,7.554842778905192,24.429600503951693,3530,6.539402116402117,1765.0,1546,773.0,81,81,0,16050,606,8,-20376.52709889999,-10188.263549449995,86.61495054419117,49,9
1547,48.85920100790339,7.554842778905192,24.429600503951693,3541,6.559820105820106,1770.5,1547,773.5,81,81,0,16060,606,8,-20404.52709889999,-10202.263549449995,86.63536853360917,49,9
1548,48.85920100790339,7.554842778905192,24.429600503951693,3552,6.580238095238095,1776.0,1548,774.0,81,81,0,16070,606,8,-20432.52709889999,-10216.263549449995,86.65578652302716,49,9
1549,48.85920100790339,7.554842778905192,24.429600503951693,3062,5.598656084656084,1531.0,1549,774.5,81,81,0,16080,608,9,-20478.52709889999,-10239.263549449995,95.67420451244514,49,9
1550,48.85920100790339,7.554842778905192,24.429600503951693,3072,5.6170740740740746,1536.0,1550,775.0,81,81,0,16090,610,9,-20504.52709889999,-10252.263549449995,95.69262250186313,49,9
1551,48.85920100790339,7.554842778905192,24.429600503951693,3082,5.635492063492064,1541.0,1551,775.5,81,81,0,16100,610,9,-20530.52709889999,-10265.263549449995,95.71104049128112,49,9
1552,48.85920100790339,7.554842778905192,24.429600503951693,3092,5.653910052910053,1546.0,1552,776.0,81,81,0,16110,612,9,-20556.52709889999,-10278.263549449995,95.72945848069911,49,9
1553,48.85920100790339,7.554842778905192,24.429600503951693,3102,5.672328042328042,1551.0,1553,776.5,81,81,0,16120,612,9,-20582.52709889999,-10291.263549449995,95.7478764701171,49,9
1554,48.85920100790339,7.554842778905192,24.429600503951693,3112,5.690746031746032,1556.0,1554,777.0,81,81,0,16130,612,9,-20608.52709889999,-10304.263549449995,95.76629445953509,49,9
1555,48.85920100790339,7.554842778905192,24.429600503951693,3122,5.709164021164021,1561.0,1555,777.5,81,81,0,16140,612,9,-20634.52709889999,-10317.263549449995,95.78471244895307,49,9
1556,48.85920100790339,7.554842778905192,24.429600503951693,3132,5.727582010582011,1566.0,1556,778.0,81,81,0,16150,612,9,-20660.52709889999,-10330.263549449995,95.80313043837107,49,9
1557,48.85920100790339,7.554842778905192,24.429600503951693,3142,5.7459999999999996,1571.0,1557,778.5,81,81,0,16160,612,9,-20686.52709889999,-10343.263549449995,95.82154842778905,49,9
1558,48.85920100790339,7.554842778905192,24.429600503951693,3152,5.764417989417989,1576.0,1558,779.0,81,81,0,16170,612,9,-20712.52709889999,-10356.263549449995,95.83996641720705,49,9
1559,48.85920100790339,7.554842778905192,24.429600503951693,3162,5.78283597883598,1581.0,1559,779.5,81,81,0,16180,614,9,-20738.52709889999,-10369.263549449995,95.85838440662504,49,9
1560,48.85920100790339,7.554842778905192,24.429600503951693,3172,5.8012539682539686,1586.0,1560,780.0,81,81,0,16190,614,9,-20764.52709889999,-10382.263549449995,95.87680239604303,49,9
1561,48.85920100790339,7.554842778905192,24.429600503951693,3182,5.819671957671957,1591.0,1561,780.5,81,81,0,16200,614,9,-20790.52709889999,-10395.263549449995,95.89522038546102,49,9
1562,48.85920100790339,7.403745923327088,24.429600503951693,3192,5.838089947089947,1596.0,1562,781.0,81,81,0,16210,614,9,-20816.52709889999,-10408.263549449995,95.91212740632321,50,10
1563,48.85920100790339,7.403745923327088,24.429600503951693,3202,5.856507936507937,1601.0,1563,781.5,81,81,0,16220,614,9,-20842.52709889999,-10421.263549449995,95.9305453957412,50,10
1564,48.85920100790339,7.403745923327088,24.429600503951693,3212,5.874925925925926,1606.0,1564,782.0,81,81,0,16230,616,9,-20868.52709889999,-10434.263549449995,95.94896338515919,50,10
1565,48.85920100790339,7.403745923327088,24.429600503951693,3222,5.893343915343915,1611.0,1565,782.5,81,81,0,16240,616,9,-20894.52709889999,-10447.263549449995,95.96738137457719,50,10
1566,48.85920100790339,7.403745923327088,24.429600503951693,3232,5.911761904761905,1616.0,1566,783.0,81,81,0,16250,616,9,-20920.52709889999,-10460.263549449995,95.98579936399517,50,10
1567,48.85920100790339,7.403745923327088,24.429600503951693,3242,5.9301798941798936,1621.0,1567,783.5,81,81,0,16260,616,9,-20946.52709889999,-10473.263549449995,96.00421735341317,50,10
1568,48.85920100790339,7.403745923327088,24.429600503951693,3252,5.948597883597883,1626.0,1568,784.0,81,81,0,16270,616,9,-20972.52709889999,-10486.263549449995,96.02263534283115,50,10
1569,48.85920100790339,7.403745923327088,24.429600503951693,3262,5.967015873015873,1631.0,1569,784.5,81,81,0,16280,616,9,-20998.52709889999,-10499.263549449995,96.04105333224913,50,10
1570,48.85920100790339,7.403745923327088,24.429600503951693,3272,5.985433862433862,1636.0,1570,785.0,81,81,0,16290,618,9,-21024.52709889999,-10512.263549449995,96.05947132166713,50,10
1571,48.85920100790339,7.403745923327088,24.429600503951693,3282,6.003851851851852,1641.0,1571,785.5,81,81,0,16300,618,9,-21050.52709889999,-10525.263549449995,96.07788931108512,50,10
1572,48.85920100790339,7.403745923327088,24.429600503951693,3292,6.022269841269841,1646.0,1572,786.0,81,81,0,16310,618,9,-21076.52709889999,-10538.263549449995,96.09630730050311,50,10
1573,48.85920100790339,7.403745923327088,24.429600503951693,3302,6.040687830687831,1651.0,1573,786.5,81,81,0,16320,618,9,-21102.52709889999,-10551.263549449995,96.1147252899211,50,10
1574,48.85920100790339,7.403745923327088,24.429600503951693,3312,6.05910582010582,1656.0,1574,787.0,81,81,0,16330,618,9,-21128.52709889999,-10564.263549449995,96.1331432793391,50,10
1575,48.85920100790339,7.403745923327088,24.429600503951693,3322,6.077523809523809,1661.0,1575,787.5,81,81,0,16340,620,9,-21154.52709889999,-10577.263549449995,96.15156126875708,50,10
1576,48.85920100790339,7.403745923327088,24.429600503951693,3332,6.095941798941798,1666.0,1576,788.0,81,81,0,16350,620,9,-21180.52709889999,-10590.263549449995,96.16997925817506,50,10
1577,48.85920100790339,7.403745923327088,24.429600503951693,3342,6.114359788359788,1671.0,1577,788.5,81,81,0,16360,620,9,-21206.52709889999,-10603.263549449995,96.18839724759306,50,10
1578,48.85920100790339,7.403745923327088,24.429600503951693,3352,6.132777777777779,1676.0,1578,789.0,81,81,0,16370,622,9,-21232.52709889999,-10616.263549449995,96.20681523701104,50,10
1579,48.85920100790339,7.403745923327088,24.429600503951693,3362,6.151195767195767,1681.0,1579,789.5,81,81,0,16380,624,9,-21258.52709889999,-10629.263549449995,96.22523322642904,50,10
1580,48.85920100790339,7.403745923327088,24.429600503951693,3372,6.1696137566137565,1686.0,1580,790.0,81,81,0,16390,624,9,-21284.52709889999,-10642.263549449995,96.24365121584702,50,10
1581,48.85920100790339,7.403745923327088,24.429600503951693,3382,6.188031746031746,1691.0,1581,790.5,81,81,0,16400,624,9,-21310.52709889999,-10655.263549449995,96.262069205265,50,10
1582,48.85920100790339,7.403745923327088,24.429600503951693,3392,6.206449735449736,1696.0,1582,791.0,81,81,0,16410,624,9,-21336.52709889999,-10668.263549449995,96.280487194683,50,10
1583,48.85920100790339,7.403745923327088,24.429600503951693,3402,6.224867724867725,1701.0,1583,791.5,81,81,0,16420,624,9,-21362.52709889999,-10681.263549449995,96.29890518410099,50,10
1584,48.85920100790339,7.403745923327088,24.429600503951693,3412,6.243285714285714,1706.0,1584,792.0,81,81,0,16430,624,9,-21388.52709889999,-10694.263549449995,96.31732317351899,50,10
1585,48.85920100790339,7.403745923327088,24.429600503951693,3422,6.261703703703703,1711.0,1585,792.5,81,81,0,16440,624,9,-21414.52709889999,-10707.263549449995,96.33574116293697,50,10
1586,48.85920100790339,7.403745923327088,24.429600503951693,3432,6.2801216931216945,1716.0,1586,793.0,81,81,0,16450,626,9,-21440.52709889999,-10720.263549449995,96.35415915235497,50,10
1587,48.85920100790339,7.403745923327088,24.429600503951693,2881,5.296753968253968,1440.5,1587,793.5,81,81,0,16460,626,10,-21484.52709889999,-10742.263549449995,105.37079142748723,50,10
1588,48.85920100790339,7.403745923327088,24.429600503951693,2890,5.313386243386243,1445.0,1588,794.0,81,81,0,16470,626,10,-21508.52709889999,-10754.263549449995,105.38742370261951,50,10
1589,48.85920100790339,7.403745923327088,24.429600503951693,2899,5.330018518518519,1449.5,1589,794.5,81,81,0,16480,626,10,-21532.52709889999,-10766.263549449995,105.40405597775178,50,10
1590,48.85920100790339,7.403745923327088,24.429600503951693,2908,5.346650793650793,1454.0,1590,795.0,81,81,0,16490,628,10,-21556.52709889999,-10778.263549449995,105.42068825288406,50,10
1591,48.85920100790339,7.403745923327088,24.429600503951693,2917,5.363283068783069,1458.5,1591,795.5,81,81,0,16500,628,10,-21580.52709889999,-10790.263549449995,105.43732052801633,50,10
1592,48.85920100790339,7.403745923327088,24.429600503951693,2926,5.379915343915345,1463.0,1592,796.0,81,81,0,16510,628,10,-21604.52709889999,-10802.263549449995,105.45395280314861,50,10
1593,48.85920100790339,7.403745923327088,24.429600503951693,2935,5.3965476190476185,1467.5,1593,796.5,81,81,0,16520,630,10,-21628.52709889999,-10814.263549449995,105.47058507828089,50,10
1594,48.85920100790339,7.403745923327088,24.429600503951693,2944,5.413179894179896,1472.0,1594,797.0,81,81,0,16530,630,10,-21652.52709889999,-10826.263549449995,105.48721735341316,50,10
1595,48.85920100790339,7.403745923327088,24.429600503951693,2953,5.429812169312169,1476.5,1595,797.5,81,81,0,16540,630,10,-21676.52709889999,-10838.263549449995,105.50384962854544,50,10
1596,48.85920100790339,7.403745923327088,24.429600503951693,2962,5.446444444444444,1481.0,1596,798.0,81,81,0,16550,630,10,-21700.52709889999,-10850.263549449995,105.5204819036777,50,10
1597,48.85920100790339,7.403745923327088,24.429600503951693,2470,4.4610767195767185,1235.0,1597,798.5,81,81,0,16560,632,11,-21742.52709889999,-10871.263549449995,114.53511417880999,50,10
1598,48.85920100790339,7.403745923327088,24.429600503951693,2478,4.475708994708995,1239.0,1598,799.0,81,81,0,16570,632,11,-21764.52709889999,-10882.263549449995,114.54974645394226,50,10
1599,48.85920100790339,7.403745923327088,24.429600503951693,2486,4.490341269841269,1243.0,1599,799.5,81,81,0,16580,632,11,-21786.52709889999,-10893.263549449995,114.56437872907453,50,10
1600,48.85920100790339,7.403745923327088,24.429600503951693,2494,4.504973544973546,1247.0,1600,800.0,81,81,0,16590,634,11,-21808.52709889999,-10904.263549449995,114.57901100420682,50,10
1601,48.85920100790339,7.403745923327088,24.429600503951693,2502,4.51960582010582,1251.0,1601,800.5,81,81,0,16600,636,11,-21830.52709889999,-10915.263549449995,114.59364327933909,50,10
1602,48.85920100790339,7.403745923327088,24.429600503951693,2510,4.534238095238095,1255.0,1602,801.0,81,81,0,16610,636,11,-21852.52709889999,-10926.263549449995,114.60827555447136,50,10
1603,48.85920100790339,7.403745923327088,24.429600503951693,2518,4.548870370370371,1259.0,1603,801.5,81,81,0,16620,636,11,-21874.52709889999,-10937.263549449995,114.62290782960363,50,10
1604,48.85920100790339,7.403745923327088,24.429600503951693,2526,4.563502645502646,1263.0,1604,802.0,81,81,0,16630,638,11,-21896.52709889999,-10948.263549449995,114.63754010473592,50,10
1605,48.85920100790339,7.403745923327088,24.429600503951693,2534,4.57813492063492,1267.0,1605,802.5,81,81,0,16640,640,11,-21918.52709889999,-10959.263549449995,114.65217237986819,50,10
1606,48.85920100790339,7.403745923327088,24.429600503951693,2542,4.5927671957671965,1271.0,1606,803.0,81,81,0,16650,642,11,-21940.52709889999,-10970.263549449995,114.66680465500046,50,10
1607,48.85920100790339,7.403745923327088,24.429600503951693,2550,4.6073994708994706,1275.0,1607,803.5,81,81,0,16660,642,11,-21962.52709889999,-10981.263549449995,114.68143693013273,50,10
1608,48.85920100790339,7.403745923327088,24.429600503951693,2558,4.6220317460317455,1279.0,1608,804.0,81,81,0,16670,642,11,-21984.52709889999,-10992.263549449995,114.69606920526502,50,10
1609,48.85920100790339,7.403745923327088,24.429600503951693,2566,4.636664021164021,1283.0,1609,804.5,81,81,0,16680,642,11,-22006.52709889999,-11003.263549449995,114.71070148039729,50,10
1610,48.85920100790339,7.403745923327088,24.429600503951693,2574,4.651296296296296,1287.0,1610,805.0,81,81,0,16690,642,11,-22028.52709889999,-11014.263549449995,114.72533375552956,50,10
1611,48.85920100790339,7.403745923327088,24.429600503951693,2582,4.665928571428571,1291.0,1611,805.5,81,81,0,16700,642,11,-22050.52709889999,-11025.263549449995,114.73996603066183,50,10
1612,48.85920100790339,7.403745923327088,24.429600503951693,2590,4.680560846560847,1295.0,1612,806.0,81,81,0,16710,642,11,-22072.52709889999,-11036.263549449995,114.75459830579412,50,10
1613,48.85920100790339,7.403745923327088,24.429600503951693,2598,4.695193121693121,1299.0,1613,806.5,81,81,0,16720,642,11,-22094.52709889999,-11047.263549449995,114.76923058092639,50,10
1614,48.85920100790339,7.403745923327088,24.429600503951693,2606,4.709825396825397,1303.0,1614,807.0,81,81,0,16730,642,11,-22116.52709889999,-11058.263549449995,114.78386285605866,50,10
1615,48.85920100790339,7.403745923327088,24.429600503951693,2614,4.724457671957673,1307.0,1615,807.5,81,81,0,16740,642,11,-22138.52709889999,-11069.263549449995,114.79849513119095,50,10
1616,48.85920100790339,7.403745923327088,24.429600503951693,2622,4.739089947089947,1311.0,1616,808.0,81,81,0,16750,642,11,-22160.52709889999,-11080.263549449995,114.81312740632322,50,10
1617,48.85920100790339,7.403745923327088,24.429600503951693,2630,4.753722222222222,1315.0,1617,808.5,81,81,0,16760,642,11,-22182.52709889999,-11091.263549449995,114.82775968145549,50,10
1618,48.85920100790339,7.403745923327088,24.429600503951693,2638,4.768354497354498,1319.0,1618,809.0,81,81,0,16770,642,11,-22204.52709889999,-11102.263549449995,114.84239195658776,50,10
1619,48.85920100790339,7.403745923327088,24.429600503951693,2646,4.7829867724867725,1323.0,1619,809.5,81,81,0,16780,642,11,-22226.52709889999,-11113.263549449995,114.85702423172003,50,10
1620,48.85920100790339,7.403745923327088,24.429600503951693,2654,4.7976190476190474,1327.0,1620,810.0,81,81,0,16790,642,11,-22248.52709889999,-11124.263549449995,114.87165650685232,50,10
1621,48.85920100790339,7.403745923327088,24.429600503951693,2662,4.812251322751323,1331.0,1621,810.5,81,81,0,16800,642,11,-22270.52709889999,-11135.263549449995,114.88628878198459,50,10
1622,48.85920100790339,7.403745923327088,24.429600503951693,2670,4.826883597883598,1335.0,1622,811.0,81,81,0,16810,642,11,-22292.52709889999,-11146.263549449995,114.90092105711686,50,10
1623,48.85920100790339,7.403745923327088,24.429600503951693,2678,4.841515873015872,1339.0,1623,811.5,81,81,0,16820,642,11,-22314.52709889999,-11157.263549449995,114.91555333224915,50,10
1624,48.85920100790339,7.403745923327088,24.429600503951693,2686,4.856148148148149,1343.0,1624,812.0,81,81,0,16830,642,11,-22336.52709889999,-11168.263549449995,114.93018560738142,50,10
1625,48.85920100790339,7.403745923327088,24.429600503951693,2694,4.870780423280424,1347.0,1625,812.5,81,81,0,16840,644,11,-22358.52709889999,-11179.263549449995,114.94481788251369,50,10
1626,48.85920100790339,7.403745923327088,24.429600503951693,2702,4.885412698412699,1351.0,1626,813.0,81,81,0,16850,644,11,-22380.52709889999,-11190.263549449995,114.95945015764596,50,10
1627,48.85920100790339,7.403745923327088,24.429600503951693,2710,4.900044973544974,1355.0,1627,813.5,81,81,0,16860,644,11,-22402.52709889999,-11201.263549449995,114.97408243277825,50,10
1628,48.85920100790339,7.403745923327088,24.429600503951693,2718,4.914677248677249,1359.0,1628,814.0,81,81,0,16870,644,11,-22424.52709889999,-11212.263549449995,114.98871470791052,50,10
1629,48.85920100790339,7.403745923327088,24.429600503951693,2726,4.929309523809524,1363.0,1629,814.5,81,81,0,16880,644,11,-22446.52709889999,-11223.263549449995,115.00334698304279,50,10
1630,48.85920100790339,7.403745923327088,24.429600503951693,2735,4.945727513227513,1367.5,1630,815.0,81,81,0,16890,644,11,-22470.52709889999,-11235.263549449995,115.01976497246078,50,10
1631,48.85920100790339,7.403745923327088,24.429600503951693,2744,4.9621455026455035,1372.0,1631,815.5,81,81,0,16900,644,11,-22494.52709889999,-11247.263549449995,115.03618296187877,50,10
1632,48.85920100790339,7.403745923327088,24.429600503951693,2753,4.978563492063492,1376.5,1632,816.0,81,81,0,16910,644,11,-22518.52709889999,-11259.263549449995,115.05260095129675,50,10
1633,48.85920100790339,7.403745923327088,24.429600503951693,2762,4.994981481481482,1381.0,1633,816.5,81,81,0,16920,644,11,-22542.52709889999,-11271.263549449995,115.06901894071476,50,10
1634,48.85920100790339,7.403745923327088,24.429600503951693,2771,5.0113994708994705,1385.5,1634,817.0,81,81,0,16930,644,11,-22566.52709889999,-11283.263549449995,115.08543693013274,50,10
1635,48.85920100790339,7.403745923327088,24.429600503951693,2780,5.02781746031746,1390.0,1635,817.5,81,81,0,16940,644,11,-22590.52709889999,-11295.263549449995,115.10185491955073,50,10
1636,48.85920100790339,7.403745923327088,24.429600503951693,2789,5.04423544973545,1394.5,1636,818.0,81,81,0,16950,644,11,-22614.52709889999,-11307.263549449995,115.11827290896872,50,10
1637,48.85920100790339,7.403745923327088,24.429600503951693,2798,5.060653439153439,1399.0,1637,818.5,81,81,0,16960,644,11,-22638.52709889999,-11319.263549449995,115.13469089838671,50,10
1638,48.85920100790339,7.403745923327088,24.429600503951693,2808,5.07892328042328,1404.0,1638,819.0,81,81,0,16970,644,11,-22664.52709889999,-11332.263549449995,115.15296073965655,50,10
1639,48.85920100790339,7.403745923327088,24.429600503951693,2818,5.097193121693122,1409.0,1639,819.5,81,81,0,16980,644,11,-22690.52709889999,-11345.263549449995,115.17123058092639,50,10
1640,48.85920100790339,7.403745923327088,24.429600503951693,2828,5.115462962962963,1414.0,1640,820.0,81,81,0,16990,646,11,-22716.52709889999,-11358.263549449995,115.18950042219623,50,10
1641,48.85920100790339,7.403745923327088,24.429600503951693,2838,5.133732804232804,1419.0,1641,820.5,81,81,0,17000,646,11,-22742.52709889999,-11371.263549449995,115.20777026346607,50,10
1642,48.85920100790339,7.403745923327088,24.429600503951693,2848,5.152002645502645,1424.0,1642,821.0,81,81,0,17010,646,11,-22768.52709889999,-11384.263549449995,115.22604010473592,50,10
1643,48.85920100790339,7.403745923327088,24.429600503951693,2858,5.170272486772486,1429.0,1643,821.5,81,81,0,17020,650,11,-22794.52709889999,-11397.263549449995,115.24430994600576,50,10
1644,48.85920100790339,7.403745923327088,24.429600503951693,2868,5.188542328042328,1434.0,1644,822.0,81,81,0,17030,652,11,-22820.52709889999,-11410.263549449995,115.2625797872756,50,10
1645,48.85920100790339,7.403745923327088,24.429600503951693,2878,5.20681216931217,1439.0,1645,822.5,81,81,0,17040,652,11,-22846.52709889999,-11423.263549449995,115.28084962854544,50,10
1646,48.85920100790339,7.403745923327088,24.429600503951693,2888,5.2250820105820095,1444.0,1646,823.0,81,81,0,17050,652,11,-22872.52709889999,-11436.263549449995,115.29911946981528,50,10
1647,48.85920100790339,7.403745923327088,24.429600503951693,2898,5.243351851851852,1449.0,1647,823.5,81,81,0,17060,652,11,-22898.52709889999,-11449.263549449995,115.31738931108512,50,10
1648,48.85920100790339,7.403745923327088,24.429600503951693,2908,5.261621693121693,1454.0,1648,824.0,81,81,0,17070,652,11,-22924.52709889999,-11462.263549449995,115.33565915235496,50,10
1649,48.85920100790339,7.403745923327088,24.429600503951693,2919,5.281677248677248,1459.5,1649,824.5,81,81,0,17080,652,11,-22952.52709889999,-11476.263549449995,115.35571470791052,50,10
1650,48.85920100790339,7.403745923327088,24.429600503951693,2930,5.301732804232804,1465.0,1650,825.0,81,81,0,17090,652,11,-22980.52709889999,-11490.263549449995,115.37577026346607,50,10
1651,48.85920100790339,7.403745923327088,24.429600503951693,2941,5.32178835978836,1470.5,1651,825.5,81,81,0,17100,652,11,-23008.52709889999,-11504.263549449995,115.39582581902162,50,10
1652,48.85920100790339,7.403745923327088,24.429600503951693,2952,5.341843915343915,1476.0,1652,826.0,81,81,0,17110,652,11,-23036.52709889999,-11518.263549449995,115.41588137457718,50,10
1653,48.85920100790339,7.403745923327088,24.429600503951693,2963,5.361899470899471,1481.5,1653,826.5,81,81,0,17120,652,11,-23064.52709889999,-11532.263549449995,115.43593693013274,50,10
1654,48.85920100790339,7.403745923327088,24.429600503951693,2413,4.380169312169312,1206.5,1654,827.0,81,81,0,17130,654,12,-23110.52709889999,-11555.263549449995,124.45420677140258,50,10
1655,48.85920100790339,7.403745923327088,24.429600503951693,2423,4.3984391534391545,1211.5,1655,827.5,81,81,0,17140,654,12,-23136.52709889999,-11568.263549449995,124.47247661267242,50,10
1656,48.85920100790339,7.403745923327088,24.429600503951693,2433,4.416708994708995,1216.5,1656,828.0,81,81,0,17150,654,12,-23162.52709889999,-11581.263549449995,124.49074645394226,50,10
1657,48.85920100790339,7.403745923327088,24.429600503951693,2443,4.434978835978836,1221.5,1657,828.5,81,81,0,17160,654,12,-23188.52709889999,-11594.263549449995,124.5090162952121,50,10
1658,48.85920100790339,7.403745923327088,24.429600503951693,2453,4.453248677248676,1226.5,1658,829.0,81,81,0,17170,654,12,-23214.52709889999,-11607.263549449995,124.52728613648195,50,10
1659,48.85920100790339,7.403745923327088,24.429600503951693,2463,4.471518518518519,1231.5,1659,829.5,81,81,0,17180,654,12,-23240.52709889999,-11620.263549449995,124.54555597775179,50,10
1660,48.85920100790339,7.403745923327088,24.429600503951693,2473,4.48978835978836,1236.5,1660,830.0,81,81,0,17190,654,12,-23266.52709889999,-11633.263549449995,124.56382581902163,50,10
1661,48.85920100790339,7.403745923327088,24.429600503951693,2483,4.5080582010582,1241.5,1661,830.5,81,81,0,17200,654,12,-23292.52709889999,-11646.263549449995,124.58209566029147,50,10
1662,48.85920100790339,7.403745923327088,24.429600503951693,2493,4.526328042328043,1246.5,1662,831.0,81,81,0,17210,654,12,-23318.52709889999,-11659.263549449995,124.60036550156131,50,10
1663,48.85920100790339,7.403745923327088,24.429600503951693,2503,4.544597883597884,1251.5,1663,831.5,81,81,0,17220,656,12,-23344.52709889999,-11672.263549449995,124.61863534283115,50,10
1664,48.85920100790339,7.403745923327088,24.429600503951693,2513,4.562867724867725,1256.5,1664,832.0,81,81,0,17230,656,12,-23370.52709889999,-11685.263549449995,124.636905184101,50,10
1665,48.85920100790339,7.403745923327088,24.429600503951693,2523,4.581137566137565,1261.5,1665,832.5,81,81,0,17240,656,12,-23396.52709889999,-11698.263549449995,124.65517502537084,50,10
1666,48.85920100790339,7.403745923327088,24.429600503951693,2533,4.5994074074074085,1266.5,1666,833.0,81,81,0,17250,656,12,-23422.52709889999,-11711.263549449995,124.67344486664068,50,10
1667,48.85920100790339,7.403745923327088,24.429600503951693,2543,4.617677248677248,1271.5,1667,833.5,81,81,0,17260,656,12,-23448.52709889999,-11724.263549449995,124.69171470791052,50,10
1668,48.85920100790339,7.403745923327088,24.429600503951693,2553,4.63594708994709,1276.5,1668,834.0,81,81,0,17270,656,12,-23474.52709889999,-11737.263549449995,124.70998454918036,50,10
1669,48.85920100790339,7.403745923327088,24.429600503951693,2563,4.65421693121693,1281.5,1669,834.5,81,81,0,17280,656,12,-23500.52709889999,-11750.263549449995,124.7282543904502,50,10
1670,48.85920100790339,7.403745923327088,24.429600503951693,2573,4.6724867724867725,1286.5,1670,835.0,81,81,0,17290,656,12,-23526.52709889999,-11763.263549449995,124.74652423172004,50,10
1671,48.85920100790339,7.403745923327088,24.429600503951693,2583,4.690756613756614,1291.5,1671,835.5,81,81,0,17300,658,12,-23552.52709889999,-11776.263549449995,124.76479407298989,50,10
1672,48.85920100790339,7.403745923327088,24.429600503951693,2593,4.7090264550264544,1296.5,1672,836.0,81,81,0,17310,658,12,-23578.52709889999,-11789.263549449995,124.78306391425973,50,10
1673,48.85920100790339,7.403745923327088,24.429600503951693,2603,4.727296296296295,1301.5,1673,836.5,81,81,0,17320,658,12,-23604.52709889999,-11802.263549449995,124.80133375552955,50,10
1674,48.85920100790339,7.403745923327088,24.429600503951693,2613,4.745566137566138,1306.5,1674,837.0,81,81,0,17330,658,12,-23630.52709889999,-11815.263549449995,124.81960359679941,50,10
1675,48.85920100790339,7.403745923327088,24.429600503951693,2623,4.763835978835979,1311.5,1675,837.5,81,81,0,17340,658,12,-23656.52709889999,-11828.263549449995,124.83787343806925,50,10
1676,48.85920100790339,7.403745923327088,24.429600503951693,2633,4.782105820105819,1316.5,1676,838.0,81,81,0,17350,660,12,-23682.52709889999,-11841.263549449995,124.85614327933908,50,10
1677,48.85920100790339,7.403745923327088,24.429600503951693,2643,4.800375661375661,1321.5,1677,838.5,81,81,0,17360,660,12,-23708.52709889999,-11854.263549449995,124.87441312060892,50,10
1678,48.85920100790339,7.403745923327088,24.429600503951693,2653,4.818645502645503,1326.5,1678,839.0,81,81,0,17370,660,12,-23734.52709889999,-11867.263549449995,124.89268296187878,50,10
1679,48.85920100790339,7.403745923327088,24.429600503951693,2663,4.836915343915344,1331.5,1679,839.5,81,81,0,17380,660,12,-23760.52709889999,-11880.263549449995,124.9109528031486,50,10
1680,48.85920100790339,7.403745923327088,24.429600503951693,2673,4.855185185185185,1336.5,1680,840.0,81,81,0,17390,660,12,-23786.52709889999,-11893.263549449995,124.92922264441845,50,10
1681,48.85920100790339,7.403745923327088,24.429600503951693,2683,4.873455026455026,1341.5,1681,840.5,81,81,0,17400,660,12,-23812.52709889999,-11906.263549449995,124.94749248568829,50,10
1682,48.85920100790339,7.403745923327088,24.429600503951693,2693,4.891724867724868,1346.5,1682,841.0,81,81,0,17410,660,12,-23838.52709889999,-11919.263549449995,124.96576232695813,50,10
1683,48.85920100790339,7.403745923327088,24.429600503951693,2703,4.909994708994709,1351.5,1683,841.5,81,81,0,17420,660,12,-23864.52709889999,-11932.263549449995,124.98403216822797,50,10
1684,48.85920100790339,7.403745923327088,24.429600503951693,2713,4.92826455026455,1356.5,1684,842.0,81,81,0,17430,660,12,-23890.52709889999,-11945.263549449995,125.00230200949781,50,10
1685,48.85920100790339,7.403745923327088,24.429600503951693,2723,4.946534391534391,1361.5,1685,842.5,81,81,0,17440,660,12,-23916.52709889999,-11958.263549449995,125.02057185076765,50,10
1686,48.85920100790339,7.403745923327088,24.429600503951693,2733,4.964804232804234,1366.5,1686,843.0,81,81,0,17450,660,12,-23942.52709889999,-11971.263549449995,125.0388416920375,50,10
1687,48.85920100790339,7.403745923327088,24.429600503951693,2743,4.983074074074073,1371.5,1687,843.5,81,81,0,17460,662,12,-23968.52709889999,-11984.263549449995,125.05711153330734,50,10
1688,48.85920100790339,7.403745923327088,24.429600503951693,2192,3.999558201058201,1096.0,1688,844.0,81,81,0,17470,664,13,-24012.52709889999,-12006.263549449995,134.07359566029146,50,10
1689,48.85920100790339,7.403745923327088,24.429600503951693,2201,4.016042328042328,1100.5,1689,844.5,81,81,0,17480,664,13,-24036.52709889999,-12018.263549449995,134.09007978727558,50,10
1690,48.85920100790339,7.403745923327088,24.429600503951693,2210,4.032526455026455,1105.0,1690,845.0,81,81,0,17490,664,13,-24060.52709889999,-12030.263549449995,134.1065639142597,50,10
1691,48.85920100790339,7.403745923327088,24.429600503951693,2219,4.049010582010582,1109.5,1691,845.5,81,81,0,17500,664,13,-24084.52709889999,-12042.263549449995,134.12304804124386,50,10
1692,48.85920100790339,7.403745923327088,24.429600503951693,2228,4.065494708994709,1114.0,1692,846.0,81,81,0,17510,666,13,-24108.52709889999,-12054.263549449995,134.139532168228,50,10
1693,48.85920100790339,7.403745923327088,24.429600503951693,2237,4.081978835978836,1118.5,1693,846.5,81,81,0,17520,666,13,-24132.52709889999,-12066.263549449995,134.1560162952121,50,10
1694,48.85920100790339,7.403745923327088,24.429600503951693,2246,4.098462962962963,1123.0,1694,847.0,81,81,0,17530,666,13,-24156.52709889999,-12078.263549449995,134.17250042219624,50,10
1695,48.85920100790339,7.403745923327088,24.429600503951693,2255,4.11494708994709,1127.5,1695,847.5,81,81,0,17540,666,13,-24180.52709889999,-12090.263549449995,134.18898454918036,50,10
1696,48.85920100790339,7.403745923327088,24.429600503951693,2264,4.131431216931216,1132.0,1696,848.0,81,81,0,17550,666,13,-24204.52709889999,-12102.263549449995,134.2054686761645,50,10
1697,48.85920100790339,7.403745923327088,24.429600503951693,2273,4.1479153439153436,1136.5,1697,848.5,81,81,0,17560,666,13,-24228.52709889999,-12114.263549449995,134.2219528031486,50,10
1698,48.85920100790339,7.403745923327088,24.429600503951693,2282,4.164399470899471,1141.0,1698,849.0,81,81,0,17570,666,13,-24252.52709889999,-12126.263549449995,134.23843693013274,50,10
1699,48.85920100790339,7.403745923327088,24.429600503951693,2291,4.180883597883597,1145.5,1699,849.5,81,81,0,17580,668,13,-24276.52709889999,-12138.263549449995,134.25492105711686,50,10
1700,48.85920100790339,7.403745923327088,24.429600503951693,2300,4.197367724867724,1150.0,1700,850.0,81,81,0,17590,668,13,-24300.52709889999,-12150.263549449995,134.27140518410098,50,10
1701,48.85920100790339,7.403745923327088,24.429600503951693,2309,4.213851851851853,1154.5,1701,850.5,81,81,0,17600,668,13,-24324.52709889999,-12162.263549449995,134.2878893110851,50,10
1702,48.85920100790339,7.403745923327088,24.429600503951693,2318,4.230335978835979,1159.0,1702,851.0,81,81,0,17610,668,13,-24348.52709889999,-12174.263549449995,134.30437343806923,50,10
1703,48.85920100790339,7.403745923327088,24.429600503951693,2327,4.246820105820106,1163.5,1703,851.5,81,81,0,17620,668,13,-24372.52709889999,-12186.263549449995,134.3208575650534,50,10
1704,48.85920100790339,7.403745923327088,24.429600503951693,2336,4.2633042328042325,1168.0,1704,852.0,81,81,0,17630,668,13,-24396.52709889999,-12198.263549449995,134.3373416920375,50,10
1705,48.85920100790339,7.403745923327088,24.429600503951693,2345,4.27978835978836,1172.5,1705,852.5,81,81,0,17640,668,13,-24420.52709889999,-12210.263549449995,134.35382581902164,50,10
1706,48.85920100790339,7.403745923327088,24.429600503951693,2354,4.296272486772486,1177.0,1706,853.0,81,81,0,17650,670,13,-24444.52709889999,-12222.263549449995,134.37030994600576,50,10
1707,48.85920100790339,7.403745923327088,24.429600503951693,2363,4.312756613756614,1181.5,1707,853.5,81,81,0,17660,670,13,-24468.52709889999,-12234.263549449995,134.3867940729899,50,10
1708,48.85920100790339,7.403745923327088,24.429600503951693,2372,4.329240740740739,1186.0,1708,854.0,81,81,0,17670,670,13,-24492.52709889999,-12246.263549449995,134.403278199974,50,10
1709,48.85920100790339,7.403745923327088,24.429600503951693,2381,4.3457248677248685,1190.5,1709,854.5,81,81,0,17680,670,13,-24516.52709889999,-12258.263549449995,134.41976232695814,50,10
1710,48.85920100790339,7.403745923327088,24.429600503951693,2390,4.362208994708995,1195.0,1710,855.0,81,81,0,17690,672,13,-24540.52709889999,-12270.263549449995,134.43624645394226,50,10
1711,48.85920100790339,7.403745923327088,24.429600503951693,2399,4.3786931216931215,1199.5,1711,855.5,81,81,0,17700,672,13,-24564.52709889999,-12282.263549449995,134.45273058092639,50,10
1712,48.85920100790339,7.403745923327088,24.429600503951693,2408,4.395177248677248,1204.0,1712,856.0,81,81,0,17710,672,13,-24588.52709889999,-12294.263549449995,134.4692147079105,50,10
1713,48.85920100790339,7.403745923327088,24.429600503951693,2417,4.411661375661376,1208.5,1713,856.5,81,81,0,17720,672,13,-24612.52709889999,-12306.263549449995,134.48569883489463,50,10
1714,48.85920100790339,7.403745923327088,24.429600503951693,2426,4.428145502645502,1213.0,1714,857.0,81,81,0,17730,672,13,-24636.52709889999,-12318.263549449995,134.50218296187876,50,10
1715,48.85920100790339,7.403745923327088,24.429600503951693,2435,4.444629629629629,1217.5,1715,857.5,81,81,0,17740,674,13,-24660.52709889999,-12330.263549449995,134.51866708886288,50,10
1716,48.85920100790339,7.403745923327088,24.429600503951693,2444,4.461113756613756,1222.0,1716,858.0,81,81,0,17750,676,13,-24684.52709889999,-12342.263549449995,134.53515121584704,50,10
1717,48.85920100790339,7.403745923327088,24.429600503951693,2453,4.477597883597884,1226.5,1717,858.5,81,81,0,17760,676,13,-24708.52709889999,-12354.263549449995,134.55163534283116,50,10
1718,48.85920100790339,7.403745923327088,24.429600503951693,1901,3.4922962962962965,950.5,1718,859.0,81,81,0,17770,676,14,-24750.52709889999,-12375.263549449995,143.56633375552957,50,10
1719,48.85920100790339,7.403745923327088,24.429600503951693,1909,3.506994708994709,954.5,1719,859.5,81,81,0,17780,676,14,-24772.52709889999,-12386.263549449995,143.58103216822798,50,10
1720,48.85920100790339,7.403745923327088,24.429600503951693,1917,3.5216931216931218,958.5,1720,860.0,81,81,0,17790,676,14,-24794.52709889999,-12397.263549449995,143.59573058092639,50,10
1721,48.85920100790339,7.403745923327088,24.429600503951693,1925,3.536391534391535,962.5,1721,860.5,81,81,0,17800,676,14,-24816.52709889999,-12408.263549449995,143.6104289936248,50,10
1722,48.85920100790339,7.403745923327088,24.429600503951693,1933,3.551089947089947,966.5,1722,861.0,81,81,0,17810,678,14,-24838.52709889999,-12419.263549449995,143.6251274063232,50,10
1723,48.85920100790339,7.403745923327088,24.429600503951693,1941,3.56578835978836,970.5,1723,861.5,81,81,0,17820,678,14,-24860.52709889999,-12430.263549449995,143.63982581902164,50,10
1724,48.85920100790339,7.403745923327088,24.429600503951693,1949,3.580486772486773,974.5,1724,862.0,81,81,0,17830,680,14,-24882.52709889999,-12441.263549449995,143.65452423172005,50,10
1725,48.85920100790339,7.403745923327088,24.429600503951693,1957,3.595185185185185,978.5,1725,862.5,81,81,0,17840,680,14,-24904.52709889999,-12452.263549449995,143.66922264441845,50,10
1726,48.85920100790339,7.403745923327088,24.429600503951693,1965,3.6098835978835977,982.5,1726,863.0,81,81,0,17850,680,14,-24926.52709889999,-12463.263549449995,143.68392105711686,50,10
1727,48.85920100790339,7.403745923327088,24.429600503951693,1973,3.6245820105820106,986.5,1727,863.5,81,81,0,17860,680,14,-24948.52709889999,-12474.263549449995,143.69861946981527,50,10
1728,48.85920100790339,7.403745923327088,24.429600503951693,1981,3.639280423280423,990.5,1728,864.0,81,81,0,17870,680,14,-24970.52709889999,-12485.263549449995,143.71331788251368,50,10
1729,48.85920100790339,7.403745923327088,24.429600503951693,1989,3.653978835978836,994.5,1729,864.5,81,81,0,17880,682,14,-24992.52709889999,-12496.263549449995,143.72801629521211,50,10
1730,48.85920100790339,7.403745923327088,24.429600503951693,1997,3.6686772486772488,998.5,1730,865.0,81,81,0,17890,682,14,-25014.52709889999,-12507.263549449995,143.74271470791052,50,10
1731,48.85920100790339,7.403745923327088,24.429600503951693,2005,3.683375661375661,1002.5,1731,865.5,81,81,0,17900,682,14,-25036.52709889999,-12518.263549449995,143.75741312060893,50,10
1732,48.85920100790339,7.403745923327088,24.429600503951693,2013,3.6980740740740745,1006.5,1732,866.0,81,81,0,17910,682,14,-25058.52709889999,-12529.263549449995,143.77211153330734,50,10
1733,48.85920100790339,7.403745923327088,24.429600503951693,2021,3.7127724867724874,1010.5,1733,866.5,81,81,0,17920,682,14,-25080.52709889999,-12540.263549449995,143.78680994600575,50,10
1734,48.85920100790339,7.403745923327088,24.429600503951693,2029,3.727470899470899,1014.5,1734,867.0,81,81,0,17930,682,14,-25102.52709889999,-12551.263549449995,143.80150835870415,50,10
1735,48.85920100790339,7.403745923327088,24.429600503951693,2037,3.7421693121693123,1018.5,1735,867.5,81,81,0,17940,682,14,-25124.52709889999,-12562.263549449995,143.8162067714026,50,10
1736,48.85920100790339,7.403745923327088,24.429600503951693,2045,3.7568677248677247,1022.5,1736,868.0,81,81,0,17950,682,14,-25146.52709889999,-12573.263549449995,143.830905184101,50,10
1737,48.85920100790339,7.403745923327088,24.429600503951693,2053,3.771566137566138,1026.5,1737,868.5,81,81,0,17960,682,14,-25168.52709889999,-12584.263549449995,143.8456035967994,50,10
1738,48.85920100790339,7.403745923327088,24.429600503951693,2061,3.78626455026455,1030.5,1738,869.0,81,81,0,17970,682,14,-25190.52709889999,-12595.263549449995,143.86030200949781,50,10
1739,48.85920100790339,7.403745923327088,24.429600503951693,2069,3.8009629629629633,1034.5,1739,869.5,81,81,0,17980,684,14,-25212.52709889999,-12606.263549449995,143.87500042219622,50,10
1740,48.85920100790339,7.403745923327088,24.429600503951693,2077,3.8156613756613753,1038.5,1740,870.0,81,81,0,17990,684,14,-25234.52709889999,-12617.263549449995,143.88969883489463,50,10
1741,48.85920100790339,7.403745923327088,24.429600503951693,2085,3.8303597883597886,1042.5,1741,870.5,81,81,0,18000,684,14,-25256.52709889999,-12628.263549449995,143.90439724759307,50,10
1742,48.85920100790339,7.403745923327088,24.429600503951693,2093,3.845058201058201,1046.5,1742,871.0,81,81,0,18010,684,14,-25278.52709889999,-12639.263549449995,143.91909566029148,50,10
1743,48.85920100790339,7.403745923327088,24.429600503951693,2101,3.8597566137566144,1050.5,1743,871.5,81,81,0,18020,684,14,-25300.52709889999,-12650.263549449995,143.93379407298988,50,10
1744,48.85920100790339,7.403745923327088,24.429600503951693,2109,3.8744550264550264,1054.5,1744,872.0,81,81,0,18030,684,14,-25322.52709889999,-12661.263549449995,143.9484924856883,50,10
1745,48.85920100790339,7.403745923327088,24.429600503951693,2117,3.8891534391534397,1058.5,1745,872.5,81,81,0,18040,684,14,-25344.52709889999,-12672.263549449995,143.9631908983867,50,10
1746,48.85920100790339,7.403745923327088,24.429600503951693,2125,3.9038518518518517,1062.5,1746,873.0,81,81,0,18050,684,14,-25366.52709889999,-12683.263549449995,143.9778893110851,50,10
1747,48.85920100790339,7.403745923327088,24.429600503951693,2133,3.9185502645502646,1066.5,1747,873.5,81,81,0,18060,684,14,-25388.52709889999,-12694.263549449995,143.99258772378354,50,10
1748,48.85920100790339,7.403745923327088,24.429600503951693,2141,3.933248677248677,1070.5,1748,874.0,81,81,0,18070,684,14,-25410.52709889999,-12705.263549449995,144.00728613648195,50,10
1749,48.85920100790339,7.403745923327088,24.429600503951693,2149,3.94794708994709,1074.5,1749,874.5,81,81,0,18080,686,14,-25432.52709889999,-12716.263549449995,144.02198454918036,50,10
1750,48.85920100790339,7.403745923327088,24.429600503951693,2157,3.9626455026455023,1078.5,1750,875.0,81,81,0,18090,686,14,-25454.52709889999,-12727.263549449995,144.03668296187877,50,10
1751,48.85920100790339,7.403745923327088,24.429600503951693,2165,3.9773439153439156,1082.5,1751,875.5,81,81,0,18100,688,14,-25476.52709889999,-12738.263549449995,144.05138137457718,50,10
1752,48.85920100790339,7.403745923327088,24.429600503951693,2173,3.9920423280423285,1086.5,1752,876.0,81,81,0,18110,688,14,-25498.52709889999,-12749.263549449995,144.06607978727558,50,10
1753,48.85920100790339,7.403745923327088,24.429600503951693,2181,4.0067407407407405,1090.5,1753,876.5,81,81,0,18120,688,14,-25520.52709889999,-12760.263549449995,144.08077819997402,50,10
1754,48.85920100790339,7.403745923327088,24.429600503951693,2189,4.021439153439154,1094.5,1754,877.0,81,81,0,18130,688,14,-25542.52709889999,-12771.263549449995,144.09547661267243,50,10
1755,48.85920100790339,7.403745923327088,24.429600503951693,2197,4.036137566137566,1098.5,1755,877.5,81,81,0,18140,688,14,-25564.52709889999,-12782.263549449995,144.11017502537084,50,10
1756,48.85920100790339,7.403745923327088,24.429600503951693,2205,4.05083597883598,1102.5,1756,878.0,81,81,0,18150,688,14,-25586.52709889999,-12793.263549449995,144.12487343806924,50,10
1757,48.85920100790339,7.403745923327088,24.429600503951693,2213,4.065534391534391,1106.5,1757,878.5,81,81,0,18160,688,14,-25608.52709889999,-12804.263549449995,144.13957185076765,50,10
1758,48.85920100790339,7.403745923327088,24.429600503951693,2221,4.080232804232804,1110.5,1758,879.0,81,81,0,18170,688,14,-25630.52709889999,-12815.263549449995,144.15427026346606,50,10
1759,48.85920100790339,7.403745923327088,24.429600503951693,2229,4.094931216931217,1114.5,1759,879.5,81,81,0,18180,690,14,-25652.52709889999,-12826.263549449995,144.1689686761645,50,10
1760,48.85920100790339,7.403745923327088,24.429600503951693,2237,4.10962962962963,1118.5,1760,880.0,81,81,0,18190,690,14,-25674.52709889999,-12837.263549449995,144.1836670888629,50,10
1761,48.85920100790339,7.403745923327088,24.429600503951693,2245,4.124328042328042,1122.5,1761,880.5,81,81,0,18200,690,14,-25696.52709889999,-12848.263549449995,144.1983655015613,50,10
1762,48.85920100790339,7.403745923327088,24.429600503951693,2253,4.139026455026456,1126.5,1762,881.0,81,81,0,18210,690,14,-25718.52709889999,-12859.263549449995,144.21306391425972,50,10
1763,48.85920100790339,7.403745923327088,24.429600503951693,2261,4.1537248677248675,1130.5,1763,881.5,81,81,0,18220,690,14,-25740.52709889999,-12870.263549449995,144.22776232695813,50,10
1764,48.85920100790339,7.403745923327088,24.429600503951693,2269,4.168423280423281,1134.5,1764,882.0,81,81,0,18230,690,14,-25762.52709889999,-12881.263549449995,144.24246073965654,50,10
1765,48.85920100790339,7.403745923327088,24.429600503951693,2277,4.183121693121693,1138.5,1765,882.5,81,81,0,18240,690,14,-25784.52709889999,-12892.263549449995,144.25715915235497,50,10
1766,48.85920100790339,7.403745923327088,24.429600503951693,2285,4.197820105820106,1142.5,1766,883.0,81,81,0,18250,690,14,-25806.52709889999,-12903.263549449995,144.27185756505338,50,10
1767,48.85920100790339,7.403745923327088,24.429600503951693,2293,4.212518518518518,1146.5,1767,883.5,81,81,0,18260,690,14,-25828.52709889999,-12914.263549449995,144.2865559777518,50,10
1768,48.85920100790339,7.403745923327088,24.429600503951693,2301,4.227216931216931,1150.5,1768,884.0,81,81,0,18270,690,14,-25850.52709889999,-12925.263549449995,144.3012543904502,50,10
1769,48.85920100790339,7.403745923327088,24.429600503951693,2309,4.241915343915344,1154.5,1769,884.5,81,81,0,18280,692,14,-25872.52709889999,-12936.263549449995,144.3159528031486,50,10
1770,48.85920100790339,7.403745923327088,24.429600503951693,2317,4.256613756613756,1158.5,1770,885.0,81,81,0,18290,692,14,-25894.52709889999,-12947.263549449995,144.330651215847,50,10
1771,48.85920100790339,7.403745923327088,24.429600503951693,2325,4.27131216931217,1162.5,1771,885.5,81,81,0,18300,692,14,-25916.52709889999,-12958.263549449995,144.34534962854545,50,10
1772,48.85920100790339,7.403745923327088,24.429600503951693,2333,4.286010582010582,1166.5,1772,886.0,81,81,0,18310,692,14,-25938.52709889999,-12969.263549449995,144.36004804124386,50,10
1773,48.85920100790339,7.403745923327088,24.429600503951693,2341,4.300708994708995,1170.5,1773,886.5,81,81,0,18320,692,14,-25960.52709889999,-12980.263549449995,144.37474645394227,50,10
1774,48.85920100790339,7.403745923327088,24.429600503951693,2349,4.315407407407407,1174.5,1774,887.0,81,81,0,18330,692,14,-25982.52709889999,-12991.263549449995,144.38944486664067,50,10
1775,48.85920100790339,7.403745923327088,24.429600503951693,2357,4.33010582010582,1178.5,1775,887.5,81,81,0,18340,692,14,-26004.52709889999,-13002.263549449995,144.40414327933908,50,10
1776,48.85920100790339,7.403745923327088,24.429600503951693,2365,4.344804232804233,1182.5,1776,888.0,81,81,0,18350,692,14,-26026.52709889999,-13013.263549449995,144.4188416920375,50,10
1777,48.85920100790339,7.403745923327088,24.429600503951693,2373,4.359502645502646,1186.5,1777,888.5,81,81,0,18360,692,14,-26048.52709889999,-13024.263549449995,144.43354010473593,50,10
1778,48.85920100790339,7.403745923327088,24.429600503951693,2381,4.3742010582010575,1190.5,1778,889.0,81,81,0,18370,692,14,-26070.52709889999,-13035.263549449995,144.44823851743433,50,10
1779,48.85920100790339,7.403745923327088,24.429600503951693,2389,4.388899470899472,1194.5,1779,889.5,81,81,0,18380,694,14,-26092.52709889999,-13046.263549449995,144.46293693013274,50,10
1780,48.85920100790339,7.403745923327088,24.429600503951693,2397,4.403597883597883,1198.5,1780,890.0,81,81,0,18390,696,14,-26114.52709889999,-13057.263549449995,144.47763534283115,50,10
1781,48.85920100790339,7.403745923327088,24.429600503951693,2405,4.418296296296296,1202.5,1781,890.5,81,81,0,18400,696,14,-26136.52709889999,-13068.263549449995,144.49233375552956,50,10
1782,48.85920100790339,7.403745923327088,24.429600503951693,2413,4.432994708994708,1206.5,1782,891.0,81,81,0,18410,696,14,-26158.52709889999,-13079.263549449995,144.50703216822797,50,10
1783,48.85920100790339,7.403745923327088,24.429600503951693,2421,4.447693121693122,1210.5,1783,891.5,81,81,0,18420,696,14,-26180.52709889999,-13090.263549449995,144.5217305809264,50,10
1784,48.85920100790339,7.403745923327088,24.429600503951693,2429,4.462391534391535,1214.5,1784,892.0,81,81,0,18430,696,14,-26202.52709889999,-13101.263549449995,144.5364289936248,50,10
1785,48.85920100790339,7.403745923327088,24.429600503951693,2438,4.478941798941799,1219.0,1785,892.5,81,81,0,18440,696,14,-26226.52709889999,-13113.263549449995,144.55297925817507,50,10
1786,48.85920100790339,7.403745923327088,24.429600503951693,1906,3.4936402116402117,953.0,1786,893.0,81,81,0,18450,696,15,-26268.52709889999,-13134.263549449995,153.56767767087348,50,10
1787,48.85920100790339,7.403745923327088,24.429600503951693,1914,3.508338624338624,957.0,1787,893.5,81,81,0,18460,696,15,-26290.52709889999,-13145.263549449995,153.5823760835719,50,10
1788,48.85920100790339,7.403745923327088,24.429600503951693,1922,3.523037037037037,961.0,1788,894.0,81,81,0,18470,696,15,-26312.52709889999,-13156.263549449995,153.5970744962703,50,10
1789,48.85920100790339,7.403745923327088,24.429600503951693,1930,3.53773544973545,965.0,1789,894.5,81,81,0,18480,696,15,-26334.52709889999,-13167.263549449995,153.6117729089687,50,10
1790,48.85920100790339,7.403745923327088,24.429600503951693,1938,3.5524338624338627,969.0,1790,895.0,81,81,0,18490,696,15,-26356.52709889999,-13178.263549449995,153.62647132166714,50,10
1791,48.85920100790339,7.403745923327088,24.429600503951693,1946,3.567132275132275,973.0,1791,895.5,81,81,0,18500,696,15,-26378.52709889999,-13189.263549449995,153.64116973436555,50,10
1792,48.85920100790339,7.403745923327088,24.429600503951693,1954,3.5818306878306876,977.0,1792,896.0,81,81,0,18510,696,15,-26400.52709889999,-13200.263549449995,153.65586814706396,50,10
1793,48.85920100790339,7.403745923327088,24.429600503951693,1962,3.5965291005291005,981.0,1793,896.5,81,81,0,18520,696,15,-26422.52709889999,-13211.263549449995,153.67056655976236,50,10
1794,48.85920100790339,7.403745923327088,24.429600503951693,1970,3.6112275132275133,985.0,1794,897.0,81,81,0,18530,696,15,-26444.52709889999,-13222.263549449995,153.68526497246077,50,10
1795,48.85920100790339,7.403745923327088,24.429600503951693,1978,3.6259259259259258,989.0,1795,897.5,81,81,0,18540,696,15,-26466.52709889999,-13233.263549449995,153.69996338515918,50,10
1796,48.85920100790339,7.403745923327088,24.429600503951693,1986,3.6406243386243387,993.0,1796,898.0,81,81,0,18550,696,15,-26488.52709889999,-13244.263549449995,153.71466179785762,50,10
1797,48.85920100790339,7.403745923327088,24.429600503951693,1994,3.655322751322751,997.0,1797,898.5,81,81,0,18560,696,15,-26510.52709889999,-13255.263549449995,153.72936021055602,50,10
1798,48.85920100790339,7.403745923327088,24.429600503951693,2002,3.670021164021164,1001.0,1798,899.0,81,81,0,18570,696,15,-26532.52709889999,-13266.263549449995,153.74405862325443,50,10
1799,48.85920100790339,7.403745923327088,24.429600503951693,2010,3.684719576719577,1005.0,1799,899.5,81,81,0,18580,698,15,-26554.52709889999,-13277.263549449995,153.75875703595284,50,10
1800,48.85920100790339,7.403745923327088,24.429600503951693,2018,3.6994179894179893,1009.0,1800,900.0,81,81,0,18590,698,15,-26576.52709889999,-13288.263549449995,153.77345544865125,50,10
1801,48.85920100790339,7.403745923327088,24.429600503951693,2026,3.714116402116402,1013.0,1801,900.5,81,81,0,18600,698,15,-26598.52709889999,-13299.263549449995,153.78815386134966,50,10
1802,48.85920100790339,7.403745923327088,24.429600503951693,2034,3.728814814814815,1017.0,1802,901.0,81,81,0,18610,698,15,-26620.52709889999,-13310.263549449995,153.8028522740481,50,10
1803,48.85920100790339,7.403745923327088,24.429600503951693,2042,3.7435132275132275,1021.0,1803,901.5,81,81,0,18620,698,15,-26642.52709889999,-13321.263549449995,153.8175506867465,50,10
1804,48.85920100790339,7.403745923327088,24.429600503951693,2050,3.7582116402116403,1025.0,1804,902.0,81,81,0,18630,698,15,-26664.52709889999,-13332.263549449995,153.8322490994449,50,10
1805,48.85920100790339,7.403745923327088,24.429600503951693,2058,3.7729100529100528,1029.0,1805,902.5,81,81,0,18640,698,15,-26686.52709889999,-13343.263549449995,153.84694751214332,50,10
1806,48.85920100790339,7.403745923327088,24.429600503951693,2066,3.7876084656084656,1033.0,1806,903.0,81,81,0,18650,698,15,-26708.52709889999,-13354.263549449995,153.86164592484172,50,10
1807,48.85920100790339,7.403745923327088,24.429600503951693,2074,3.8023068783068785,1037.0,1807,903.5,81,81,0,18660,698,15,-26730.52709889999,-13365.263549449995,153.87634433754013,50,10
1808,48.85920100790339,7.403745923327088,24.429600503951693,2082,3.8170052910052905,1041.0,1808,904.0,81,81,0,18670,698,15,-26752.52709889999,-13376.263549449995,153.89104275023857,50,10
1809,48.85920100790339,7.403745923327088,24.429600503951693,2090,3.831703703703704,1045.0,1809,904.5,81,81,0,18680,700,15,-26774.52709889999,-13387.263549449995,153.90574116293698,50,10
1810,48.85920100790339,7.403745923327088,24.429600503951693,2098,3.846402116402116,1049.0,1810,905.0,81,81,0,18690,700,15,-26796.52709889999,-13398.263549449995,153.92043957563538,50,10
1811,48.85920100790339,7.403745923327088,24.429600503951693,2106,3.861100529100529,1053.0,1811,905.5,81,81,0,18700,700,15,-26818.52709889999,-13409.263549449995,153.9351379883338,50,10
1812,48.85920100790339,7.403745923327088,24.429600503951693,2114,3.875798941798942,1057.0,1812,906.0,81,81,0,18710,700,15,-26840.52709889999,-13420.263549449995,153.9498364010322,50,10
1813,48.85920100790339,7.403745923327088,24.429600503951693,2122,3.890497354497355,1061.0,1813,906.5,81,81,0,18720,700,15,-26862.52709889999,-13431.263549449995,153.9645348137306,50,10
1814,48.85920100790339,7.403745923327088,24.429600503951693,2130,3.905195767195767,1065.0,1814,907.0,81,81,0,18730,700,15,-26884.52709889999,-13442.263549449995,153.97923322642905,50,10
1815,48.85920100790339,7.403745923327088,24.429600503951693,2138,3.91989417989418,1069.0,1815,907.5,81,81,0,18740,702,15,-26906.52709889999,-13453.263549449995,153.99393163912745,50,10
1816,48.85920100790339,7.403745923327088,24.429600503951693,2146,3.934592592592592,1073.0,1816,908.0,81,81,0,18750,702,15,-26928.52709889999,-13464.263549449995,154.00863005182586,50,10
1817,48.85920100790339,7.403745923327088,24.429600503951693,2154,3.949291005291005,1077.0,1817,908.5,81,81,0,18760,704,15,-26950.52709889999,-13475.263549449995,154.02332846452427,50,10
1818,48.85920100790339,7.403745923327088,24.429600503951693,2162,3.963989417989418,1081.0,1818,909.0,81,81,0,18770,704,15,-26972.52709889999,-13486.263549449995,154.03802687722268,50,10
1819,48.85920100790339,7.403745923327088,24.429600503951693,2170,3.9786878306878304,1085.0,1819,909.5,81,81,0,18780,704,15,-26994.52709889999,-13497.263549449995,154.05272528992109,50,10
1820,48.85920100790339,7.403745923327088,24.429600503951693,2178,3.9933862433862433,1089.0,1820,910.0,81,81,0,18790,704,15,-27016.52709889999,-13508.263549449995,154.06742370261952,50,10
1821,48.85920100790339,7.403745923327088,24.429600503951693,2186,4.008084656084656,1093.0,1821,910.5,81,81,0,18800,706,15,-27038.52709889999,-13519.263549449995,154.08212211531793,50,10
1822,48.85920100790339,7.403745923327088,24.429600503951693,2194,4.022783068783069,1097.0,1822,911.0,81,81,0,18810,706,15,-27060.52709889999,-13530.263549449995,154.09682052801634,50,10
1823,48.85920100790339,7.403745923327088,24.429600503951693,2202,4.037481481481481,1101.0,1823,911.5,81,81,0,18820,706,15,-27082.52709889999,-13541.263549449995,154.11151894071475,50,10
1824,48.85920100790339,7.403745923327088,24.429600503951693,2210,4.052179894179894,1105.0,1824,912.0,81,81,0,18830,706,15,-27104.52709889999,-13552.263549449995,154.12621735341315,50,10
1825,48.85920100790339,7.403745923327088,24.429600503951693,2218,4.066878306878307,1109.0,1825,912.5,81,81,0,18840,706,15,-27126.52709889999,-13563.263549449995,154.14091576611156,50,10
1826,48.85920100790339,7.403745923327088,24.429600503951693,2226,4.08157671957672,1113.0,1826,913.0,81,81,0,18850,706,15,-27148.52709889999,-13574.263549449995,154.15561417881,50,10
1827,48.85920100790339,7.403745923327088,24.429600503951693,2234,4.0962751322751325,1117.0,1827,913.5,81,81,0,18860,706,15,-27170.52709889999,-13585.263549449995,154.1703125915084,50,10
1828,48.85920100790339,7.403745923327088,24.429600503951693,2242,4.110973544973546,1121.0,1828,914.0,81,81,0,18870,706,15,-27192.52709889999,-13596.263549449995,154.1850110042068,50,10
1829,48.85920100790339,7.403745923327088,24.429600503951693,2250,4.125671957671957,1125.0,1829,914.5,81,81,0,18880,706,15,-27214.52709889999,-13607.263549449995,154.19970941690522,50,10
1830,48.85920100790339,7.403745923327088,24.429600503951693,2258,4.140370370370371,1129.0,1830,915.0,81,81,0,18890,706,15,-27236.52709889999,-13618.263549449995,154.21440782960363,50,10
1831,48.85920100790339,7.403745923327088,24.429600503951693,2266,4.155068783068783,1133.0,1831,915.5,81,81,0,18900,708,15,-27258.52709889999,-13629.263549449995,154.22910624230204,50,10
1832,48.85920100790339,7.403745923327088,24.429600503951693,2274,4.169767195767196,1137.0,1832,916.0,81,81,0,18910,710,15,-27280.52709889999,-13640.263549449995,154.24380465500047,50,10
1833,48.85920100790339,7.403745923327088,24.429600503951693,2282,4.184465608465609,1141.0,1833,916.5,81,81,0,18920,710,15,-27302.52709889999,-13651.263549449995,154.25850306769888,50,10
1834,48.85920100790339,7.403745923327088,24.429600503951693,2290,4.199164021164021,1145.0,1834,917.0,81,81,0,18930,710,15,-27324.52709889999,-13662.263549449995,154.2732014803973,50,10
1835,48.85920100790339,7.403745923327088,24.429600503951693,2298,4.213862433862434,1149.0,1835,917.5,81,81,0,18940,710,15,-27346.52709889999,-13673.263549449995,154.2878998930957,50,10
1836,48.85920100790339,7.403745923327088,24.429600503951693,2306,4.228560846560847,1153.0,1836,918.0,81,81,0,18950,710,15,-27368.52709889999,-13684.263549449995,154.3025983057941,50,10
1837,48.85920100790339,7.403745923327088,24.429600503951693,2314,4.243259259259259,1157.0,1837,918.5,81,81,0,18960,710,15,-27390.52709889999,-13695.263549449995,154.3172967184925,50,10
1838,48.85920100790339,7.403745923327088,24.429600503951693,2322,4.257957671957672,1161.0,1838,919.0,81,81,0,18970,712,15,-27412.52709889999,-13706.263549449995,154.33199513119095,50,10
1839,48.85920100790339,7.403745923327088,24.429600503951693,2330,4.272656084656084,1165.0,1839,919.5,81,81,0,18980,712,15,-27434.52709889999,-13717.263549449995,154.34669354388936,50,10
1840,48.85920100790339,7.403745923327088,24.429600503951693,2338,4.287354497354498,1169.0,1840,920.0,81,81,0,18990,712,15,-27456.52709889999,-13728.263549449995,154.36139195658777,50,10
1841,48.85920100790339,7.403745923327088,24.429600503951693,1785,3.3002671957671956,892.5,1841,920.5,81,81,0,19000,712,16,-27496.52709889999,-13748.263549449995,163.37430465500046,50,10
1842,48.85920100790339,7.403745923327088,24.429600503951693,1792,3.3131798941798944,896.0,1842,921.0,81,81,0,19010,712,16,-27516.52709889999,-13758.263549449995,163.38721735341315,50,10
1843,48.85920100790339,7.403745923327088,24.429600503951693,1799,3.3260925925925924,899.5,1843,921.5,81,81,0,19020,712,16,-27536.52709889999,-13768.263549449995,163.40013005182587,50,10
1844,48.85920100790339,7.403745923327088,24.429600503951693,1806,3.339005291005291,903.0,1844,922.0,81,81,0,19030,712,16,-27556.52709889999,-13778.263549449995,163.41304275023856,50,10
1845,48.85920100790339,7.403745923327088,24.429600503951693,1813,3.3519179894179896,906.5,1845,922.5,81,81,0,19040,712,16,-27576.52709889999,-13788.263549449995,163.42595544865125,50,10
1846,48.85920100790339,7.403745923327088,24.429600503951693,1820,3.364830687830688,910.0,1846,923.0,81,81,0,19050,714,16,-27596.52709889999,-13798.263549449995,163.43886814706394,50,10
1847,48.85920100790339,7.403745923327088,24.429600503951693,1827,3.377743386243386,913.5,1847,923.5,81,81,0,19060,714,16,-27616.52709889999,-13808.263549449995,163.45178084547666,50,10
1848,48.85920100790339,7.403745923327088,24.429600503951693,1834,3.390656084656085,917.0,1848,924.0,81,81,0,19070,714,16,-27636.52709889999,-13818.263549449995,163.46469354388935,50,10
1849,48.85920100790339,7.403745923327088,24.429600503951693,1841,3.4035687830687826,920.5,1849,924.5,81,81,0,19080,714,16,-27656.52709889999,-13828.263549449995,163.47760624230204,50,10
1850,48.85920100790339,7.403745923327088,24.429600503951693,1848,3.416481481481482,924.0,1850,925.0,81,81,0,19090,714,16,-27676.52709889999,-13838.263549449995,163.49051894071474,50,10
1851,48.85920100790339,7.403745923327088,24.429600503951693,1855,3.42939417989418,927.5,1851,925.5,81,81,0,19100,714,16,-27696.52709889999,-13848.263549449995,163.50343163912746,50,10
1852,48.85920100790339,7.403745923327088,24.429600503951693,1862,3.4423068783068786,931.0,1852,926.0,81,81,0,19110,714,16,-27716.52709889999,-13858.263549449995,163.51634433754015,50,10
1853,48.85920100790339,7.403745923327088,24.429600503951693,1869,3.455219576719576,934.5,1853,926.5,81,81,0,19120,714,16,-27736.52709889999,-13868.263549449995,163.52925703595284,50,10
1854,48.85920100790339,7.403745923327088,24.429600503951693,1876,3.4681322751322754,938.0,1854,927.0,81,81,0,19130,714,16,-27756.52709889999,-13878.263549449995,163.54216973436553,50,10
1855,48.85920100790339,7.403745923327088,24.429600503951693,1883,3.4810449735449733,941.5,1855,927.5,81,81,0,19140,714,16,-27776.52709889999,-13888.263549449995,163.55508243277825,50,10
1856,48.85920100790339,7.403745923327088,24.429600503951693,1890,3.493957671957672,945.0,1856,928.0,81,81,0,19150,714,16,-27796.52709889999,-13898.263549449995,163.56799513119094,50,10
1857,48.85920100790339,7.403745923327088,24.429600503951693,1897,3.5068703703703705,948.5,1857,928.5,81,81,0,19160,714,16,-27816.52709889999,-13908.263549449995,163.58090782960363,50,10
1858,48.85920100790339,7.403745923327088,24.429600503951693,1904,3.519783068783069,952.0,1858,929.0,81,81,0,19170,714,16,-27836.52709889999,-13918.263549449995,163.59382052801632,50,10
1859,48.85920100790339,7.403745923327088,24.429600503951693,1911,3.5326957671957664,955.5,1859,929.5,81,81,0,19180,716,16,-27856.52709889999,-13928.263549449995,163.60673322642904,50,10
1860,48.85920100790339,7.403745923327088,24.429600503951693,1918,3.5456084656084657,959.0,1860,930.0,81,81,0,19190,716,16,-27876.52709889999,-13938.263549449995,163.61964592484173,50,10
1861,48.85920100790339,7.403745923327088,24.429600503951693,1925,3.5585211640211645,962.5,1861,930.5,81,81,0,19200,716,16,-27896.52709889999,-13948.263549449995,163.63255862325443,50,10
1862,48.85920100790339,7.403745923327088,24.429600503951693,1932,3.571433862433863,966.0,1862,931.0,81,81,0,19210,716,16,-27916.52709889999,-13958.263549449995,163.64547132166712,50,10
1863,48.85920100790339,7.403745923327088,24.429600503951693,1939,3.584346560846561,969.5,1863,931.5,81,81,0,19220,718,16,-27936.52709889999,-13968.263549449995,163.65838402007984,50,10
1864,48.85920100790339,7.403745923327088,24.429600503951693,1946,3.5972592592592587,973.0,1864,932.0,81,81,0,19230,720,16,-27956.52709889999,-13978.263549449995,163.67129671849253,50,10
1865,48.85920100790339,7.403745923327088,24.429600503951693,1953,3.6101719576719575,976.5,1865,932.5,81,81,0,19240,720,16,-27976.52709889999,-13988.263549449995,163.68420941690522,50,10
1866,48.85920100790339,7.403745923327088,24.429600503951693,1960,3.623084656084656,980.0,1866,933.0,81,81,0,19250,720,16,-27996.52709889999,-13998.263549449995,163.6971221153179,50,10
1867,48.85920100790339,7.403745923327088,24.429600503951693,1967,3.6359973544973547,983.5,1867,933.5,81,81,0,19260,720,16,-28016.52709889999,-14008.263549449995,163.71003481373063,50,10
1868,48.85920100790339,7.403745923327088,24.429600503951693,1974,3.6489100529100527,987.0,1868,934.0,81,81,0,19270,722,16,-28036.52709889999,-14018.263549449995,163.72294751214332,50,10
1869,48.85920100790339,7.403745923327088,24.429600503951693,1981,3.661822751322751,990.5,1869,934.5,81,81,0,19280,722,16,-28056.52709889999,-14028.263549449995,163.735860210556,50,10
1870,48.85920100790339,7.403745923327088,24.429600503951693,1988,3.6747354497354494,994.0,1870,935.0,81,81,0,19290,722,16,-28076.52709889999,-14038.263549449995,163.7487729089687,50,10
1871,48.85920100790339,7.403745923327088,24.429600503951693,1995,3.687648148148148,997.5,1871,935.5,81,81,0,19300,724,16,-28096.52709889999,-14048.263549449995,163.76168560738142,50,10
1872,48.85920100790339,7.403745923327088,24.429600503951693,2002,3.7005608465608466,1001.0,1872,936.0,81,81,0,19310,724,16,-28116.52709889999,-14058.263549449995,163.77459830579411,50,10
1873,48.85920100790339,7.403745923327088,24.429600503951693,2009,3.7134735449735454,1004.5,1873,936.5,81,81,0,19320,726,16,-28136.52709889999,-14068.263549449995,163.7875110042068,50,10
1874,48.85920100790339,7.403745923327088,24.429600503951693,2016,3.726386243386243,1008.0,1874,937.0,81,81,0,19330,726,16,-28156.52709889999,-14078.263549449995,163.8004237026195,50,10
1875,48.85920100790339,7.403745923327088,24.429600503951693,2023,3.7392989417989417,1011.5,1875,937.5,81,81,0,19340,726,16,-28176.52709889999,-14088.263549449995,163.81333640103222,50,10
1876,48.85920100790339,7.403745923327088,24.429600503951693,2030,3.75221164021164,1015.0,1876,938.0,81,81,0,19350,726,16,-28196.52709889999,-14098.263549449995,163.8262490994449,50,10
1877,48.85920100790339,7.403745923327088,24.429600503951693,2037,3.765124338624339,1018.5,1877,938.5,81,81,0,19360,726,16,-28216.52709889999,-14108.263549449995,163.8391617978576,50,10
1878,48.85920100790339,7.403745923327088,24.429600503951693,2044,3.778037037037037,1022.0,1878,939.0,81,81,0,19370,726,16,-28236.52709889999,-14118.263549449995,163.8520744962703,50,10
1879,48.85920100790339,7.403745923327088,24.429600503951693,2051,3.7909497354497357,1025.5,1879,939.5,81,81,0,19380,726,16,-28256.52709889999,-14128.263549449995,163.864987194683,50,10
1880,48.85920100790339,7.403745923327088,24.429600503951693,2058,3.8038624338624336,1029.0,1880,940.0,81,81,0,19390,726,16,-28276.52709889999,-14138.263549449995,163.8778998930957,50,10
1881,48.85920100790339,7.403745923327088,24.429600503951693,2065,3.8167751322751324,1032.5,1881,940.5,81,81,0,19400,726,16,-28296.52709889999,-14148.263549449995,163.8908125915084,50,10
1882,48.85920100790339,7.403745923327088,24.429600503951693,2072,3.829687830687831,1036.0,1882,941.0,81,81,0,19410,726,16,-28316.52709889999,-14158.263549449995,163.90372528992108,50,10
1883,48.85920100790339,7.403745923327088,24.429600503951693,2079,3.842600529100529,1039.5,1883,941.5,81,81,0,19420,726,16,-28336.52709889999,-14168.263549449995,163.9166379883338,50,10
1884,48.85920100790339,7.403745923327088,24.429600503951693,2086,3.855513227513227,1043.0,1884,942.0,81,81,0,19430,726,16,-28356.52709889999,-14178.263549449995,163.9295506867465,50,10
1885,48.85920100790339,7.403745923327088,24.429600503951693,2093,3.868425925925926,1046.5,1885,942.5,81,81,0,19440,726,16,-28376.52709889999,-14188.263549449995,163.9424633851592,50,10
1886,48.85920100790339,7.403745923327088,24.429600503951693,2100,3.881338624338624,1050.0,1886,943.0,81,81,0,19450,726,16,-28396.52709889999,-14198.263549449995,163.95537608357188,50,10
1887,48.85920100790339,7.403745923327088,24.429600503951693,2107,3.8942513227513227,1053.5,1887,943.5,81,81,0,19460,726,16,-28416.52709889999,-14208.263549449995,163.9682887819846,50,10
1888,48.85920100790339,7.403745923327088,24.429600503951693,2114,3.907164021164021,1057.0,1888,944.0,81,81,0,19470,726,16,-28436.52709889999,-14218.263549449995,163.9812014803973,50,10
1889,48.85920100790339,7.403745923327088,24.429600503951693,2121,3.92007671957672,1060.5,1889,944.5,81,81,0,19480,726,16,-28456.52709889999,-14228.263549449995,163.99411417880998,50,10
1890,48.85920100790339,7.403745923327088,24.429600503951693,2128,3.9329894179894174,1064.0,1890,945.0,81,81,0,19490,726,16,-28476.52709889999,-14238.263549449995,164.00702687722267,50,10
1891,48.85920100790339,7.403745923327088,24.429600503951693,2135,3.945902116402117,1067.5,1891,945.5,81,81,0,19500,728,16,-28496.52709889999,-14248.263549449995,164.0199395756354,50,10
1892,48.85920100790339,7.403745923327088,24.429600503951693,2142,3.9588148148148146,1071.0,1892,946.0,81,81,0,19510,728,16,-28516.52709889999,-14258.263549449995,164.03285227404808,50,10
1893,48.85920100790339,7.403745923327088,24.429600503951693,2149,3.9717275132275134,1074.5,1893,946.5,81,81,0,19520,730,16,-28536.52709889999,-14268.263549449995,164.04576497246077,50,10
1894,48.85920100790339,7.403745923327088,24.429600503951693,2156,3.9846402116402113,1078.0,1894,947.0,81,81,0,19530,730,16,-28556.52709889999,-14278.263549449995,164.05867767087346,50,10
1895,48.85920100790339,7.403745923327088,24.429600503951693,2163,3.99755291005291,1081.5,1895,947.5,81,81,0,19540,730,16,-28576.52709889999,-14288.263549449995,164.07159036928618,50,10
1896,48.85920100790339,7.403745923327088,24.429600503951693,2170,4.0104656084656085,1085.0,1896,948.0,81,81,0,19550,732,16,-28596.52709889999,-14298.263549449995,164.08450306769888,50,10
1897,48.85920100790339,7.403745923327088,24.429600503951693,2177,4.023378306878307,1088.5,1897,948.5,81,81,0,19560,732,16,-28616.52709889999,-14308.263549449995,164.09741576611157,50,10
1898,48.85920100790339,7.403745923327088,24.429600503951693,2184,4.036291005291005,1092.0,1898,949.0,81,81,0,19570,732,16,-28636.52709889999,-14318.263549449995,164.11032846452426,50,10
1899,48.85920100790339,7.403745923327088,24.429600503951693,2191,4.049203703703704,1095.5,1899,949.5,81,81,0,19580,732,16,-28656.52709889999,-14328.263549449995,164.12324116293698,50,10
1900,48.85920100790339,7.403745923327088,24.429600503951693,2198,4.062116402116402,1099.0,1900,950.0,81,81,0,19590,732,16,-28676.52709889999,-14338.263549449995,164.13615386134967,50,10
1901,48.85920100790339,7.403745923327088,24.429600503951693,2205,4.0750291005291,1102.5,1901,950.5,81,81,0,19600,734,16,-28696.52709889999,-14348.263549449995,164.14906655976236,50,10
1902,48.85920100790339,7.403745923327088,24.429600503951693,2212,4.087941798941799,1106.0,1902,951.0,81,81,0,19610,734,16,-28716.52709889999,-14358.263549449995,164.16197925817508,50,10
1903,48.85920100790339,7.403745923327088,24.429600503951693,2219,4.100854497354498,1109.5,1903,951.5,81,81,0,19620,734,16,-28736.52709889999,-14368.263549449995,164.17489195658777,50,10
1904,48.85920100790339,7.403745923327088,24.429600503951693,2226,4.1137671957671955,1113.0,1904,952.0,81,81,0,19630,734,16,-28756.52709889999,-14378.263549449995,164.18780465500046,50,10
1905,48.85920100790339,7.403745923327088,24.429600503951693,2233,4.126679894179894,1116.5,1905,952.5,81,81,0,19640,734,16,-28776.52709889999,-14388.263549449995,164.20071735341315,50,10
1906,48.85920100790339,7.403745923327088,24.429600503951693,2240,4.139592592592593,1120.0,1906,953.0,81,81,0,19650,734,16,-28796.52709889999,-14398.263549449995,164.21363005182587,50,10
1907,48.85920100790339,7.403745923327088,24.429600503951693,2247,4.152505291005291,1123.5,1907,953.5,81,81,0,19660,734,16,-28816.52709889999,-14408.263549449995,164.22654275023856,50,10
1908,48.85920100790339,7.403745923327088,24.429600503951693,2254,4.165417989417989,1127.0,1908,954.0,81,81,0,19670,736,16,-28836.52709889999,-14418.263549449995,164.23945544865126,50,10
1909,48.85920100790339,7.403745923327088,24.429600503951693,2261,4.178330687830688,1130.5,1909,954.5,81,81,0,19680,738,16,-28856.52709889999,-14428.263549449995,164.25236814706395,50,10
1910,48.85920100790339,7.403745923327088,24.429600503951693,2268,4.191243386243387,1134.0,1910,955.0,81,81,0,19690,738,16,-28876.52709889999,-14438.263549449995,164.26528084547667,50,10
1911,48.85920100790339,7.403745923327088,24.429600503951693,2275,4.204156084656085,1137.5,1911,955.5,81,81,0,19700,738,16,-28896.52709889999,-14448.263549449995,164.27819354388936,50,10
1912,48.85920100790339,7.403745923327088,24.429600503951693,2282,4.217068783068784,1141.0,1912,956.0,81,81,0,19710,738,16,-28916.52709889999,-14458.263549449995,164.29110624230205,50,10
1913,48.85920100790339,7.403745923327088,24.429600503951693,2289,4.229981481481482,1144.5,1913,956.5,81,81,0,19720,738,16,-28936.52709889999,-14468.263549449995,164.30401894071474,50,10
1914,48.85920100790339,7.403745923327088,24.429600503951693,2296,4.242894179894179,1148.0,1914,957.0,81,81,0,19730,738,16,-28956.52709889999,-14478.263549449995,164.31693163912743,50,10
1915,48.85920100790339,7.403745923327088,24.429600503951693,2303,4.2558068783068785,1151.5,1915,957.5,81,81,0,19740,738,16,-28976.52709889999,-14488.263549449995,164.32984433754015,50,10
1916,48.85920100790339,7.403745923327088,24.429600503951693,2310,4.268719576719577,1155.0,1916,958.0,81,81,0,19750,738,16,-28996.52709889999,-14498.263549449995,164.34275703595284,50,10
1917,48.85920100790339,7.403745923327088,24.429600503951693,2317,4.281632275132275,1158.5,1917,958.5,81,81,0,19760,738,16,-29016.52709889999,-14508.263549449995,164.35566973436553,50,10
1918,48.85920100790339,7.403745923327088,24.429600503951693,2324,4.2945449735449746,1162.0,1918,959.0,81,81,0,19770,738,16,-29036.52709889999,-14518.263549449995,164.36858243277825,50,10
1919,48.85920100790339,7.403745923327088,24.429600503951693,2331,4.307457671957672,1165.5,1919,959.5,81,81,0,19780,738,16,-29056.52709889999,-14528.263549449995,164.38149513119095,50,10
1920,48.85920100790339,7.403745923327088,24.429600503951693,2338,4.3203703703703695,1169.0,1920,960.0,81,81,0,19790,738,16,-29076.52709889999,-14538.263549449995,164.39440782960364,50,10
1921,48.85920100790339,7.403745923327088,24.429600503951693,2345,4.333283068783069,1172.5,1921,960.5,81,81,0,19800,738,16,-29096.52709889999,-14548.263549449995,164.40732052801633,50,10
1922,48.85920100790339,7.403745923327088,24.429600503951693,2352,4.346195767195767,1176.0,1922,961.0,81,81,0,19810,738,16,-29116.52709889999,-14558.263549449995,164.42023322642905,50,10
1923,48.85920100790339,7.403745923327088,24.429600503951693,2359,4.3591084656084655,1179.5,1923,961.5,81,81,0,19820,738,16,-29136.52709889999,-14568.263549449995,164.43314592484174,50,10
1924,48.85920100790339,7.403745923327088,24.429600503951693,2366,4.372021164021165,1183.0,1924,962.0,81,81,0,19830,738,16,-29156.52709889999,-14578.263549449995,164.44605862325443,50,10
1925,48.85920100790339,7.403745923327088,24.429600503951693,2373,4.384933862433862,1186.5,1925,962.5,81,81,0,19840,740,16,-29176.52709889999,-14588.263549449995,164.45897132166712,50,10
1926,48.85920100790339,7.403745923327088,24.429600503951693,2380,4.39784656084656,1190.0,1926,963.0,81,81,0,19850,740,16,-29196.52709889999,-14598.263549449995,164.47188402007984,50,10
1927,48.85920100790339,7.403745923327088,24.429600503951693,2387,4.41075925925926,1193.5,1927,963.5,81,81,0,19860,742,16,-29216.52709889999,-14608.263549449995,164.48479671849253,50,10
1928,48.85920100790339,7.403745923327088,24.429600503951693,2394,4.423671957671957,1197.0,1928,964.0,81,81,0,19870,742,16,-29236.52709889999,-14618.263549449995,164.49770941690522,50,10
1929,48.85920100790339,7.403745923327088,24.429600503951693,2401,4.436584656084656,1200.5,1929,964.5,81,81,0,19880,744,16,-29256.52709889999,-14628.263549449995,164.51062211531791,50,10
1930,48.85920100790339,7.403745923327088,24.429600503951693,2408,4.449497354497354,1204.0,1930,965.0,81,81,0,19890,744,16,-29276.52709889999,-14638.263549449995,164.52353481373063,50,10
1931,48.85920100790339,7.403745923327088,24.429600503951693,2415,4.462410052910053,1207.5,1931,965.5,81,81,0,19900,744,16,-29296.52709889999,-14648.263549449995,164.53644751214333,50,10
1932,48.85920100790339,7.403745923327088,24.429600503951693,2422,4.475322751322751,1211.0,1932,966.0,81,81,0,19910,744,16,-29316.52709889999,-14658.263549449995,164.54936021055602,50,10
1933,48.85920100790339,7.403745923327088,24.429600503951693,2429,4.48823544973545,1214.5,1933,966.5,81,81,0,19920,744,16,-29336.52709889999,-14668.263549449995,164.5622729089687,50,10
1934,48.85920100790339,7.403745923327088,24.429600503951693,2436,4.501148148148148,1218.0,1934,967.0,81,81,0,19930,744,16,-29356.52709889999,-14678.263549449995,164.57518560738143,50,10
1935,48.85920100790339,7.403745923327088,24.429600503951693,2443,4.514060846560847,1221.5,1935,967.5,81,81,0,19940,744,16,-29376.52709889999,-14688.263549449995,164.58809830579412,50,10
1936,48.85920100790339,7.403745923327088,24.429600503951693,2450,4.526973544973545,1225.0,1936,968.0,81,81,0,19950,746,16,-29396.52709889999,-14698.263549449995,164.6010110042068,50,10
1937,48.85920100790339,7.403745923327088,24.429600503951693,2457,4.539886243386244,1228.5,1937,968.5,81,81,0,19960,748,16,-29416.52709889999,-14708.263549449995,164.6139237026195,50,10
1938,48.85920100790339,7.403745923327088,24.429600503951693,2464,4.552798941798942,1232.0,1938,969.0,81,81,0,19970,748,16,-29436.52709889999,-14718.263549449995,164.62683640103222,50,10
1939,48.85920100790339,7.403745923327088,24.429600503951693,2471,4.56571164021164,1235.5,1939,969.5,81,81,0,19980,748,16,-29456.52709889999,-14728.263549449995,164.6397490994449,50,10
1940,48.85920100790339,7.403745923327088,24.429600503951693,2479,4.580410052910052,1239.5,1940,970.0,81,81,0,19990,750,16,-29478.52709889999,-14739.263549449995,164.65444751214332,50,10
1941,48.85920100790339,7.403745923327088,24.429600503951693,2487,4.595108465608466,1243.5,1941,970.5,81,81,0,20000,750,16,-29500.52709889999,-14750.263549449995,164.66914592484173,50,10
1942,48.85920100790339,7.403745923327088,24.429600503951693,2495,4.609806878306879,1247.5,1942,971.0,81,81,0,20010,750,16,-29522.52709889999,-14761.263549449995,164.68384433754014,50,10
1943,48.85920100790339,7.403745923327088,24.429600503951693,2503,4.624505291005291,1251.5,1943,971.5,81,81,0,20020,750,16,-29544.52709889999,-14772.263549449995,164.69854275023854,50,10
1944,48.85920100790339,7.403745923327088,24.429600503951693,2511,4.6392037037037035,1255.5,1944,972.0,81,81,0,20030,750,16,-29566.52709889999,-14783.263549449995,164.71324116293698,50,10
1945,48.85920100790339,7.403745923327088,24.429600503951693,2519,4.653902116402117,1259.5,1945,972.5,81,81,0,20040,752,16,-29588.52709889999,-14794.263549449995,164.7279395756354,50,10
1946,48.85920100790339,7.403745923327088,24.429600503951693,2527,4.668600529100528,1263.5,1946,973.0,81,81,0,20050,752,16,-29610.52709889999,-14805.263549449995,164.7426379883338,50,10
1947,48.85920100790339,7.403745923327088,24.429600503951693,2535,4.683298941798943,1267.5,1947,973.5,81,81,0,20060,752,16,-29632.52709889999,-14816.263549449995,164.7573364010322,50,10
1948,48.85920100790339,7.403745923327088,24.429600503951693,2543,4.697997354497354,1271.5,1948,974.0,81,81,0,20070,752,16,-29654.52709889999,-14827.263549449995,164.7720348137306,50,10
1949,48.85920100790339,7.403745923327088,24.429600503951693,2551,4.712695767195767,1275.5,1949,974.5,81,81,0,20080,752,16,-29676.52709889999,-14838.263549449995,164.78673322642902,50,10
1950,48.85920100790339,7.403745923327088,24.429600503951693,2559,4.72739417989418,1279.5,1950,975.0,81,81,0,20090,752,16,-29698.52709889999,-14849.263549449995,164.80143163912746,50,10
1951,48.85920100790339,7.403745923327088,24.429600503951693,2567,4.742092592592592,1283.5,1951,975.5,81,81,0,20100,754,16,-29720.52709889999,-14860.263549449995,164.81613005182587,50,10
1952,48.85920100790339,7.403745923327088,24.429600503951693,2575,4.756791005291005,1287.5,1952,976.0,81,81,0,20110,754,16,-29742.52709889999,-14871.263549449995,164.83082846452427,50,10
1953,48.85920100790339,7.403745923327088,24.429600503951693,2583,4.771489417989419,1291.5,1953,976.5,81,81,0,20120,754,16,-29764.52709889999,-14882.263549449995,164.84552687722268,50,10
1954,48.85920100790339,7.403745923327088,24.429600503951693,2591,4.7861878306878305,1295.5,1954,977.0,81,81,0,20130,754,16,-29786.52709889999,-14893.263549449995,164.8602252899211,50,10
1955,48.85920100790339,7.403745923327088,24.429600503951693,2599,4.800886243386243,1299.5,1955,977.5,81,81,0,20140,756,16,-29808.52709889999,-14904.263549449995,164.8749237026195,50,10
1956,48.85920100790339,7.403745923327088,24.429600503951693,2607,4.815584656084656,1303.5,1956,978.0,81,81,0,20150,758,16,-29830.52709889999,-14915.263549449995,164.88962211531793,50,10
1957,48.85920100790339,7.403745923327088,24.429600503951693,2615,4.830283068783069,1307.5,1957,978.5,81,81,0,20160,758,16,-29852.52709889999,-14926.263549449995,164.90432052801634,50,10
1958,48.85920100790339,7.403745923327088,24.429600503951693,2623,4.844981481481482,1311.5,1958,979.0,81,81,0,20170,758,16,-29874.52709889999,-14937.263549449995,164.91901894071475,50,10
1959,48.85920100790339,7.403745923327088,24.429600503951693,2631,4.859679894179894,1315.5,1959,979.5,81,81,0,20180,758,16,-29896.52709889999,-14948.263549449995,164.93371735341316,50,10
1960,48.85920100790339,7.403745923327088,24.429600503951693,2639,4.874378306878306,1319.5,1960,980.0,81,81,0,20190,760,16,-29918.52709889999,-14959.263549449995,164.94841576611157,50,10
1961,48.85920100790339,7.403745923327088,24.429600503951693,2647,4.889076719576719,1323.5,1961,980.5,81,81,0,20200,762,16,-29940.52709889999,-14970.263549449995,164.96311417880997,50,10
1962,48.85920100790339,7.403745923327088,24.429600503951693,2655,4.903775132275133,1327.5,1962,981.0,81,81,0,20210,762,16,-29962.52709889999,-14981.263549449995,164.9778125915084,50,10
1963,48.85920100790339,7.403745923327088,24.429600503951693,2663,4.918473544973545,1331.5,1963,981.5,81,81,0,20220,762,16,-29984.52709889999,-14992.263549449995,164.99251100420682,50,10
1964,48.85920100790339,7.403745923327088,24.429600503951693,2671,4.933171957671957,1335.5,1964,982.0,81,81,0,20230,762,16,-30006.52709889999,-15003.263549449995,165.00720941690523,50,10
1965,48.85920100790339,7.403745923327088,24.429600503951693,2679,4.947870370370371,1339.5,1965,982.5,81,81,0,20240,762,16,-30028.52709889999,-15014.263549449995,165.02190782960363,50,10
1966,48.85920100790339,7.403745923327088,24.429600503951693,2687,4.962568783068783,1343.5,1966,983.0,81,81,0,20250,762,16,-30050.52709889999,-15025.263549449995,165.03660624230204,50,10
1967,48.85920100790339,7.403745923327088,24.429600503951693,2695,4.977267195767195,1347.5,1967,983.5,81,81,0,20260,762,16,-30072.52709889999,-15036.263549449995,165.05130465500045,50,10
1968,48.85920100790339,7.403745923327088,24.429600503951693,2703,4.991965608465608,1351.5,1968,984.0,81,81,0,20270,762,16,-30094.52709889999,-15047.263549449995,165.0660030676989,50,10
1969,48.85920100790339,7.403745923327088,24.429600503951693,2711,5.0066640211640205,1355.5,1969,984.5,81,81,0,20280,762,16,-30116.52709889999,-15058.263549449995,165.0807014803973,50,10
1970,48.85920100790339,7.403745923327088,24.429600503951693,2719,5.021362433862434,1359.5,1970,985.0,81,81,0,20290,762,16,-30138.52709889999,-15069.263549449995,165.0953998930957,50,10
1971,48.85920100790339,7.403745923327088,24.429600503951693,2727,5.036060846560847,1363.5,1971,985.5,81,81,0,20300,762,16,-30160.52709889999,-15080.263549449995,165.1100983057941,50,10
1972,48.85920100790339,7.403745923327088,24.429600503951693,2735,5.050759259259258,1367.5,1972,986.0,81,81,0,20310,764,16,-30182.52709889999,-15091.263549449995,165.12479671849252,50,10
1973,48.85920100790339,7.403745923327088,24.429600503951693,2743,5.065457671957671,1371.5,1973,986.5,81,81,0,20320,764,16,-30204.52709889999,-15102.263549449995,165.13949513119093,50,10
1974,48.85920100790339,7.403745923327088,24.429600503951693,2751,5.080156084656085,1375.5,1974,987.0,81,81,0,20330,764,16,-30226.52709889999,-15113.263549449995,165.15419354388936,50,10
1975,48.85920100790339,7.403745923327088,24.429600503951693,2759,5.094854497354498,1379.5,1975,987.5,81,81,0,20340,764,16,-30248.52709889999,-15124.263549449995,165.16889195658777,50,10
1976,48.85920100790339,7.403745923327088,24.429600503951693,2767,5.109552910052909,1383.5,1976,988.0,81,81,0,20350,764,16,-30270.52709889999,-15135.263549449995,165.18359036928618,50,10
1977,48.85920100790339,7.403745923327088,24.429600503951693,2775,5.124251322751324,1387.5,1977,988.5,81,81,0,20360,764,16,-30292.52709889999,-15146.263549449995,165.1982887819846,50,10
1978,48.85920100790339,7.403745923327088,24.429600503951693,2242,4.1370978835978836,1121.0,1978,989.0,81,81,0,20370,764,17,-30332.52709889999,-15166.263549449995,174.21113534283114,50,10
1979,48.85920100790339,7.403745923327088,24.429600503951693,2249,4.1499444444444435,1124.5,1979,989.5,81,81,0,20380,766,17,-30352.52709889999,-15176.263549449995,174.2239819036777,50,10
1980,48.85920100790339,7.403745923327088,24.429600503951693,2256,4.162791005291006,1128.0,1980,990.0,81,81,0,20390,766,17,-30372.52709889999,-15186.263549449995,174.23682846452428,50,10
1981,48.85920100790339,7.403745923327088,24.429600503951693,2263,4.175637566137566,1131.5,1981,990.5,81,81,0,20400,768,17,-30392.52709889999,-15196.263549449995,174.24967502537083,50,10
1982,48.85920100790339,7.403745923327088,24.429600503951693,2270,4.188484126984126,1135.0,1982,991.0,81,81,0,20410,768,17,-30412.52709889999,-15206.263549449995,174.2625215862174,50,10
1983,48.85920100790339,7.403745923327088,24.429600503951693,2277,4.201330687830687,1138.5,1983,991.5,81,81,0,20420,768,17,-30432.52709889999,-15216.263549449995,174.27536814706394,50,10
1984,48.85920100790339,7.403745923327088,24.429600503951693,2284,4.214177248677249,1142.0,1984,992.0,81,81,0,20430,768,17,-30452.52709889999,-15226.263549449995,174.28821470791053,50,10
1985,48.85920100790339,7.403745923327088,24.429600503951693,2291,4.22702380952381,1145.5,1985,992.5,81,81,0,20440,768,17,-30472.52709889999,-15236.263549449995,174.30106126875708,50,10
1986,48.85920100790339,7.403745923327088,24.429600503951693,2298,4.239870370370371,1149.0,1986,993.0,81,81,0,20450,768,17,-30492.52709889999,-15246.263549449995,174.31390782960364,50,10
1987,48.85920100790339,7.403745923327088,24.429600503951693,2305,4.252716931216931,1152.5,1987,993.5,81,81,0,20460,768,17,-30512.52709889999,-15256.263549449995,174.3267543904502,50,10
1988,48.85920100790339,7.403745923327088,24.429600503951693,2312,4.265563492063492,1156.0,1988,994.0,81,81,0,20470,768,17,-30532.52709889999,-15266.263549449995,174.33960095129677,50,10
1989,48.85920100790339,7.403745923327088,24.429600503951693,2319,4.278410052910053,1159.5,1989,994.5,81,81,0,20480,768,17,-30552.52709889999,-15276.263549449995,174.35244751214333,50,10
1990,48.85920100790339,7.403745923327088,24.429600503951693,2326,4.291256613756614,1163.0,1990,995.0,81,81,0,20490,768,17,-30572.52709889999,-15286.263549449995,174.36529407298988,50,10
1991,48.85920100790339,7.403745923327088,24.429600503951693,2333,4.304103174603174,1166.5,1991,995.5,81,81,0,20500,770,17,-30592.52709889999,-15296.263549449995,174.37814063383644,50,10
1992,48.85920100790339,7.403745923327088,24.429600503951693,2340,4.316949735449736,1170.0,1992,996.0,81,81,0,20510,770,17,-30612.52709889999,-15306.263549449995,174.390987194683,50,10
1993,48.85920100790339,7.403745923327088,24.429600503951693,2347,4.329796296296297,1173.5,1993,996.5,81,81,0,20520,772,17,-30632.52709889999,-15316.263549449995,174.40383375552958,50,10
1994,48.85920100790339,7.403745923327088,24.429600503951693,2354,4.342642857142858,1177.0,1994,997.0,81,81,0,20530,772,17,-30652.52709889999,-15326.263549449995,174.41668031637613,50,10
1995,48.85920100790339,7.403745923327088,24.429600503951693,2361,4.355489417989418,1180.5,1995,997.5,81,81,0,20540,772,17,-30672.52709889999,-15336.263549449995,174.42952687722268,50,10
1996,48.85920100790339,7.403745923327088,24.429600503951693,2368,4.3683359788359795,1184.0,1996,998.0,81,81,0,20550,772,17,-30692.52709889999,-15346.263549449995,174.44237343806924,50,10
1997,48.85920100790339,7.403745923327088,24.429600503951693,2375,4.3811825396825395,1187.5,1997,998.5,81,81,0,20560,774,17,-30712.52709889999,-15356.263549449995,174.4552199989158,50,10
1998,48.85920100790339,7.403745923327088,24.429600503951693,2382,4.3940291005291,1191.0,1998,999.0,81,81,0,20570,774,17,-30732.52709889999,-15366.263549449995,174.46806655976238,50,10
1999,48.85920100790339,7.403745923327088,24.429600503951693,2389,4.40687566137566,1194.5,1999,999.5,81,81,0,20580,776,17,-30752.52709889999,-15376.263549449995,174.48091312060893,50,10
2000,48.85920100790339,7.403745923327088,24.429600503951693,2396,4.419722222222223,1198.0,2000,1000.0,81,81,0,20590,778,17,-30772.52709889999,-15386.263549449995,174.4937596814555,50,10
2001,48.85920100790339,7.403745923327088,24.429600503951693,2403,4.432568783068783,1201.5,2001,1000.5,81,81,0,20600,778,17,-30792.52709889999,-15396.263549449995,174.50660624230204,50,10
2002,48.85920100790339,7.403745923327088,24.429600503951693,2410,4.445415343915344,1205.0,2002,1001.0,81,81,0,20610,778,17,-30812.52709889999,-15406.263549449995,174.51945280314862,50,10
2003,48.85920100790339,7.403745923327088,24.429600503951693,2417,4.458261904761905,1208.5,2003,1001.5,81,81,0,20620,778,17,-30832.52709889999,-15416.263549449995,174.53229936399518,50,10
2004,48.85920100790339,7.403745923327088,24.429600503951693,2424,4.471108465608466,1212.0,2004,1002.0,81,81,0,20630,778,17,-30852.52709889999,-15426.263549449995,174.54514592484173,50,10
2005,48.85920100790339,7.403745923327088,24.429600503951693,2431,4.4839550264550265,1215.5,2005,1002.5,81,81,0,20640,780,17,-30872.52709889999,-15436.263549449995,174.5579924856883,50,10
2006,48.85920100790339,7.403745923327088,24.429600503951693,2438,4.496801587301587,1219.0,2006,1003.0,81,81,0,20650,780,17,-30892.52709889999,-15446.263549449995,174.57083904653484,50,10
2007,48.85920100790339,7.403745923327088,24.429600503951693,2445,4.509648148148148,1222.5,2007,1003.5,81,81,0,20660,780,17,-30912.52709889999,-15456.263549449995,174.58368560738143,50,10
2008,48.85920100790339,7.403745923327088,24.429600503951693,1891,3.520708994708995,945.5,2008,1004.0,81,81,0,20670,780,18,-30950.52709889999,-15475.263549449995,183.59474645394226,50,10
2009,48.85920100790339,7.403745923327088,24.429600503951693,1897,3.5317698412698415,948.5,2009,1004.5,81,81,0,20680,780,18,-30968.52709889999,-15484.263549449995,183.6058073005031,50,10
2010,48.85920100790339,7.403745923327088,24.429600503951693,1903,3.542830687830688,951.5,2010,1005.0,81,81,0,20690,780,18,-30986.52709889999,-15493.263549449995,183.61686814706397,50,10
2011,48.85920100790339,7.403745923327088,24.429600503951693,1909,3.5538915343915347,954.5,2011,1005.5,81,81,0,20700,782,18,-31004.52709889999,-15502.263549449995,183.6279289936248,50,10
2012,48.85920100790339,7.403745923327088,24.429600503951693,1915,3.564952380952381,957.5,2012,1006.0,81,81,0,20710,782,18,-31022.52709889999,-15511.263549449995,183.63898984018564,50,10
2013,48.85920100790339,7.403745923327088,24.429600503951693,1921,3.5760132275132275,960.5,2013,1006.5,81,81,0,20720,782,18,-31040.52709889999,-15520.263549449995,183.65005068674648,50,10
2014,48.85920100790339,7.403745923327088,24.429600503951693,1927,3.5870740740740743,963.5,2014,1007.0,81,81,0,20730,782,18,-31058.52709889999,-15529.263549449995,183.66111153330735,50,10
2015,48.85920100790339,7.403745923327088,24.429600503951693,1933,3.5981349206349202,966.5,2015,1007.5,81,81,0,20740,782,18,-31076.52709889999,-15538.263549449995,183.6721723798682,50,10
2016,48.85920100790339,7.403745923327088,24.429600503951693,1939,3.609195767195767,969.5,2016,1008.0,81,81,0,20750,784,18,-31094.52709889999,-15547.263549449995,183.68323322642902,50,10
2017,48.85920100790339,7.403745923327088,24.429600503951693,1945,3.6202566137566135,972.5,2017,1008.5,81,81,0,20760,786,18,-31112.52709889999,-15556.263549449995,183.6942940729899,50,10
2018,48.85920100790339,7.403745923327088,24.429600503951693,1951,3.6313174603174603,975.5,2018,1009.0,81,81,0,20770,786,18,-31130.52709889999,-15565.263549449995,183.70535491955073,50,10
2019,48.85920100790339,7.403745923327088,24.429600503951693,1957,3.642378306878307,978.5,2019,1009.5,81,81,0,20780,786,18,-31148.52709889999,-15574.263549449995,183.71641576611157,50,10
2020,48.85920100790339,7.403745923327088,24.429600503951693,1963,3.6534391534391535,981.5,2020,1010.0,81,81,0,20790,786,18,-31166.52709889999,-15583.263549449995,183.72747661267243,50,10
2021,48.85920100790339,7.403745923327088,24.429600503951693,1468,2.6624999999999996,734.0,2021,1010.5,81,81,0,20800,786,19,-31202.52709889999,-15601.263549449995,192.73653745923326,50,10
2022,48.85920100790339,7.403745923327088,24.429600503951693,1473,2.6715608465608462,736.5,2022,1011.0,81,81,0,20810,788,19,-31218.52709889999,-15609.263549449995,192.74559830579412,50,10
2023,48.85920100790339,7.403745923327088,24.429600503951693,1478,2.6806216931216933,739.0,2023,1011.5,81,81,0,20820,790,19,-31234.52709889999,-15617.263549449995,192.75465915235495,50,10
2024,48.85920100790339,7.403745923327088,24.429600503951693,1483,2.68968253968254,741.5,2024,1012.0,81,81,0,20830,790,19,-31250.52709889999,-15625.263549449995,192.7637199989158,50,10
2025,48.85920100790339,7.403745923327088,24.429600503951693,1488,2.698743386243386,744.0,2025,1012.5,81,81,0,20840,790,19,-31266.52709889999,-15633.263549449995,192.77278084547666,50,10
2026,48.85920100790339,7.403745923327088,24.429600503951693,1493,2.707804232804233,746.5,2026,1013.0,81,81,0,20850,790,19,-31282.52709889999,-15641.263549449995,192.7818416920375,50,10
2027,48.85920100790339,7.403745923327088,24.429600503951693,1498,2.7168650793650797,749.0,2027,1013.5,81,81,0,20860,790,19,-31298.52709889999,-15649.263549449995,192.79090253859835,50,10
2028,48.85920100790339,7.403745923327088,24.429600503951693,1503,2.725925925925926,751.5,2028,1014.0,81,81,0,20870,792,19,-31314.52709889999,-15657.263549449995,192.7999633851592,50,10
2029,48.85920100790339,7.403745923327088,24.429600503951693,1508,2.7349867724867725,754.0,2029,1014.5,81,81,0,20880,794,19,-31330.52709889999,-15665.263549449995,192.80902423172003,50,10
2030,48.85920100790339,7.403745923327088,24.429600503951693,1513,2.744047619047619,756.5,2030,1015.0,81,81,0,20890,794,19,-31346.52709889999,-15673.263549449995,192.8180850782809,50,10
2031,48.85920100790339,7.403745923327088,24.429600503951693,1518,2.7531084656084652,759.0,2031,1015.5,81,81,0,20900,794,19,-31362.52709889999,-15681.263549449995,192.82714592484174,50,10
2032,48.85920100790339,7.403745923327088,24.429600503951693,1523,2.7621693121693123,761.5,2032,1016.0,81,81,0,20910,794,19,-31378.52709889999,-15689.263549449995,192.83620677140257,50,10
2033,48.85920100790339,7.403745923327088,24.429600503951693,1528,2.771230158730159,764.0,2033,1016.5,81,81,0,20920,794,19,-31394.52709889999,-15697.263549449995,192.84526761796343,50,10
2034,48.85920100790339,7.403745923327088,24.429600503951693,1534,2.7820767195767195,767.0,2034,1017.0,81,81,0,20930,796,19,-31412.52709889999,-15706.263549449995,192.85611417880997,50,10
2035,48.85920100790339,7.403745923327088,24.429600503951693,1540,2.79292328042328,770.0,2035,1017.5,81,81,0,20940,798,19,-31430.52709889999,-15715.263549449995,192.86696073965655,50,10
2036,48.85920100790339,7.403745923327088,24.429600503951693,1546,2.8037698412698413,773.0,2036,1018.0,81,81,0,20950,798,19,-31448.52709889999,-15724.263549449995,192.87780730050312,50,10
2037,48.85920100790339,7.403745923327088,24.429600503951693,1552,2.8146164021164015,776.0,2037,1018.5,81,81,0,20960,798,19,-31466.52709889999,-15733.263549449995,192.88865386134967,50,10
2038,48.85920100790339,7.403745923327088,24.429600503951693,1558,2.8254629629629626,779.0,2038,1019.0,81,81,0,20970,798,19,-31484.52709889999,-15742.263549449995,192.89950042219624,50,10
2039,48.85920100790339,7.403745923327088,24.429600503951693,1564,2.8363095238095237,782.0,2039,1019.5,81,81,0,20980,798,19,-31502.52709889999,-15751.263549449995,192.91034698304279,50,10
2040,48.85920100790339,7.403745923327088,24.429600503951693,1570,2.847156084656085,785.0,2040,1020.0,81,81,0,20990,798,19,-31520.52709889999,-15760.263549449995,192.92119354388936,50,10
2041,48.85920100790339,7.403745923327088,24.429600503951693,1576,2.858002645502645,788.0,2041,1020.5,81,81,0,21000,798,19,-31538.52709889999,-15769.263549449995,192.9320401047359,50,10
2042,48.85920100790339,7.403745923327088,24.429600503951693,1582,2.8688492063492066,791.0,2042,1021.0,81,81,0,21010,798,19,-31556.52709889999,-15778.263549449995,192.94288666558248,50,10
2043,48.85920100790339,7.403745923327088,24.429600503951693,1588,2.8796957671957673,794.0,2043,1021.5,81,81,0,21020,798,19,-31574.52709889999,-15787.263549449995,192.95373322642902,50,10
2044,48.85920100790339,7.403745923327088,24.429600503951693,1594,2.890542328042328,797.0,2044,1022.0,81,81,0,21030,798,19,-31592.52709889999,-15796.263549449995,192.9645797872756,50,10
2045,48.85920100790339,7.403745923327088,24.429600503951693,1600,2.9013888888888886,800.0,2045,1022.5,81,81,0,21040,798,19,-31610.52709889999,-15805.263549449995,192.97542634812217,50,10
2046,48.85920100790339,7.403745923327088,24.429600503951693,1606,2.9122354497354492,803.0,2046,1023.0,81,81,0,21050,798,19,-31628.52709889999,-15814.263549449995,192.98627290896872,50,10
2047,48.85920100790339,7.403745923327088,24.429600503951693,1612,2.923082010582011,806.0,2047,1023.5,81,81,0,21060,798,19,-31646.52709889999,-15823.263549449995,192.9971194698153,50,10
2048,48.85920100790339,7.403745923327088,24.429600503951693,1618,2.9339285714285714,809.0,2048,1024.0,81,81,0,21070,798,19,-31664.52709889999,-15832.263549449995,193.00796603066183,50,10
2049,48.85920100790339,7.403745923327088,24.429600503951693,1624,2.9447751322751325,812.0,2049,1024.5,81,81,0,21080,798,19,-31682.52709889999,-15841.263549449995,193.0188125915084,50,10
2050,48.85920100790339,7.403745923327088,24.429600503951693,1630,2.955621693121693,815.0,2050,1025.0,81,81,0,21090,798,19,-31700.52709889999,-15850.263549449995,193.02965915235495,50,10
2051,48.85920100790339,7.403745923327088,24.429600503951693,1636,2.9664682539682543,818.0,2051,1025.5,81,81,0,21100,800,19,-31718.52709889999,-15859.263549449995,193.04050571320153,50,10
2052,48.85920100790339,7.403745923327088,24.429600503951693,1642,2.977314814814815,821.0,2052,1026.0,81,81,0,21110,800,19,-31736.52709889999,-15868.263549449995,193.05135227404807,50,10
2053,48.85920100790339,7.403745923327088,24.429600503951693,1648,2.9881613756613756,824.0,2053,1026.5,81,81,0,21120,800,19,-31754.52709889999,-15877.263549449995,193.06219883489464,50,10
2054,48.85920100790339,7.403745923327088,24.429600503951693,1654,2.9990079365079363,827.0,2054,1027.0,81,81,0,21130,800,19,-31772.52709889999,-15886.263549449995,193.0730453957412,50,10
2055,48.85920100790339,7.403745923327088,24.429600503951693,1660,3.0098544973544974,830.0,2055,1027.5,81,81,0,21140,800,19,-31790.52709889999,-15895.263549449995,193.08389195658776,50,10
2056,48.85920100790339,7.403745923327088,24.429600503951693,1666,3.0207010582010576,833.0,2056,1028.0,81,81,0,21150,800,19,-31808.52709889999,-15904.263549449995,193.09473851743434,50,10
2057,48.85920100790339,7.403745923327088,24.429600503951693,1672,3.031547619047619,836.0,2057,1028.5,81,81,0,21160,800,19,-31826.52709889999,-15913.263549449995,193.10558507828088,50,10
2058,48.85920100790339,7.403745923327088,24.429600503951693,1678,3.04239417989418,839.0,2058,1029.0,81,81,0,21170,800,19,-31844.52709889999,-15922.263549449995,193.11643163912746,50,10
2059,48.85920100790339,7.403745923327088,24.429600503951693,1684,3.0532407407407405,842.0,2059,1029.5,81,81,0,21180,800,19,-31862.52709889999,-15931.263549449995,193.127278199974,50,10
2060,48.85920100790339,7.403745923327088,24.429600503951693,1690,3.0640873015873016,845.0,2060,1030.0,81,81,0,21190,800,19,-31880.52709889999,-15940.263549449995,193.13812476082057,50,10
2061,48.85920100790339,7.403745923327088,24.429600503951693,1696,3.0749338624338627,848.0,2061,1030.5,81,81,0,21200,802,19,-31898.52709889999,-15949.263549449995,193.14897132166712,50,10
2062,48.85920100790339,7.403745923327088,24.429600503951693,1702,3.0857804232804233,851.0,2062,1031.0,81,81,0,21210,802,19,-31916.52709889999,-15958.263549449995,193.1598178825137,50,10
2063,48.85920100790339,7.403745923327088,24.429600503951693,1708,3.096626984126984,854.0,2063,1031.5,81,81,0,21220,802,19,-31934.52709889999,-15967.263549449995,193.17066444336024,50,10
2064,48.85920100790339,7.403745923327088,24.429600503951693,1714,3.107473544973545,857.0,2064,1032.0,81,81,0,21230,802,19,-31952.52709889999,-15976.263549449995,193.1815110042068,50,10
2065,48.85920100790339,7.403745923327088,24.429600503951693,1720,3.1183201058201058,860.0,2065,1032.5,81,81,0,21240,802,19,-31970.52709889999,-15985.263549449995,193.19235756505338,50,10
2066,48.85920100790339,7.403745923327088,24.429600503951693,1726,3.1291666666666664,863.0,2066,1033.0,81,81,0,21250,802,19,-31988.52709889999,-15994.263549449995,193.20320412589993,50,10
2067,48.85920100790339,7.403745923327088,24.429600503951693,1732,3.1400132275132275,866.0,2067,1033.5,81,81,0,21260,802,19,-32006.52709889999,-16003.263549449995,193.2140506867465,50,10
2068,48.85920100790339,7.403745923327088,24.429600503951693,1738,3.1508597883597886,869.0,2068,1034.0,81,81,0,21270,802,19,-32024.52709889999,-16012.263549449995,193.22489724759305,50,10
2069,48.85920100790339,7.403745923327088,24.429600503951693,1744,3.1617063492063493,872.0,2069,1034.5,81,81,0,21280,802,19,-32042.52709889999,-16021.263549449995,193.23574380843962,50,10
2070,48.85920100790339,7.403745923327088,24.429600503951693,1750,3.17255291005291,875.0,2070,1035.0,81,81,0,21290,802,19,-32060.52709889999,-16030.263549449995,193.24659036928617,50,10
2071,48.85920100790339,7.403745923327088,24.429600503951693,1756,3.183399470899471,878.0,2071,1035.5,81,81,0,21300,802,19,-32078.52709889999,-16039.263549449995,193.25743693013274,50,10
2072,48.85920100790339,7.403745923327088,24.429600503951693,1762,3.1942460317460313,881.0,2072,1036.0,81,81,0,21310,804,19,-32096.52709889999,-16048.263549449995,193.2682834909793,50,10
2073,48.85920100790339,7.403745923327088,24.429600503951693,1768,3.2050925925925924,884.0,2073,1036.5,81,81,0,21320,804,19,-32114.52709889999,-16057.263549449995,193.27913005182586,50,10
2074,48.85920100790339,7.403745923327088,24.429600503951693,1774,3.2159391534391535,887.0,2074,1037.0,81,81,0,21330,806,19,-32132.52709889999,-16066.263549449995,193.28997661267243,50,10
2075,48.85920100790339,7.403745923327088,24.429600503951693,1780,3.226785714285714,890.0,2075,1037.5,81,81,0,21340,806,19,-32150.52709889999,-16075.263549449995,193.30082317351898,50,10
2076,48.85920100790339,7.403745923327088,24.429600503951693,1786,3.2376322751322753,893.0,2076,1038.0,81,81,0,21350,806,19,-32168.52709889999,-16084.263549449995,193.31166973436555,50,10
2077,48.85920100790339,7.403745923327088,24.429600503951693,1792,3.2484788359788364,896.0,2077,1038.5,81,81,0,21360,806,19,-32186.52709889999,-16093.263549449995,193.3225162952121,50,10
2078,48.85920100790339,7.403745923327088,24.429600503951693,1798,3.259325396825397,899.0,2078,1039.0,81,81,0,21370,806,19,-32204.52709889999,-16102.263549449995,193.33336285605867,50,10
2079,48.85920100790339,7.403745923327088,24.429600503951693,1804,3.2701719576719577,902.0,2079,1039.5,81,81,0,21380,806,19,-32222.52709889999,-16111.263549449995,193.34420941690522,50,10
2080,48.85920100790339,7.403745923327088,24.429600503951693,1810,3.2810185185185183,905.0,2080,1040.0,81,81,0,21390,806,19,-32240.52709889999,-16120.263549449995,193.3550559777518,50,10
2081,48.85920100790339,7.403745923327088,24.429600503951693,1816,3.291865079365079,908.0,2081,1040.5,81,81,0,21400,806,19,-32258.52709889999,-16129.263549449995,193.36590253859833,50,10
2082,48.85920100790339,7.403745923327088,24.429600503951693,1822,3.3027116402116405,911.0,2082,1041.0,81,81,0,21410,808,19,-32276.52709889999,-16138.263549449995,193.3767490994449,50,10
2083,48.85920100790339,7.403745923327088,24.429600503951693,1828,3.313558201058201,914.0,2083,1041.5,81,81,0,21420,808,19,-32294.52709889999,-16147.263549449995,193.38759566029148,50,10
2084,48.85920100790339,7.403745923327088,24.429600503951693,1834,3.3244047619047623,917.0,2084,1042.0,81,81,0,21430,810,19,-32312.52709889999,-16156.263549449995,193.39844222113803,50,10
2085,48.85920100790339,7.403745923327088,24.429600503951693,1840,3.335251322751323,920.0,2085,1042.5,81,81,0,21440,810,19,-32330.52709889999,-16165.263549449995,193.4092887819846,50,10
2086,48.85920100790339,7.403745923327088,24.429600503951693,1846,3.346097883597884,923.0,2086,1043.0,81,81,0,21450,810,19,-32348.52709889999,-16174.263549449995,193.42013534283114,50,10
2087,48.85920100790339,7.403745923327088,24.429600503951693,1852,3.3569444444444443,926.0,2087,1043.5,81,81,0,21460,810,19,-32366.52709889999,-16183.263549449995,193.43098190367772,50,10
2088,48.85920100790339,7.403745923327088,24.429600503951693,1858,3.3677910052910054,929.0,2088,1044.0,81,81,0,21470,810,19,-32384.52709889999,-16192.263549449995,193.44182846452426,50,10
2089,48.85920100790339,7.403745923327088,24.429600503951693,1864,3.378637566137566,932.0,2089,1044.5,81,81,0,21480,810,19,-32402.52709889999,-16201.263549449995,193.45267502537084,50,10
2090,48.85920100790339,7.403745923327088,24.429600503951693,1870,3.3894841269841267,935.0,2090,1045.0,81,81,0,21490,810,19,-32420.52709889999,-16210.263549449995,193.46352158621738,50,10
2091,48.85920100790339,7.403745923327088,24.429600503951693,1876,3.4003306878306874,938.0,2091,1045.5,81,81,0,21500,810,19,-32438.52709889999,-16219.263549449995,193.47436814706396,50,10
2092,48.85920100790339,7.403745923327088,24.429600503951693,1882,3.4111772486772485,941.0,2092,1046.0,81,81,0,21510,810,19,-32456.52709889999,-16228.263549449995,193.48521470791053,50,10
2093,48.85920100790339,7.403745923327088,24.429600503951693,1888,3.4220238095238096,944.0,2093,1046.5,81,81,0,21520,810,19,-32474.52709889999,-16237.263549449995,193.49606126875707,50,10
2094,48.85920100790339,7.403745923327088,24.429600503951693,1894,3.4328703703703702,947.0,2094,1047.0,81,81,0,21530,810,19,-32492.52709889999,-16246.263549449995,193.50690782960365,50,10
2095,48.85920100790339,7.403745923327088,24.429600503951693,1900,3.4437169312169313,950.0,2095,1047.5,81,81,0,21540,810,19,-32510.52709889999,-16255.263549449995,193.5177543904502,50,10
2096,48.85920100790339,7.403745923327088,24.429600503951693,1906,3.454563492063492,953.0,2096,1048.0,81,81,0,21550,810,19,-32528.52709889999,-16264.263549449995,193.52860095129677,50,10
2097,48.85920100790339,7.403745923327088,24.429600503951693,1912,3.4654100529100527,956.0,2097,1048.5,81,81,0,21560,810,19,-32546.52709889999,-16273.263549449995,193.5394475121433,50,10
2098,48.85920100790339,7.403745923327088,24.429600503951693,1918,3.4762566137566138,959.0,2098,1049.0,81,81,0,21570,810,19,-32564.52709889999,-16282.263549449995,193.55029407298989,50,10
2099,48.85920100790339,7.403745923327088,24.429600503951693,1924,3.487103174603175,962.0,2099,1049.5,81,81,0,21580,810,19,-32582.52709889999,-16291.263549449995,193.56114063383643,50,10
2100,48.85920100790339,7.403745923327088,24.429600503951693,1930,3.4979497354497355,965.0,2100,1050.0,81,81,0,21590,812,19,-32600.52709889999,-16300.263549449995,193.571987194683,50,10
2101,48.85920100790339,7.403745923327088,24.429600503951693,1936,3.508796296296296,968.0,2101,1050.5,81,81,0,21600,814,19,-32618.52709889999,-16309.263549449995,193.58283375552955,50,10
2102,48.85920100790339,7.403745923327088,24.429600503951693,1942,3.5196428571428573,971.0,2102,1051.0,81,81,0,21610,814,19,-32636.52709889999,-16318.263549449995,193.59368031637612,50,10
2103,48.85920100790339,7.403745923327088,24.429600503951693,1948,3.5304894179894175,974.0,2103,1051.5,81,81,0,21620,814,19,-32654.52709889999,-16327.263549449995,193.6045268772227,50,10
2104,48.85920100790339,7.403745923327088,24.429600503951693,1954,3.5413359788359786,977.0,2104,1052.0,81,81,0,21630,814,19,-32672.52709889999,-16336.263549449995,193.61537343806924,50,10
2105,48.85920100790339,7.403745923327088,24.429600503951693,1960,3.5521825396825397,980.0,2105,1052.5,81,81,0,21640,814,19,-32690.52709889999,-16345.263549449995,193.62621999891581,50,10
2106,48.85920100790339,7.403745923327088,24.429600503951693,1966,3.563029100529101,983.0,2106,1053.0,81,81,0,21650,814,19,-32708.52709889999,-16354.263549449995,193.63706655976236,50,10
2107,48.85920100790339,7.403745923327088,24.429600503951693,1972,3.573875661375661,986.0,2107,1053.5,81,81,0,21660,814,19,-32726.52709889999,-16363.263549449995,193.64791312060893,50,10
2108,48.85920100790339,7.403745923327088,24.429600503951693,1978,3.584722222222222,989.0,2108,1054.0,81,81,0,21670,814,19,-32744.52709889999,-16372.263549449995,193.65875968145548,50,10
2109,48.85920100790339,7.403745923327088,24.429600503951693,1984,3.595568783068783,992.0,2109,1054.5,81,81,0,21680,816,19,-32762.52709889999,-16381.263549449995,193.66960624230205,50,10
2110,48.85920100790339,7.403745923327088,24.429600503951693,1990,3.606415343915344,995.0,2110,1055.0,81,81,0,21690,816,19,-32780.52709889999,-16390.263549449995,193.6804528031486,50,10
2111,48.85920100790339,7.403745923327088,24.429600503951693,1996,3.6172619047619046,998.0,2111,1055.5,81,81,0,21700,816,19,-32798.52709889999,-16399.263549449995,193.69129936399517,50,10
2112,48.85920100790339,7.403745923327088,24.429600503951693,2002,3.628108465608466,1001.0,2112,1056.0,81,81,0,21710,816,19,-32816.52709889999,-16408.263549449995,193.70214592484174,50,10
2113,48.85920100790339,7.403745923327088,24.429600503951693,2008,3.6389550264550268,1004.0,2113,1056.5,81,81,0,21720,816,19,-32834.52709889999,-16417.263549449995,193.7129924856883,50,10
2114,48.85920100790339,7.403745923327088,24.429600503951693,2014,3.6498015873015874,1007.0,2114,1057.0,81,81,0,21730,818,19,-32852.52709889999,-16426.263549449995,193.72383904653486,50,10
2115,48.85920100790339,7.403745923327088,24.429600503951693,2020,3.660648148148148,1010.0,2115,1057.5,81,81,0,21740,818,19,-32870.52709889999,-16435.263549449995,193.7346856073814,50,10
2116,48.85920100790339,7.403745923327088,24.429600503951693,2026,3.6714947089947088,1013.0,2116,1058.0,81,81,0,21750,818,19,-32888.52709889999,-16444.263549449995,193.74553216822798,50,10
2117,48.85920100790339,7.403745923327088,24.429600503951693,2032,3.6823412698412694,1016.0,2117,1058.5,81,81,0,21760,818,19,-32906.52709889999,-16453.263549449995,193.75637872907453,50,10
2118,48.85920100790339,7.403745923327088,24.429600503951693,2038,3.6931878306878305,1019.0,2118,1059.0,81,81,0,21770,818,19,-32924.52709889999,-16462.263549449995,193.7672252899211,50,10
2119,48.85920100790339,7.403745923327088,24.429600503951693,2044,3.7040343915343916,1022.0,2119,1059.5,81,81,0,21780,820,19,-32942.52709889999,-16471.263549449995,193.77807185076765,50,10
2120,48.85920100790339,7.403745923327088,24.429600503951693,2050,3.7148809523809527,1025.0,2120,1060.0,81,81,0,21790,820,19,-32960.52709889999,-16480.263549449995,193.78891841161422,50,10
2121,48.85920100790339,7.403745923327088,24.429600503951693,2056,3.7257275132275134,1028.0,2121,1060.5,81,81,0,21800,820,19,-32978.52709889999,-16489.263549449995,193.7997649724608,50,10
2122,48.85920100790339,7.403745923327088,24.429600503951693,2062,3.736574074074074,1031.0,2122,1061.0,81,81,0,21810,820,19,-32996.52709889999,-16498.263549449995,193.81061153330734,50,10
2123,48.85920100790339,7.403745923327088,24.429600503951693,2069,3.7492063492063497,1034.5,2123,1061.5,81,81,0,21820,820,19,-33016.52709889999,-16508.263549449995,193.82324380843963,50,10
2124,48.85920100790339,7.403745923327088,24.429600503951693,2076,3.7618386243386244,1038.0,2124,1062.0,81,81,0,21830,820,19,-33036.52709889999,-16518.263549449995,193.8358760835719,50,10
2125,48.85920100790339,7.403745923327088,24.429600503951693,2083,3.7744708994708995,1041.5,2125,1062.5,81,81,0,21840,820,19,-33056.52709889999,-16528.263549449995,193.84850835870418,50,10
2126,48.85920100790339,7.403745923327088,24.429600503951693,2090,3.7871031746031742,1045.0,2126,1063.0,81,81,0,21850,820,19,-33076.52709889999,-16538.263549449995,193.86114063383644,50,10
2127,48.85920100790339,7.403745923327088,24.429600503951693,2097,3.7997354497354503,1048.5,2127,1063.5,81,81,0,21860,820,19,-33096.52709889999,-16548.263549449995,193.8737729089687,50,10
2128,48.85920100790339,7.403745923327088,24.429600503951693,2104,3.812367724867725,1052.0,2128,1064.0,81,81,0,21870,820,19,-33116.52709889999,-16558.263549449995,193.886405184101,50,10
2129,48.85920100790339,7.403745923327088,24.429600503951693,2111,3.825,1055.5,2129,1064.5,81,81,0,21880,820,19,-33136.52709889999,-16568.263549449995,193.89903745923326,50,10
2130,48.85920100790339,7.403745923327088,24.429600503951693,2118,3.8376322751322753,1059.0,2130,1065.0,81,81,0,21890,822,19,-33156.52709889999,-16578.263549449995,193.91166973436555,50,10
2131,48.85920100790339,7.403745923327088,24.429600503951693,2125,3.8502645502645505,1062.5,2131,1065.5,81,81,0,21900,822,19,-33176.52709889999,-16588.263549449995,193.9243020094978,50,10
2132,48.85920100790339,7.403745923327088,24.429600503951693,2132,3.862896825396825,1066.0,2132,1066.0,81,81,0,21910,822,19,-33196.52709889999,-16598.263549449995,193.9369342846301,50,10
2133,48.85920100790339,7.403745923327088,24.429600503951693,2139,3.875529100529101,1069.5,2133,1066.5,81,81,0,21920,824,19,-33216.52709889999,-16608.263549449995,193.94956655976236,50,10
2134,48.85920100790339,7.403745923327088,24.429600503951693,2146,3.888161375661375,1073.0,2134,1067.0,81,81,0,21930,824,19,-33236.52709889999,-16618.263549449995,193.96219883489465,50,10
2135,48.85920100790339,7.403745923327088,24.429600503951693,2153,3.900793650793651,1076.5,2135,1067.5,81,81,0,21940,826,19,-33256.52709889999,-16628.263549449995,193.9748311100269,50,10
2136,48.85920100790339,7.403745923327088,24.429600503951693,2160,3.913425925925926,1080.0,2136,1068.0,81,81,0,21950,826,19,-33276.52709889999,-16638.263549449995,193.9874633851592,50,10
2137,48.85920100790339,7.403745923327088,24.429600503951693,2167,3.9260582010582015,1083.5,2137,1068.5,81,81,0,21960,828,19,-33296.52709889999,-16648.263549449995,194.00009566029146,50,10
2138,48.85920100790339,7.403745923327088,24.429600503951693,2174,3.9386904761904757,1087.0,2138,1069.0,81,81,0,21970,828,19,-33316.52709889999,-16658.263549449995,194.01272793542375,50,10
2139,48.85920100790339,7.403745923327088,24.429600503951693,2181,3.9513227513227513,1090.5,2139,1069.5,81,81,0,21980,828,19,-33336.52709889999,-16668.263549449995,194.02536021055602,50,10
2140,48.85920100790339,7.403745923327088,24.429600503951693,2188,3.963955026455026,1094.0,2140,1070.0,81,81,0,21990,830,19,-33356.52709889999,-16678.263549449995,194.0379924856883,50,10
2141,48.85920100790339,7.403745923327088,24.429600503951693,2195,3.9765873015873012,1097.5,2141,1070.5,81,81,0,22000,830,19,-33376.52709889999,-16688.263549449995,194.05062476082057,50,10
2142,48.85920100790339,7.403745923327088,24.429600503951693,2202,3.9892195767195764,1101.0,2142,1071.0,81,81,0,22010,830,19,-33396.52709889999,-16698.263549449995,194.06325703595283,50,10
2143,48.85920100790339,7.403745923327088,24.429600503951693,2209,4.0018518518518515,1104.5,2143,1071.5,81,81,0,22020,830,19,-33416.52709889999,-16708.263549449995,194.07588931108512,50,10
2144,48.85920100790339,7.403745923327088,24.429600503951693,2216,4.014484126984127,1108.0,2144,1072.0,81,81,0,22030,830,19,-33436.52709889999,-16718.263549449995,194.08852158621738,50,10
2145,48.85920100790339,7.403745923327088,24.429600503951693,2223,4.027116402116402,1111.5,2145,1072.5,81,81,0,22040,830,19,-33456.52709889999,-16728.263549449995,194.10115386134967,50,10
2146,48.85920100790339,7.403745923327088,24.429600503951693,2230,4.039748677248677,1115.0,2146,1073.0,81,81,0,22050,830,19,-33476.52709889999,-16738.263549449995,194.11378613648193,50,10
2147,48.85920100790339,7.403745923327088,24.429600503951693,2237,4.052380952380953,1118.5,2147,1073.5,81,81,0,22060,830,19,-33496.52709889999,-16748.263549449995,194.12641841161422,50,10
2148,48.85920100790339,7.403745923327088,24.429600503951693,2244,4.065013227513228,1122.0,2148,1074.0,81,81,0,22070,830,19,-33516.52709889999,-16758.263549449995,194.1390506867465,50,10
2149,48.85920100790339,7.403745923327088,24.429600503951693,2251,4.0776455026455025,1125.5,2149,1074.5,81,81,0,22080,830,19,-33536.52709889999,-16768.263549449995,194.15168296187878,50,10
2150,48.85920100790339,7.403745923327088,24.429600503951693,2258,4.090277777777778,1129.0,2150,1075.0,81,81,0,22090,830,19,-33556.52709889999,-16778.263549449995,194.16431523701104,50,10
2151,48.85920100790339,7.403745923327088,24.429600503951693,2265,4.102910052910053,1132.5,2151,1075.5,81,81,0,22100,830,19,-33576.52709889999,-16788.263549449995,194.17694751214333,50,10
2152,48.85920100790339,7.403745923327088,24.429600503951693,2272,4.115542328042328,1136.0,2152,1076.0,81,81,0,22110,830,19,-33596.52709889999,-16798.263549449995,194.1895797872756,50,10
2153,48.85920100790339,7.403745923327088,24.429600503951693,2279,4.128174603174603,1139.5,2153,1076.5,81,81,0,22120,830,19,-33616.52709889999,-16808.263549449995,194.20221206240788,50,10
2154,48.85920100790339,7.403745923327088,24.429600503951693,2286,4.140806878306878,1143.0,2154,1077.0,81,81,0,22130,830,19,-33636.52709889999,-16818.263549449995,194.21484433754014,50,10
2155,48.85920100790339,7.403745923327088,24.429600503951693,2293,4.1534391534391535,1146.5,2155,1077.5,81,81,0,22140,830,19,-33656.52709889999,-16828.263549449995,194.22747661267243,50,10
2156,48.85920100790339,7.403745923327088,24.429600503951693,2300,4.166071428571429,1150.0,2156,1078.0,81,81,0,22150,830,19,-33676.52709889999,-16838.263549449995,194.2401088878047,50,10
2157,48.85920100790339,7.403745923327088,24.429600503951693,2307,4.178703703703704,1153.5,2157,1078.5,81,81,0,22160,830,19,-33696.52709889999,-16848.263549449995,194.25274116293699,50,10
2158,48.85920100790339,7.403745923327088,24.429600503951693,2314,4.191335978835979,1157.0,2158,1079.0,81,81,0,22170,830,19,-33716.52709889999,-16858.263549449995,194.26537343806925,50,10
2159,48.85920100790339,7.403745923327088,24.429600503951693,2321,4.203968253968255,1160.5,2159,1079.5,81,81,0,22180,832,19,-33736.52709889999,-16868.263549449995,194.2780057132015,50,10
2160,48.85920100790339,7.403745923327088,24.429600503951693,2328,4.216600529100529,1164.0,2160,1080.0,81,81,0,22190,832,19,-33756.52709889999,-16878.263549449995,194.2906379883338,50,10
2161,48.85920100790339,7.403745923327088,24.429600503951693,2335,4.2292328042328045,1167.5,2161,1080.5,81,81,0,22200,832,19,-33776.52709889999,-16888.263549449995,194.30327026346606,50,10
2162,48.85920100790339,7.403745923327088,24.429600503951693,2342,4.241865079365079,1171.0,2162,1081.0,81,81,0,22210,832,19,-33796.52709889999,-16898.263549449995,194.31590253859835,50,10
2163,48.85920100790339,7.403745923327088,24.429600503951693,2349,4.254497354497355,1174.5,2163,1081.5,81,81,0,22220,832,19,-33816.52709889999,-16908.263549449995,194.3285348137306,50,10
2164,48.85920100790339,7.403745923327088,24.429600503951693,2356,4.26712962962963,1178.0,2164,1082.0,81,81,0,22230,832,19,-33836.52709889999,-16918.263549449995,194.3411670888629,50,10
2165,48.85920100790339,7.403745923327088,24.429600503951693,2364,4.281547619047619,1182.0,2165,1082.5,81,81,0,22240,832,19,-33858.52709889999,-16929.263549449995,194.35558507828088,50,10
2166,48.85920100790339,7.403745923327088,24.429600503951693,2372,4.2959656084656075,1186.0,2166,1083.0,81,81,0,22250,834,19,-33880.52709889999,-16940.263549449995,194.3700030676989,50,10
2167,48.85920100790339,7.403745923327088,24.429600503951693,2380,4.3103835978835985,1190.0,2167,1083.5,81,81,0,22260,834,19,-33902.52709889999,-16951.263549449995,194.38442105711687,50,10
2168,48.85920100790339,7.403745923327088,24.429600503951693,2388,4.324801587301587,1194.0,2168,1084.0,81,81,0,22270,834,19,-33924.52709889999,-16962.263549449995,194.39883904653485,50,10
2169,48.85920100790339,7.403745923327088,24.429600503951693,2396,4.339219576719577,1198.0,2169,1084.5,81,81,0,22280,836,19,-33946.52709889999,-16973.263549449995,194.41325703595285,50,10
2170,48.85920100790339,7.403745923327088,24.429600503951693,2404,4.353637566137565,1202.0,2170,1085.0,81,81,0,22290,836,19,-33968.52709889999,-16984.263549449995,194.42767502537083,50,10
2171,48.85920100790339,7.403745923327088,24.429600503951693,2412,4.368055555555556,1206.0,2171,1085.5,81,81,0,22300,836,19,-33990.52709889999,-16995.263549449995,194.4420930147888,50,10
2172,48.85920100790339,7.403745923327088,24.429600503951693,2420,4.3824735449735455,1210.0,2172,1086.0,81,81,0,22310,836,19,-34012.52709889999,-17006.263549449995,194.45651100420682,50,10
2173,48.85920100790339,7.403745923327088,24.429600503951693,2428,4.396891534391535,1214.0,2173,1086.5,81,81,0,22320,836,19,-34034.52709889999,-17017.263549449995,194.4709289936248,50,10
2174,48.85920100790339,7.403745923327088,24.429600503951693,2436,4.411309523809523,1218.0,2174,1087.0,81,81,0,22330,836,19,-34056.52709889999,-17028.263549449995,194.4853469830428,50,10
2175,48.85920100790339,7.403745923327088,24.429600503951693,2444,4.425727513227514,1222.0,2175,1087.5,81,81,0,22340,836,19,-34078.52709889999,-17039.263549449995,194.49976497246078,50,10
2176,48.85920100790339,7.403745923327088,24.429600503951693,2452,4.440145502645502,1226.0,2176,1088.0,81,81,0,22350,836,19,-34100.52709889999,-17050.263549449995,194.51418296187876,50,10
2177,48.85920100790339,7.403745923327088,24.429600503951693,2460,4.454563492063492,1230.0,2177,1088.5,81,81,0,22360,836,19,-34122.52709889999,-17061.263549449995,194.52860095129677,50,10
2178,48.85920100790339,7.403745923327088,24.429600503951693,1927,3.46712962962963,963.5,2178,1089.0,81,81,0,22370,836,20,-34162.52709889999,-17081.263549449995,203.5411670888629,50,10
2179,48.85920100790339,7.403745923327088,24.429600503951693,1934,3.479695767195767,967.0,2179,1089.5,81,81,0,22380,836,20,-34182.52709889999,-17091.263549449995,203.55373322642905,50,10
2180,48.85920100790339,7.403745923327088,24.429600503951693,1941,3.492261904761905,970.5,2180,1090.0,81,81,0,22390,836,20,-34202.52709889999,-17101.263549449995,203.56629936399517,50,10
2181,48.85920100790339,7.403745923327088,24.429600503951693,1948,3.5048280423280422,974.0,2181,1090.5,81,81,0,22400,838,20,-34222.52709889999,-17111.263549449995,203.5788655015613,50,10
2182,48.85920100790339,7.403745923327088,24.429600503951693,1955,3.51739417989418,977.5,2182,1091.0,81,81,0,22410,838,20,-34242.52709889999,-17121.263549449995,203.59143163912745,50,10
2183,48.85920100790339,7.403745923327088,24.429600503951693,1962,3.529960317460317,981.0,2183,1091.5,81,81,0,22420,838,20,-34262.52709889999,-17131.263549449995,203.60399777669357,50,10
2184,48.85920100790339,7.403745923327088,24.429600503951693,1969,3.5425264550264552,984.5,2184,1092.0,81,81,0,22430,838,20,-34282.52709889999,-17141.263549449995,203.61656391425973,50,10
2185,48.85920100790339,7.403745923327088,24.429600503951693,1976,3.555092592592592,988.0,2185,1092.5,81,81,0,22440,838,20,-34302.52709889999,-17151.263549449995,203.62913005182585,50,10
2186,48.85920100790339,7.403745923327088,24.429600503951693,1983,3.5676587301587306,991.5,2186,1093.0,81,81,0,22450,838,20,-34322.52709889999,-17161.263549449995,203.641696189392,50,10
2187,48.85920100790339,7.403745923327088,24.429600503951693,1990,3.580224867724868,995.0,2187,1093.5,81,81,0,22460,838,20,-34342.52709889999,-17171.263549449995,203.65426232695813,50,10
2188,48.85920100790339,7.403745923327088,24.429600503951693,1997,3.5927910052910055,998.5,2188,1094.0,81,81,0,22470,838,20,-34362.52709889999,-17181.263549449995,203.6668284645243,50,10
2189,48.85920100790339,7.403745923327088,24.429600503951693,2004,3.605357142857143,1002.0,2189,1094.5,81,81,0,22480,838,20,-34382.52709889999,-17191.263549449995,203.6793946020904,50,10
2190,48.85920100790339,7.403745923327088,24.429600503951693,1450,2.6161375661375663,725.0,2190,1095.0,81,81,0,22490,838,21,-34420.52709889999,-17210.263549449995,212.69017502537082,50,10
2191,48.85920100790339,7.403745923327088,24.429600503951693,1456,2.62691798941799,728.0,2191,1095.5,81,81,0,22500,842,21,-34438.52709889999,-17219.263549449995,212.70095544865126,50,10
2192,48.85920100790339,7.403745923327088,24.429600503951693,1462,2.6376984126984127,731.0,2192,1096.0,81,81,0,22510,842,21,-34456.52709889999,-17228.263549449995,212.71173587193167,50,10
2193,48.85920100790339,7.403745923327088,24.429600503951693,1468,2.6484788359788363,734.0,2193,1096.5,81,81,0,22520,842,21,-34474.52709889999,-17237.263549449995,212.7225162952121,50,10
2194,48.85920100790339,7.403745923327088,24.429600503951693,1474,2.659259259259259,737.0,2194,1097.0,81,81,0,22530,844,21,-34492.52709889999,-17246.263549449995,212.73329671849254,50,10
2195,48.85920100790339,7.403745923327088,24.429600503951693,1480,2.6700396825396826,740.0,2195,1097.5,81,81,0,22540,844,21,-34510.52709889999,-17255.263549449995,212.74407714177295,50,10
2196,48.85920100790339,7.403745923327088,24.429600503951693,1486,2.6808201058201058,743.0,2196,1098.0,81,81,0,22550,844,21,-34528.52709889999,-17264.263549449995,212.75485756505338,50,10
2197,48.85920100790339,7.403745923327088,24.429600503951693,1492,2.6916005291005294,746.0,2197,1098.5,81,81,0,22560,846,21,-34546.52709889999,-17273.263549449995,212.7656379883338,50,10
2198,48.85920100790339,7.403745923327088,24.429600503951693,1498,2.702380952380952,749.0,2198,1099.0,81,81,0,22570,846,21,-34564.52709889999,-17282.263549449995,212.77641841161423,50,10
2199,48.85920100790339,7.403745923327088,24.429600503951693,1504,2.7131613756613757,752.0,2199,1099.5,81,81,0,22580,846,21,-34582.52709889999,-17291.263549449995,212.78719883489464,50,10
2200,48.85920100790339,7.403745923327088,24.429600503951693,1510,2.723941798941799,755.0,2200,1100.0,81,81,0,22590,846,21,-34600.52709889999,-17300.263549449995,212.79797925817508,50,10
2201,48.85920100790339,7.403745923327088,24.429600503951693,1516,2.7347222222222225,758.0,2201,1100.5,81,81,0,22600,846,21,-34618.52709889999,-17309.263549449995,212.80875968145548,50,10
2202,48.85920100790339,7.403745923327088,24.429600503951693,1522,2.7455026455026452,761.0,2202,1101.0,81,81,0,22610,846,21,-34636.52709889999,-17318.263549449995,212.81954010473592,50,10
2203,48.85920100790339,7.403745923327088,24.429600503951693,1528,2.756283068783069,764.0,2203,1101.5,81,81,0,22620,846,21,-34654.52709889999,-17327.263549449995,212.83032052801633,50,10
2204,48.85920100790339,7.403745923327088,24.429600503951693,1534,2.767063492063492,767.0,2204,1102.0,81,81,0,22630,846,21,-34672.52709889999,-17336.263549449995,212.84110095129677,50,10
2205,48.85920100790339,7.403745923327088,24.429600503951693,1540,2.7778439153439156,770.0,2205,1102.5,81,81,0,22640,846,21,-34690.52709889999,-17345.263549449995,212.85188137457718,50,10
2206,48.85920100790339,7.403745923327088,24.429600503951693,1546,2.7886243386243383,773.0,2206,1103.0,81,81,0,22650,846,21,-34708.52709889999,-17354.263549449995,212.8626617978576,50,10
2207,48.85920100790339,7.403745923327088,24.429600503951693,1553,2.801256613756614,776.5,2207,1103.5,81,81,0,22660,846,21,-34728.52709889999,-17364.263549449995,212.87529407298987,50,10
2208,48.85920100790339,7.403745923327088,24.429600503951693,1560,2.8138888888888887,780.0,2208,1104.0,81,81,0,22670,848,21,-34748.52709889999,-17374.263549449995,212.88792634812216,50,10
2209,48.85920100790339,7.403745923327088,24.429600503951693,1006,1.8247354497354498,503.0,2209,1104.5,81,81,0,22680,848,22,-34786.52709889999,-17393.263549449995,221.8987729089687,50,10
2210,48.85920100790339,7.403745923327088,24.429600503951693,1012,1.8355820105820104,506.0,2210,1105.0,81,81,0,22690,848,22,-34804.52709889999,-17402.263549449995,221.90961946981528,50,10
2211,48.85920100790339,7.403745923327088,24.429600503951693,1018,1.8464285714285715,509.0,2211,1105.5,81,81,0,22700,848,22,-34822.52709889999,-17411.263549449995,221.92046603066183,50,10
2212,48.85920100790339,7.403745923327088,24.429600503951693,1024,1.8572751322751324,512.0,2212,1106.0,81,81,0,22710,848,22,-34840.52709889999,-17420.263549449995,221.9313125915084,50,10
2213,48.85920100790339,7.403745923327088,24.429600503951693,1030,1.8681216931216933,515.0,2213,1106.5,81,81,0,22720,850,22,-34858.52709889999,-17429.263549449995,221.94215915235495,50,10
2214,48.85920100790339,7.403745923327088,24.429600503951693,1036,1.8789682539682542,518.0,2214,1107.0,81,81,0,22730,850,22,-34876.52709889999,-17438.263549449995,221.95300571320152,50,10
2215,48.85920100790339,7.403745923327088,24.429600503951693,1042,1.889814814814815,521.0,2215,1107.5,81,81,0,22740,850,22,-34894.52709889999,-17447.263549449995,221.9638522740481,50,10
2216,48.85920100790339,7.403745923327088,24.429600503951693,1048,1.9006613756613757,524.0,2216,1108.0,81,81,0,22750,850,22,-34912.52709889999,-17456.263549449995,221.97469883489464,50,10
2217,48.85920100790339,7.403745923327088,24.429600503951693,1054,1.9115079365079366,527.0,2217,1108.5,81,81,0,22760,850,22,-34930.52709889999,-17465.263549449995,221.9855453957412,50,10
2218,48.85920100790339,7.403745923327088,24.429600503951693,1060,1.9223544973544975,530.0,2218,1109.0,81,81,0,22770,850,22,-34948.52709889999,-17474.263549449995,221.99639195658776,50,10
2219,48.85920100790339,7.403745923327088,24.429600503951693,1066,1.9332010582010581,533.0,2219,1109.5,81,81,0,22780,850,22,-34966.52709889999,-17483.263549449995,222.00723851743433,50,10
2220,48.85920100790339,7.403745923327088,24.429600503951693,1072,1.9440476190476192,536.0,2220,1110.0,81,81,0,22790,852,22,-34984.52709889999,-17492.263549449995,222.01808507828088,50,10
2221,48.85920100790339,7.403745923327088,24.429600503951693,1078,1.95489417989418,539.0,2221,1110.5,81,81,0,22800,852,22,-35002.52709889999,-17501.263549449995,222.02893163912745,50,10
2222,48.85920100790339,7.403745923327088,24.429600503951693,1084,1.9657407407407408,542.0,2222,1111.0,81,81,0,22810,852,22,-35020.52709889999,-17510.263549449995,222.039778199974,50,10
2223,48.85920100790339,7.403745923327088,24.429600503951693,1090,1.9765873015873017,545.0,2223,1111.5,81,81,0,22820,854,22,-35038.52709889999,-17519.263549449995,222.05062476082057,50,10
2224,48.85920100790339,7.403745923327088,24.429600503951693,1096,1.9874338624338623,548.0,2224,1112.0,81,81,0,22830,854,22,-35056.52709889999,-17528.263549449995,222.06147132166714,50,10
2225,48.85920100790339,7.403745923327088,24.429600503951693,1102,1.9982804232804232,551.0,2225,1112.5,81,81,0,22840,854,22,-35074.52709889999,-17537.263549449995,222.0723178825137,50,10
2226,48.85920100790339,7.403745923327088,24.429600503951693,1108,2.009126984126984,554.0,2226,1113.0,81,81,0,22850,854,22,-35092.52709889999,-17546.263549449995,222.08316444336026,50,10
2227,48.85920100790339,7.403745923327088,24.429600503951693,1114,2.0199735449735448,557.0,2227,1113.5,81,81,0,22860,854,22,-35110.52709889999,-17555.263549449995,222.0940110042068,50,10
2228,48.85920100790339,7.403745923327088,24.429600503951693,1120,2.030820105820106,560.0,2228,1114.0,81,81,0,22870,854,22,-35128.52709889999,-17564.263549449995,222.10485756505338,50,10
2229,48.85920100790339,7.403745923327088,24.429600503951693,1126,2.0416666666666665,563.0,2229,1114.5,81,81,0,22880,854,22,-35146.52709889999,-17573.263549449995,222.11570412589992,50,10
2230,48.85920100790339,7.403745923327088,24.429600503951693,1132,2.052513227513228,566.0,2230,1115.0,81,81,0,22890,854,22,-35164.52709889999,-17582.263549449995,222.1265506867465,50,10
2231,48.85920100790339,7.403745923327088,24.429600503951693,1138,2.0633597883597883,569.0,2231,1115.5,81,81,0,22900,856,22,-35182.52709889999,-17591.263549449995,222.13739724759304,50,10
2232,48.85920100790339,7.403745923327088,24.429600503951693,1144,2.0742063492063494,572.0,2232,1116.0,81,81,0,22910,856,22,-35200.52709889999,-17600.263549449995,222.14824380843962,50,10
2233,48.85920100790339,7.403745923327088,24.429600503951693,1150,2.08505291005291,575.0,2233,1116.5,81,81,0,22920,856,22,-35218.52709889999,-17609.263549449995,222.1590903692862,50,10
2234,48.85920100790339,7.403745923327088,24.429600503951693,1156,2.095899470899471,578.0,2234,1117.0,81,81,0,22930,856,22,-35236.52709889999,-17618.263549449995,222.16993693013274,50,10
2235,48.85920100790339,7.403745923327088,24.429600503951693,1163,2.1085978835978834,581.5,2235,1117.5,81,81,0,22940,856,22,-35256.52709889999,-17628.263549449995,222.18263534283116,50,10
2236,48.85920100790339,7.403745923327088,24.429600503951693,1170,2.1212962962962965,585.0,2236,1118.0,81,81,0,22950,858,22,-35276.52709889999,-17638.263549449995,222.19533375552956,50,10
2237,48.85920100790339,7.403745923327088,24.429600503951693,1177,2.1339947089947087,588.5,2237,1118.5,81,81,0,22960,858,22,-35296.52709889999,-17648.263549449995,222.208032168228,50,10
2238,48.85920100790339,7.403745923327088,24.429600503951693,1184,2.1466931216931218,592.0,2238,1119.0,81,81,0,22970,858,22,-35316.52709889999,-17658.263549449995,222.22073058092639,50,10
2239,48.85920100790339,7.403745923327088,24.429600503951693,1191,2.1593915343915344,595.5,2239,1119.5,81,81,0,22980,858,22,-35336.52709889999,-17668.263549449995,222.2334289936248,50,10
2240,48.85920100790339,7.403745923327088,24.429600503951693,1198,2.172089947089947,599.0,2240,1120.0,81,81,0,22990,858,22,-35356.52709889999,-17678.263549449995,222.2461274063232,50,10
2241,48.85920100790339,7.403745923327088,24.429600503951693,1205,2.1847883597883597,602.5,2241,1120.5,81,81,0,23000,860,22,-35376.52709889999,-17688.263549449995,222.25882581902164,50,10
2242,48.85920100790339,7.403745923327088,24.429600503951693,1212,2.1974867724867724,606.0,2242,1121.0,81,81,0,23010,860,22,-35396.52709889999,-17698.263549449995,222.27152423172004,50,10
2243,48.85920100790339,7.403745923327088,24.429600503951693,1219,2.210185185185185,609.5,2243,1121.5,81,81,0,23020,860,22,-35416.52709889999,-17708.263549449995,222.28422264441846,50,10
2244,48.85920100790339,7.403745923327088,24.429600503951693,1226,2.222883597883598,613.0,2244,1122.0,81,81,0,23030,860,22,-35436.52709889999,-17718.263549449995,222.29692105711686,50,10
2245,48.85920100790339,7.403745923327088,24.429600503951693,1233,2.2355820105820103,616.5,2245,1122.5,81,81,0,23040,860,22,-35456.52709889999,-17728.263549449995,222.3096194698153,50,10
2246,48.85920100790339,7.403745923327088,24.429600503951693,1240,2.2482804232804234,620.0,2246,1123.0,81,81,0,23050,862,22,-35476.52709889999,-17738.263549449995,222.3223178825137,50,10
2247,48.85920100790339,7.403745923327088,24.429600503951693,1247,2.260978835978836,623.5,2247,1123.5,81,81,0,23060,866,22,-35496.52709889999,-17748.263549449995,222.3350162952121,50,10
2248,48.85920100790339,7.403745923327088,24.429600503951693,1254,2.2736772486772487,627.0,2248,1124.0,81,81,0,23070,866,22,-35516.52709889999,-17758.263549449995,222.3477147079105,50,10
2249,48.85920100790339,7.403745923327088,24.429600503951693,1261,2.286375661375661,630.5,2249,1124.5,81,81,0,23080,866,22,-35536.52709889999,-17768.263549449995,222.36041312060894,50,10
2250,48.85920100790339,7.403745923327088,24.429600503951693,1268,2.299074074074074,634.0,2250,1125.0,81,81,0,23090,866,22,-35556.52709889999,-17778.263549449995,222.37311153330734,50,10
2251,48.85920100790339,7.403745923327088,24.429600503951693,1275,2.3117724867724867,637.5,2251,1125.5,81,81,0,23100,868,22,-35576.52709889999,-17788.263549449995,222.38580994600576,50,10
2252,48.85920100790339,7.403745923327088,24.429600503951693,1282,2.3244708994709,641.0,2252,1126.0,81,81,0,23110,868,22,-35596.52709889999,-17798.263549449995,222.39850835870416,50,10
2253,48.85920100790339,7.403745923327088,24.429600503951693,1289,2.3371693121693116,644.5,2253,1126.5,81,81,0,23120,870,22,-35616.52709889999,-17808.263549449995,222.4112067714026,50,10
2254,48.85920100790339,7.403745923327088,24.429600503951693,1296,2.3498677248677247,648.0,2254,1127.0,81,81,0,23130,870,22,-35636.52709889999,-17818.263549449995,222.423905184101,50,10
2255,48.85920100790339,7.403745923327088,24.429600503951693,1303,2.3625661375661373,651.5,2255,1127.5,81,81,0,23140,874,22,-35656.52709889999,-17828.263549449995,222.43660359679942,50,10
2256,48.85920100790339,7.403745923327088,24.429600503951693,1310,2.3752645502645504,655.0,2256,1128.0,81,81,0,23150,874,22,-35676.52709889999,-17838.263549449995,222.4493020094978,50,10
2257,48.85920100790339,7.403745923327088,24.429600503951693,1317,2.387962962962963,658.5,2257,1128.5,81,81,0,23160,874,22,-35696.52709889999,-17848.263549449995,222.46200042219624,50,10
2258,48.85920100790339,7.403745923327088,24.429600503951693,1324,2.4006613756613757,662.0,2258,1129.0,81,81,0,23170,874,22,-35716.52709889999,-17858.263549449995,222.47469883489464,50,10
2259,48.85920100790339,7.403745923327088,24.429600503951693,1331,2.413359788359788,665.5,2259,1129.5,81,81,0,23180,874,22,-35736.52709889999,-17868.263549449995,222.48739724759307,50,10
2260,48.85920100790339,7.403745923327088,24.429600503951693,1338,2.426058201058201,669.0,2260,1130.0,81,81,0,23190,874,22,-35756.52709889999,-17878.263549449995,222.50009566029146,50,10
2261,48.85920100790339,7.403745923327088,24.429600503951693,1345,2.438756613756614,672.5,2261,1130.5,81,81,0,23200,874,22,-35776.52709889999,-17888.263549449995,222.5127940729899,50,10
2262,48.85920100790339,7.403745923327088,24.429600503951693,1352,2.4514550264550263,676.0,2262,1131.0,81,81,0,23210,874,22,-35796.52709889999,-17898.263549449995,222.5254924856883,50,10
2263,48.85920100790339,7.403745923327088,24.429600503951693,1359,2.4641534391534394,679.5,2263,1131.5,81,81,0,23220,874,22,-35816.52709889999,-17908.263549449995,222.53819089838672,50,10
2264,48.85920100790339,7.403745923327088,24.429600503951693,1366,2.4768518518518516,683.0,2264,1132.0,81,81,0,23230,874,22,-35836.52709889999,-17918.263549449995,222.55088931108511,50,10
2265,48.85920100790339,7.403745923327088,24.429600503951693,1373,2.4895502645502647,686.5,2265,1132.5,81,81,0,23240,874,22,-35856.52709889999,-17928.263549449995,222.56358772378354,50,10
2266,48.85920100790339,7.403745923327088,24.429600503951693,1380,2.5022486772486774,690.0,2266,1133.0,81,81,0,23250,874,22,-35876.52709889999,-17938.263549449995,222.57628613648194,50,10
2267,48.85920100790339,7.403745923327088,24.429600503951693,1387,2.5149470899470905,693.5,2267,1133.5,81,81,0,23260,874,22,-35896.52709889999,-17948.263549449995,222.58898454918037,50,10
2268,48.85920100790339,7.403745923327088,24.429600503951693,1394,2.5276455026455027,697.0,2268,1134.0,81,81,0,23270,874,22,-35916.52709889999,-17958.263549449995,222.60168296187877,50,10
2269,48.85920100790339,7.403745923327088,24.429600503951693,1401,2.5403439153439153,700.5,2269,1134.5,81,81,0,23280,876,22,-35936.52709889999,-17968.263549449995,222.6143813745772,50,10
2270,48.85920100790339,7.403745923327088,24.429600503951693,1408,2.553042328042328,704.0,2270,1135.0,81,81,0,23290,876,22,-35956.52709889999,-17978.263549449995,222.6270797872756,50,10
2271,48.85920100790339,7.403745923327088,24.429600503951693,1415,2.565740740740741,707.5,2271,1135.5,81,81,0,23300,876,22,-35976.52709889999,-17988.263549449995,222.63977819997402,50,10
2272,48.85920100790339,7.403745923327088,24.429600503951693,1422,2.5784391534391533,711.0,2272,1136.0,81,81,0,23310,876,22,-35996.52709889999,-17998.263549449995,222.65247661267242,50,10
2273,48.85920100790339,7.403745923327088,24.429600503951693,1429,2.5911375661375664,714.5,2273,1136.5,81,81,0,23320,876,22,-36016.52709889999,-18008.263549449995,222.66517502537084,50,10
2274,48.85920100790339,7.403745923327088,24.429600503951693,1436,2.6038359788359786,718.0,2274,1137.0,81,81,0,23330,876,22,-36036.52709889999,-18018.263549449995,222.67787343806924,50,10
2275,48.85920100790339,7.403745923327088,24.429600503951693,1443,2.6165343915343917,721.5,2275,1137.5,81,81,0,23340,878,22,-36056.52709889999,-18028.263549449995,222.69057185076767,50,10
2276,48.85920100790339,7.403745923327088,24.429600503951693,1450,2.629232804232804,725.0,2276,1138.0,81,81,0,23350,878,22,-36076.52709889999,-18038.263549449995,222.70327026346607,50,10
2277,48.85920100790339,7.403745923327088,24.429600503951693,1458,2.6437169312169315,729.0,2277,1138.5,81,81,0,23360,878,22,-36098.52709889999,-18049.263549449995,222.7177543904502,50,10
2278,48.85920100790339,7.403745923327088,24.429600503951693,1466,2.658201058201058,733.0,2278,1139.0,81,81,0,23370,878,22,-36120.52709889999,-18060.263549449995,222.73223851743433,50,10
2279,48.85920100790339,7.403745923327088,24.429600503951693,1474,2.6726851851851854,737.0,2279,1139.5,81,81,0,23380,880,22,-36142.52709889999,-18071.263549449995,222.74672264441844,50,10
2280,48.85920100790339,7.403745923327088,24.429600503951693,1482,2.687169312169312,741.0,2280,1140.0,81,81,0,23390,880,22,-36164.52709889999,-18082.263549449995,222.76120677140258,50,10
2281,48.85920100790339,7.403745923327088,24.429600503951693,1490,2.7016534391534393,745.0,2281,1140.5,81,81,0,23400,880,22,-36186.52709889999,-18093.263549449995,222.7756908983867,50,10
2282,48.85920100790339,7.403745923327088,24.429600503951693,1498,2.716137566137566,749.0,2282,1141.0,81,81,0,23410,882,22,-36208.52709889999,-18104.263549449995,222.79017502537084,50,10
2283,48.85920100790339,7.403745923327088,24.429600503951693,1506,2.730621693121693,753.0,2283,1141.5,81,81,0,23420,882,22,-36230.52709889999,-18115.263549449995,222.80465915235496,50,10
2284,48.85920100790339,7.403745923327088,24.429600503951693,1514,2.74510582010582,757.0,2284,1142.0,81,81,0,23430,884,22,-36252.52709889999,-18126.263549449995,222.81914327933907,50,10
2285,48.85920100790339,7.403745923327088,24.429600503951693,1522,2.759589947089947,761.0,2285,1142.5,81,81,0,23440,884,22,-36274.52709889999,-18137.263549449995,222.83362740632322,50,10
2286,48.85920100790339,7.403745923327088,24.429600503951693,1530,2.7740740740740737,765.0,2286,1143.0,81,81,0,23450,884,22,-36296.52709889999,-18148.263549449995,222.84811153330733,50,10
2287,48.85920100790339,7.403745923327088,24.429600503951693,1538,2.7885582010582013,769.0,2287,1143.5,81,81,0,23460,886,22,-36318.52709889999,-18159.263549449995,222.86259566029148,50,10
2288,48.85920100790339,7.403745923327088,24.429600503951693,1546,2.803042328042328,773.0,2288,1144.0,81,81,0,23470,888,22,-36340.52709889999,-18170.263549449995,222.8770797872756,50,10
2289,48.85920100790339,7.403745923327088,24.429600503951693,1554,2.817526455026455,777.0,2289,1144.5,81,81,0,23480,888,22,-36362.52709889999,-18181.263549449995,222.89156391425973,50,10
2290,48.85920100790339,7.403745923327088,24.429600503951693,1562,2.8320105820105814,781.0,2290,1145.0,81,81,0,23490,888,22,-36384.52709889999,-18192.263549449995,222.90604804124385,50,10
2291,48.85920100790339,7.403745923327088,24.429600503951693,1570,2.846494708994709,785.0,2291,1145.5,81,81,0,23500,888,22,-36406.52709889999,-18203.263549449995,222.92053216822796,50,10
2292,48.85920100790339,7.403745923327088,24.429600503951693,1578,2.860978835978836,789.0,2292,1146.0,81,81,0,23510,890,22,-36428.52709889999,-18214.263549449995,222.9350162952121,50,10
2293,48.85920100790339,7.403745923327088,24.429600503951693,1586,2.875462962962963,793.0,2293,1146.5,81,81,0,23520,890,22,-36450.52709889999,-18225.263549449995,222.94950042219622,50,10
2294,48.85920100790339,7.403745923327088,24.429600503951693,1594,2.88994708994709,797.0,2294,1147.0,81,81,0,23530,890,22,-36472.52709889999,-18236.263549449995,222.96398454918037,50,10
2295,48.85920100790339,7.403745923327088,24.429600503951693,1602,2.904431216931217,801.0,2295,1147.5,81,81,0,23540,890,22,-36494.52709889999,-18247.263549449995,222.97846867616448,50,10
2296,48.85920100790339,7.403745923327088,24.429600503951693,1610,2.9189153439153444,805.0,2296,1148.0,81,81,0,23550,890,22,-36516.52709889999,-18258.263549449995,222.9929528031486,50,10
2297,48.85920100790339,7.403745923327088,24.429600503951693,1618,2.933399470899471,809.0,2297,1148.5,81,81,0,23560,890,22,-36538.52709889999,-18269.263549449995,223.00743693013274,50,10
2298,48.85920100790339,7.403745923327088,24.429600503951693,1626,2.9478835978835978,813.0,2298,1149.0,81,81,0,23570,892,22,-36560.52709889999,-18280.263549449995,223.02192105711686,50,10
2299,48.85920100790339,7.403745923327088,24.429600503951693,1634,2.962367724867725,817.0,2299,1149.5,81,81,0,23580,892,22,-36582.52709889999,-18291.263549449995,223.036405184101,50,10
2300,48.85920100790339,7.403745923327088,24.429600503951693,1642,2.976851851851852,821.0,2300,1150.0,81,81,0,23590,894,22,-36604.52709889999,-18302.263549449995,223.05088931108511,50,10
2301,48.85920100790339,7.403745923327088,24.429600503951693,1650,2.991335978835979,825.0,2301,1150.5,81,81,0,23600,894,22,-36626.52709889999,-18313.263549449995,223.06537343806926,50,10
2302,48.85920100790339,7.403745923327088,24.429600503951693,1658,3.0058201058201064,829.0,2302,1151.0,81,81,0,23610,894,22,-36648.52709889999,-18324.263549449995,223.07985756505337,50,10
2303,48.85920100790339,7.403745923327088,24.429600503951693,1666,3.0203042328042327,833.0,2303,1151.5,81,81,0,23620,896,22,-36670.52709889999,-18335.263549449995,223.0943416920375,50,10
2304,48.85920100790339,7.403745923327088,24.429600503951693,1674,3.0347883597883603,837.0,2304,1152.0,81,81,0,23630,896,22,-36692.52709889999,-18346.263549449995,223.10882581902163,50,10
2305,48.85920100790339,7.403745923327088,24.429600503951693,1682,3.0492724867724865,841.0,2305,1152.5,81,81,0,23640,896,22,-36714.52709889999,-18357.263549449995,223.12330994600575,50,10
2306,48.85920100790339,7.403745923327088,24.429600503951693,1690,3.063756613756614,845.0,2306,1153.0,81,81,0,23650,896,22,-36736.52709889999,-18368.263549449995,223.1377940729899,50,10
2307,48.85920100790339,7.403745923327088,24.429600503951693,1698,3.078240740740741,849.0,2307,1153.5,81,81,0,23660,896,22,-36758.52709889999,-18379.263549449995,223.152278199974,50,10
2308,48.85920100790339,7.403745923327088,24.429600503951693,1706,3.092724867724868,853.0,2308,1154.0,81,81,0,23670,896,22,-36780.52709889999,-18390.263549449995,223.16676232695812,50,10
2309,48.85920100790339,7.403745923327088,24.429600503951693,1714,3.1072089947089947,857.0,2309,1154.5,81,81,0,23680,896,22,-36802.52709889999,-18401.263549449995,223.18124645394226,50,10
2310,48.85920100790339,7.403745923327088,24.429600503951693,1722,3.121693121693122,861.0,2310,1155.0,81,81,0,23690,896,22,-36824.52709889999,-18412.263549449995,223.19573058092638,50,10
2311,48.85920100790339,7.403745923327088,24.429600503951693,1730,3.1361772486772486,865.0,2311,1155.5,81,81,0,23700,898,22,-36846.52709889999,-18423.263549449995,223.21021470791052,50,10
2312,48.85920100790339,7.403745923327088,24.429600503951693,1738,3.1506613756613757,869.0,2312,1156.0,81,81,0,23710,898,22,-36868.52709889999,-18434.263549449995,223.22469883489464,50,10
2313,48.85920100790339,7.403745923327088,24.429600503951693,1746,3.1651455026455024,873.0,2313,1156.5,81,81,0,23720,898,22,-36890.52709889999,-18445.263549449995,223.23918296187878,50,10
2314,48.85920100790339,7.403745923327088,24.429600503951693,1754,3.1796296296296296,877.0,2314,1157.0,81,81,0,23730,898,22,-36912.52709889999,-18456.263549449995,223.2536670888629,50,10
2315,48.85920100790339,7.403745923327088,24.429600503951693,1762,3.1941137566137563,881.0,2315,1157.5,81,81,0,23740,898,22,-36934.52709889999,-18467.263549449995,223.268151215847,50,10
2316,48.85920100790339,7.403745923327088,24.429600503951693,1770,3.208597883597884,885.0,2316,1158.0,81,81,0,23750,900,22,-36956.52709889999,-18478.263549449995,223.28263534283116,50,10
2317,48.85920100790339,7.403745923327088,24.429600503951693,1779,3.2248677248677247,889.5,2317,1158.5,81,81,0,23760,900,22,-36980.52709889999,-18490.263549449995,223.298905184101,50,10
2318,48.85920100790339,7.403745923327088,24.429600503951693,1788,3.2411375661375663,894.0,2318,1159.0,81,81,0,23770,902,22,-37004.52709889999,-18502.263549449995,223.31517502537082,50,10
2319,48.85920100790339,7.403745923327088,24.429600503951693,1797,3.2574074074074075,898.5,2319,1159.5,81,81,0,23780,904,22,-37028.52709889999,-18514.263549449995,223.33144486664068,50,10
2320,48.85920100790339,7.403745923327088,24.429600503951693,1806,3.2736772486772487,903.0,2320,1160.0,81,81,0,23790,904,22,-37052.52709889999,-18526.263549449995,223.3477147079105,50,10
2321,48.85920100790339,7.403745923327088,24.429600503951693,1815,3.2899470899470895,907.5,2321,1160.5,81,81,0,23800,904,22,-37076.52709889999,-18538.263549449995,223.36398454918034,50,10
2322,48.85920100790339,7.403745923327088,24.429600503951693,1824,3.306216931216931,912.0,2322,1161.0,81,81,0,23810,904,22,-37100.52709889999,-18550.263549449995,223.3802543904502,50,10
2323,48.85920100790339,7.403745923327088,24.429600503951693,1833,3.3224867724867724,916.5,2323,1161.5,81,81,0,23820,904,22,-37124.52709889999,-18562.263549449995,223.39652423172004,50,10
2324,48.85920100790339,7.403745923327088,24.429600503951693,1842,3.3387566137566136,921.0,2324,1162.0,81,81,0,23830,904,22,-37148.52709889999,-18574.263549449995,223.41279407298987,50,10
2325,48.85920100790339,7.403745923327088,24.429600503951693,1310,2.3531746031746033,655.0,2325,1162.5,81,81,0,23840,904,23,-37190.52709889999,-18595.263549449995,232.42721206240788,50,10
2326,48.85920100790339,7.403745923327088,24.429600503951693,1318,2.3675925925925925,659.0,2326,1163.0,81,81,0,23850,904,23,-37212.52709889999,-18606.263549449995,232.44163005182585,50,10
2327,48.85920100790339,7.403745923327088,24.429600503951693,1326,2.3820105820105817,663.0,2327,1163.5,81,81,0,23860,904,23,-37234.52709889999,-18617.263549449995,232.45604804124386,50,10
2328,48.85920100790339,7.403745923327088,24.429600503951693,1334,2.3964285714285714,667.0,2328,1164.0,81,81,0,23870,904,23,-37256.52709889999,-18628.263549449995,232.47046603066184,50,10
2329,48.85920100790339,7.403745923327088,24.429600503951693,1342,2.4108465608465606,671.0,2329,1164.5,81,81,0,23880,904,23,-37278.52709889999,-18639.263549449995,232.48488402007982,50,10
2330,48.85920100790339,7.403745923327088,24.429600503951693,1350,2.4252645502645502,675.0,2330,1165.0,81,81,0,23890,906,23,-37300.52709889999,-18650.263549449995,232.49930200949782,50,10
2331,48.85920100790339,7.403745923327088,24.429600503951693,1358,2.43968253968254,679.0,2331,1165.5,81,81,0,23900,908,23,-37322.52709889999,-18661.263549449995,232.5137199989158,50,10
2332,48.85920100790339,7.403745923327088,24.429600503951693,1366,2.454100529100529,683.0,2332,1166.0,81,81,0,23910,908,23,-37344.52709889999,-18672.263549449995,232.52813798833378,50,10
2333,48.85920100790339,7.403745923327088,24.429600503951693,1374,2.4685185185185183,687.0,2333,1166.5,81,81,0,23920,908,23,-37366.52709889999,-18683.263549449995,232.5425559777518,50,10
2334,48.85920100790339,7.403745923327088,24.429600503951693,1382,2.482936507936508,691.0,2334,1167.0,81,81,0,23930,908,23,-37388.52709889999,-18694.263549449995,232.55697396716977,50,10
2335,48.85920100790339,7.403745923327088,24.429600503951693,1391,2.4991402116402117,695.5,2335,1167.5,81,81,0,23940,908,23,-37412.52709889999,-18706.263549449995,232.5731776708735,50,10
2336,48.85920100790339,7.403745923327088,24.429600503951693,1400,2.5153439153439154,700.0,2336,1168.0,81,81,0,23950,908,23,-37436.52709889999,-18718.263549449995,232.5893813745772,50,10
2337,48.85920100790339,7.403745923327088,24.429600503951693,1409,2.531547619047619,704.5,2337,1168.5,81,81,0,23960,908,23,-37460.52709889999,-18730.263549449995,232.60558507828088,50,10
2338,48.85920100790339,7.403745923327088,24.429600503951693,1418,2.547751322751323,709.0,2338,1169.0,81,81,0,23970,908,23,-37484.52709889999,-18742.263549449995,232.62178878198458,50,10
2339,48.85920100790339,7.403745923327088,24.429600503951693,1427,2.5639550264550266,713.5,2339,1169.5,81,81,0,23980,908,23,-37508.52709889999,-18754.263549449995,232.6379924856883,50,10
2340,48.85920100790339,7.403745923327088,24.429600503951693,1436,2.5801587301587303,718.0,2340,1170.0,81,81,0,23990,908,23,-37532.52709889999,-18766.263549449995,232.654196189392,50,10
2341,48.85920100790339,7.403745923327088,24.429600503951693,1445,2.596362433862434,722.5,2341,1170.5,81,81,0,24000,908,23,-37556.52709889999,-18778.263549449995,232.6703998930957,50,10
2342,48.85920100790339,7.403745923327088,24.429600503951693,1454,2.6125661375661378,727.0,2342,1171.0,81,81,0,24010,908,23,-37580.52709889999,-18790.263549449995,232.68660359679942,50,10
2343,48.85920100790339,7.403745923327088,24.429600503951693,1463,2.6287698412698415,731.5,2343,1171.5,81,81,0,24020,908,23,-37604.52709889999,-18802.263549449995,232.7028073005031,50,10
2344,48.85920100790339,7.403745923327088,24.429600503951693,1472,2.6449735449735448,736.0,2344,1172.0,81,81,0,24030,908,23,-37628.52709889999,-18814.263549449995,232.7190110042068,50,10
2345,48.85920100790339,7.403745923327088,24.429600503951693,1481,2.661177248677249,740.5,2345,1172.5,81,81,0,24040,908,23,-37652.52709889999,-18826.263549449995,232.73521470791053,50,10
2346,48.85920100790339,7.403745923327088,24.429600503951693,1490,2.677380952380952,745.0,2346,1173.0,81,81,0,24050,908,23,-37676.52709889999,-18838.263549449995,232.75141841161422,50,10
2347,48.85920100790339,7.403745923327088,24.429600503951693,1499,2.693584656084656,749.5,2347,1173.5,81,81,0,24060,908,23,-37700.52709889999,-18850.263549449995,232.76762211531792,50,10
2348,48.85920100790339,7.403745923327088,24.429600503951693,1508,2.7097883597883596,754.0,2348,1174.0,81,81,0,24070,908,23,-37724.52709889999,-18862.263549449995,232.78382581902162,50,10
2349,48.85920100790339,7.403745923327088,24.429600503951693,1517,2.7259920634920634,758.5,2349,1174.5,81,81,0,24080,908,23,-37748.52709889999,-18874.263549449995,232.80002952272534,50,10
2350,48.85920100790339,7.403745923327088,24.429600503951693,1526,2.742195767195767,763.0,2350,1175.0,81,81,0,24090,908,23,-37772.52709889999,-18886.263549449995,232.81623322642903,50,10
2351,48.85920100790339,7.403745923327088,24.429600503951693,1535,2.7583994708994712,767.5,2351,1175.5,81,81,0,24100,908,23,-37796.52709889999,-18898.263549449995,232.83243693013273,50,10
2352,48.85920100790339,7.403745923327088,24.429600503951693,1544,2.7746031746031745,772.0,2352,1176.0,81,81,0,24110,908,23,-37820.52709889999,-18910.263549449995,232.84864063383645,50,10
2353,48.85920100790339,7.403745923327088,24.429600503951693,1553,2.7908068783068782,776.5,2353,1176.5,81,81,0,24120,910,23,-37844.52709889999,-18922.263549449995,232.86484433754015,50,10
2354,48.85920100790339,7.403745923327088,24.429600503951693,1562,2.8070105820105815,781.0,2354,1177.0,81,81,0,24130,910,23,-37868.52709889999,-18934.263549449995,232.88104804124384,50,10
2355,48.85920100790339,7.403745923327088,24.429600503951693,1572,2.825214285714286,786.0,2355,1177.5,81,81,0,24140,910,23,-37894.52709889999,-18947.263549449995,232.89925174494755,50,10
2356,48.85920100790339,7.403745923327088,24.429600503951693,1582,2.843417989417989,791.0,2356,1178.0,81,81,0,24150,910,23,-37920.52709889999,-18960.263549449995,232.91745544865125,50,10
2357,48.85920100790339,7.403745923327088,24.429600503951693,1592,2.8616216931216933,796.0,2357,1178.5,81,81,0,24160,910,23,-37946.52709889999,-18973.263549449995,232.93565915235496,50,10
2358,48.85920100790339,7.403745923327088,24.429600503951693,1602,2.8798253968253964,801.0,2358,1179.0,81,81,0,24170,910,23,-37972.52709889999,-18986.263549449995,232.95386285605866,50,10
2359,48.85920100790339,7.403745923327088,24.429600503951693,1612,2.898029100529101,806.0,2359,1179.5,81,81,0,24180,910,23,-37998.52709889999,-18999.263549449995,232.97206655976237,50,10
2360,48.85920100790339,7.403745923327088,24.429600503951693,1622,2.916232804232804,811.0,2360,1180.0,81,81,0,24190,910,23,-38024.52709889999,-19012.263549449995,232.99027026346607,50,10
2361,48.85920100790339,7.403745923327088,24.429600503951693,1632,2.9344365079365082,816.0,2361,1180.5,81,81,0,24200,910,23,-38050.52709889999,-19025.263549449995,233.00847396716978,50,10
2362,48.85920100790339,7.403745923327088,24.429600503951693,1642,2.9526402116402113,821.0,2362,1181.0,81,81,0,24210,910,23,-38076.52709889999,-19038.263549449995,233.02667767087348,50,10
2363,48.85920100790339,7.403745923327088,24.429600503951693,1652,2.9708439153439157,826.0,2363,1181.5,81,81,0,24220,910,23,-38102.52709889999,-19051.263549449995,233.0448813745772,50,10
2364,48.85920100790339,7.403745923327088,24.429600503951693,1662,2.9890476190476187,831.0,2364,1182.0,81,81,0,24230,910,23,-38128.52709889999,-19064.263549449995,233.0630850782809,50,10
2365,48.85920100790339,7.403745923327088,24.429600503951693,1672,3.0072513227513227,836.0,2365,1182.5,81,81,0,24240,910,23,-38154.52709889999,-19077.263549449995,233.0812887819846,50,10
2366,48.85920100790339,7.403745923327088,24.429600503951693,1682,3.0254550264550266,841.0,2366,1183.0,81,81,0,24250,912,23,-38180.52709889999,-19090.263549449995,233.0994924856883,50,10
2367,48.85920100790339,7.403745923327088,24.429600503951693,1692,3.0436587301587306,846.0,2367,1183.5,81,81,0,24260,912,23,-38206.52709889999,-19103.263549449995,233.117696189392,50,10
2368,48.85920100790339,7.403745923327088,24.429600503951693,1702,3.0618624338624336,851.0,2368,1184.0,81,81,0,24270,914,23,-38232.52709889999,-19116.263549449995,233.1358998930957,50,10
2369,48.85920100790339,7.403745923327088,24.429600503951693,1712,3.0800661375661376,856.0,2369,1184.5,81,81,0,24280,914,23,-38258.52709889999,-19129.263549449995,233.15410359679942,50,10
2370,48.85920100790339,7.403745923327088,24.429600503951693,1722,3.0982698412698415,861.0,2370,1185.0,81,81,0,24290,914,23,-38284.52709889999,-19142.263549449995,233.17230730050312,50,10
2371,48.85920100790339,7.403745923327088,24.429600503951693,1732,3.116473544973545,866.0,2371,1185.5,81,81,0,24300,914,23,-38310.52709889999,-19155.263549449995,233.19051100420683,50,10
2372,48.85920100790339,7.403745923327088,24.429600503951693,1742,3.134677248677249,871.0,2372,1186.0,81,81,0,24310,914,23,-38336.52709889999,-19168.263549449995,233.2087147079105,50,10
2373,48.85920100790339,7.403745923327088,24.429600503951693,1752,3.1528809523809525,876.0,2373,1186.5,81,81,0,24320,914,23,-38362.52709889999,-19181.263549449995,233.2269184116142,50,10
2374,48.85920100790339,7.403745923327088,24.429600503951693,1762,3.1710846560846564,881.0,2374,1187.0,81,81,0,24330,914,23,-38388.52709889999,-19194.263549449995,233.2451221153179,50,10
2375,48.85920100790339,7.403745923327088,24.429600503951693,1772,3.18928835978836,886.0,2375,1187.5,81,81,0,24340,914,23,-38414.52709889999,-19207.263549449995,233.26332581902162,50,10
2376,48.85920100790339,7.403745923327088,24.429600503951693,1782,3.2074920634920634,891.0,2376,1188.0,81,81,0,24350,918,23,-38440.52709889999,-19220.263549449995,233.28152952272532,50,10
2377,48.85920100790339,7.403745923327088,24.429600503951693,1792,3.2256957671957673,896.0,2377,1188.5,81,81,0,24360,920,23,-38466.52709889999,-19233.263549449995,233.29973322642903,50,10
2378,48.85920100790339,7.403745923327088,24.429600503951693,1802,3.2438994708994713,901.0,2378,1189.0,81,81,0,24370,920,23,-38492.52709889999,-19246.263549449995,233.31793693013273,50,10
2379,48.85920100790339,7.403745923327088,24.429600503951693,1813,3.264103174603174,906.5,2379,1189.5,81,81,0,24380,920,23,-38520.52709889999,-19260.263549449995,233.33814063383645,50,10
2380,48.85920100790339,7.403745923327088,24.429600503951693,1824,3.2843068783068787,912.0,2380,1190.0,81,81,0,24390,920,23,-38548.52709889999,-19274.263549449995,233.35834433754016,50,10
2381,48.85920100790339,7.403745923327088,24.429600503951693,1835,3.3045105820105816,917.5,2381,1190.5,81,81,0,24400,922,23,-38576.52709889999,-19288.263549449995,233.37854804124385,50,10
2382,48.85920100790339,7.403745923327088,24.429600503951693,1846,3.324714285714286,923.0,2382,1191.0,81,81,0,24410,922,23,-38604.52709889999,-19302.263549449995,233.39875174494756,50,10
2383,48.85920100790339,7.403745923327088,24.429600503951693,1857,3.344917989417989,928.5,2383,1191.5,81,81,0,24420,922,23,-38632.52709889999,-19316.263549449995,233.41895544865125,50,10
2384,48.85920100790339,7.403745923327088,24.429600503951693,1868,3.365121693121693,934.0,2384,1192.0,81,81,0,24430,924,23,-38660.52709889999,-19330.263549449995,233.43915915235496,50,10
2385,48.85920100790339,7.403745923327088,24.429600503951693,1879,3.3853253968253965,939.5,2385,1192.5,81,81,0,24440,924,23,-38688.52709889999,-19344.263549449995,233.45936285605868,50,10
2386,48.85920100790339,7.403745923327088,24.429600503951693,1890,3.4055291005291006,945.0,2386,1193.0,81,81,0,24450,924,23,-38716.52709889999,-19358.263549449995,233.47956655976236,50,10
2387,48.85920100790339,7.403745923327088,24.429600503951693,1901,3.425732804232804,950.5,2387,1193.5,81,81,0,24460,926,23,-38744.52709889999,-19372.263549449995,233.49977026346608,50,10
2388,48.85920100790339,7.403745923327088,24.429600503951693,1912,3.445936507936508,956.0,2388,1194.0,81,81,0,24470,926,23,-38772.52709889999,-19386.263549449995,233.51997396716976,50,10
2389,48.85920100790339,7.403745923327088,24.429600503951693,1924,3.467925925925926,962.0,2389,1194.5,81,81,0,24480,926,23,-38802.52709889999,-19401.263549449995,233.5419633851592,50,10
2390,48.85920100790339,7.403745923327088,24.429600503951693,1936,3.489915343915344,968.0,2390,1195.0,81,81,0,24490,926,23,-38832.52709889999,-19416.263549449995,233.56395280314862,50,10
2391,48.85920100790339,7.403745923327088,24.429600503951693,1948,3.511904761904762,974.0,2391,1195.5,81,81,0,24500,926,23,-38862.52709889999,-19431.263549449995,233.58594222113803,50,10
2392,48.85920100790339,7.403745923327088,24.429600503951693,1960,3.53389417989418,980.0,2392,1196.0,81,81,0,24510,926,23,-38892.52709889999,-19446.263549449995,233.60793163912746,50,10
2393,48.85920100790339,7.403745923327088,24.429600503951693,1972,3.555883597883598,986.0,2393,1196.5,81,81,0,24520,928,23,-38922.52709889999,-19461.263549449995,233.62992105711686,50,10
2394,48.85920100790339,7.403745923327088,24.429600503951693,1984,3.577873015873016,992.0,2394,1197.0,81,81,0,24530,928,23,-38952.52709889999,-19476.263549449995,233.6519104751063,50,10
2395,48.85920100790339,7.403745923327088,24.429600503951693,1996,3.599862433862434,998.0,2395,1197.5,81,81,0,24540,928,23,-38982.52709889999,-19491.263549449995,233.6738998930957,50,10
2396,48.85920100790339,7.403745923327088,24.429600503951693,2008,3.6218518518518517,1004.0,2396,1198.0,81,81,0,24550,928,23,-39012.52709889999,-19506.263549449995,233.69588931108512,50,10
2397,48.85920100790339,7.403745923327088,24.429600503951693,2020,3.64384126984127,1010.0,2397,1198.5,81,81,0,24560,928,23,-39042.52709889999,-19521.263549449995,233.71787872907453,50,10
2398,48.85920100790339,7.403745923327088,24.429600503951693,2032,3.6658306878306877,1016.0,2398,1199.0,81,81,0,24570,928,23,-39072.52709889999,-19536.263549449995,233.73986814706396,50,10
2399,48.85920100790339,7.403745923327088,24.429600503951693,2044,3.687820105820106,1022.0,2399,1199.5,81,81,0,24580,928,23,-39102.52709889999,-19551.263549449995,233.76185756505336,50,10
2400,48.85920100790339,7.403745923327088,24.429600503951693,2056,3.7098095238095237,1028.0,2400,1200.0,81,81,0,24590,928,23,-39132.52709889999,-19566.263549449995,233.7838469830428,50,10
2401,48.85920100790339,7.403745923327088,24.429600503951693,2068,3.7317989417989414,1034.0,2401,1200.5,81,81,0,24600,928,23,-39162.52709889999,-19581.263549449995,233.8058364010322,50,10
2402,48.85920100790339,7.403745923327088,24.429600503951693,2080,3.7537883597883597,1040.0,2402,1201.0,81,81,0,24610,928,23,-39192.52709889999,-19596.263549449995,233.82782581902163,50,10
2403,48.85920100790339,7.403745923327088,24.429600503951693,2092,3.775777777777778,1046.0,2403,1201.5,81,81,0,24620,928,23,-39222.52709889999,-19611.263549449995,233.84981523701106,50,10
2404,48.85920100790339,7.403745923327088,24.429600503951693,2104,3.7977671957671957,1052.0,2404,1202.0,81,81,0,24630,928,23,-39252.52709889999,-19626.263549449995,233.87180465500046,50,10
2405,48.85920100790339,7.403745923327088,24.429600503951693,2116,3.8197566137566135,1058.0,2405,1202.5,81,81,0,24640,928,23,-39282.52709889999,-19641.263549449995,233.8937940729899,50,10
2406,48.85920100790339,7.403745923327088,24.429600503951693,2128,3.8417460317460317,1064.0,2406,1203.0,81,81,0,24650,928,23,-39312.52709889999,-19656.263549449995,233.9157834909793,50,10
2407,48.85920100790339,7.403745923327088,24.429600503951693,2140,3.86373544973545,1070.0,2407,1203.5,81,81,0,24660,928,23,-39342.52709889999,-19671.263549449995,233.93777290896873,50,10
2408,48.85920100790339,7.403745923327088,24.429600503951693,2152,3.8857248677248677,1076.0,2408,1204.0,81,81,0,24670,930,23,-39372.52709889999,-19686.263549449995,233.95976232695813,50,10
2409,48.85920100790339,7.403745923327088,24.429600503951693,2164,3.9077142857142855,1082.0,2409,1204.5,81,81,0,24680,930,23,-39402.52709889999,-19701.263549449995,233.98175174494756,50,10
2410,48.85920100790339,7.403745923327088,24.429600503951693,2176,3.9297037037037037,1088.0,2410,1205.0,81,81,0,24690,930,23,-39432.52709889999,-19716.263549449995,234.00374116293696,50,10
2411,48.85920100790339,7.403745923327088,24.429600503951693,2188,3.951693121693122,1094.0,2411,1205.5,81,81,0,24700,930,23,-39462.52709889999,-19731.263549449995,234.0257305809264,50,10
2412,48.85920100790339,7.403745923327088,24.429600503951693,2200,3.9736825396825397,1100.0,2412,1206.0,81,81,0,24710,930,23,-39492.52709889999,-19746.263549449995,234.0477199989158,50,10
2413,48.85920100790339,7.403745923327088,24.429600503951693,2212,3.995671957671958,1106.0,2413,1206.5,81,81,0,24720,932,23,-39522.52709889999,-19761.263549449995,234.06970941690523,50,10
2414,48.85920100790339,7.403745923327088,24.429600503951693,2224,4.017661375661376,1112.0,2414,1207.0,81,81,0,24730,932,23,-39552.52709889999,-19776.263549449995,234.09169883489463,50,10
2415,48.85920100790339,7.403745923327088,24.429600503951693,2236,4.039650793650794,1118.0,2415,1207.5,81,81,0,24740,934,23,-39582.52709889999,-19791.263549449995,234.11368825288406,50,10
2416,48.85920100790339,7.403745923327088,24.429600503951693,2248,4.061640211640212,1124.0,2416,1208.0,81,81,0,24750,934,23,-39612.52709889999,-19806.263549449995,234.1356776708735,50,10
2417,48.85920100790339,7.403745923327088,24.429600503951693,2260,4.08362962962963,1130.0,2417,1208.5,81,81,0,24760,934,23,-39642.52709889999,-19821.263549449995,234.1576670888629,50,10
2418,48.85920100790339,7.403745923327088,24.429600503951693,2272,4.105619047619047,1136.0,2418,1209.0,81,81,0,24770,934,23,-39672.52709889999,-19836.263549449995,234.17965650685233,50,10
2419,48.85920100790339,7.403745923327088,24.429600503951693,2284,4.127608465608466,1142.0,2419,1209.5,81,81,0,24780,934,23,-39702.52709889999,-19851.263549449995,234.20164592484173,50,10
2420,48.85920100790339,7.403745923327088,24.429600503951693,2296,4.149597883597884,1148.0,2420,1210.0,81,81,0,24790,934,23,-39732.52709889999,-19866.263549449995,234.22363534283116,50,10
2421,48.85920100790339,7.403745923327088,24.429600503951693,2308,4.1715873015873015,1154.0,2421,1210.5,81,81,0,24800,934,23,-39762.52709889999,-19881.263549449995,234.24562476082056,50,10
2422,48.85920100790339,7.403745923327088,24.429600503951693,2320,4.193576719576719,1160.0,2422,1211.0,81,81,0,24810,940,23,-39792.52709889999,-19896.263549449995,234.26761417881,50,10
2423,48.85920100790339,7.403745923327088,24.429600503951693,2332,4.215566137566137,1166.0,2423,1211.5,81,81,0,24820,940,23,-39822.52709889999,-19911.263549449995,234.2896035967994,50,10
2424,48.85920100790339,7.403745923327088,24.429600503951693,2344,4.237555555555556,1172.0,2424,1212.0,81,81,0,24830,942,23,-39852.52709889999,-19926.263549449995,234.31159301478883,50,10
2425,48.85920100790339,7.403745923327088,24.429600503951693,2356,4.2595449735449735,1178.0,2425,1212.5,81,81,0,24840,942,23,-39882.52709889999,-19941.263549449995,234.33358243277823,50,10
2426,48.85920100790339,7.403745923327088,24.429600503951693,2368,4.281534391534391,1184.0,2426,1213.0,81,81,0,24850,942,23,-39912.52709889999,-19956.263549449995,234.35557185076766,50,10
2427,48.85920100790339,7.403745923327088,24.429600503951693,2380,4.303523809523809,1190.0,2427,1213.5,81,81,0,24860,942,23,-39942.52709889999,-19971.263549449995,234.37756126875706,50,10
2428,48.85920100790339,7.403745923327088,24.429600503951693,2392,4.325513227513228,1196.0,2428,1214.0,81,81,0,24870,944,23,-39972.52709889999,-19986.263549449995,234.3995506867465,50,10
2429,48.85920100790339,7.403745923327088,24.429600503951693,2404,4.3475026455026455,1202.0,2429,1214.5,81,81,0,24880,944,23,-40002.52709889999,-20001.263549449995,234.42154010473593,50,10
2430,48.85920100790339,7.403745923327088,24.429600503951693,2416,4.369492063492063,1208.0,2430,1215.0,81,81,0,24890,944,23,-40032.52709889999,-20016.263549449995,234.44352952272533,50,10
2431,48.85920100790339,7.403745923327088,24.429600503951693,2428,4.391481481481481,1214.0,2431,1215.5,81,81,0,24900,944,23,-40062.52709889999,-20031.263549449995,234.46551894071476,50,10
2432,48.85920100790339,7.403745923327088,24.429600503951693,2440,4.4134708994709,1220.0,2432,1216.0,81,81,0,24910,944,23,-40092.52709889999,-20046.263549449995,234.48750835870416,50,10
2433,48.85920100790339,7.403745923327088,24.429600503951693,2452,4.4354603174603175,1226.0,2433,1216.5,81,81,0,24920,944,23,-40122.52709889999,-20061.263549449995,234.5094977766936,50,10
2434,48.85920100790339,7.403745923327088,24.429600503951693,2464,4.457449735449735,1232.0,2434,1217.0,81,81,0,24930,944,23,-40152.52709889999,-20076.263549449995,234.531487194683,50,10
2435,48.85920100790339,7.403745923327088,24.429600503951693,2476,4.479439153439154,1238.0,2435,1217.5,81,81,0,24940,944,23,-40182.52709889999,-20091.263549449995,234.55347661267243,50,10
2436,48.85920100790339,7.403745923327088,24.429600503951693,2488,4.501428571428572,1244.0,2436,1218.0,81,81,0,24950,944,23,-40212.52709889999,-20106.263549449995,234.57546603066183,50,10
2437,48.85920100790339,7.403745923327088,24.429600503951693,2500,4.52341798941799,1250.0,2437,1218.5,81,81,0,24960,944,23,-40242.52709889999,-20121.263549449995,234.59745544865126,50,10
2438,48.85920100790339,7.403745923327088,24.429600503951693,2512,4.545407407407407,1256.0,2438,1219.0,81,81,0,24970,944,23,-40272.52709889999,-20136.263549449995,234.61944486664066,50,10
2439,48.85920100790339,7.403745923327088,24.429600503951693,2524,4.567396825396825,1262.0,2439,1219.5,81,81,0,24980,944,23,-40302.52709889999,-20151.263549449995,234.6414342846301,50,10
2440,48.85920100790339,7.403745923327088,24.429600503951693,2536,4.589386243386243,1268.0,2440,1220.0,81,81,0,24990,944,23,-40332.52709889999,-20166.263549449995,234.6634237026195,50,10
2441,48.85920100790339,7.403745923327088,24.429600503951693,2548,4.611375661375662,1274.0,2441,1220.5,81,81,0,25000,944,23,-40362.52709889999,-20181.263549449995,234.68541312060893,50,10
2442,48.85920100790339,7.403745923327088,24.429600503951693,2560,4.633365079365079,1280.0,2442,1221.0,81,81,0,25010,944,23,-40392.52709889999,-20196.263549449995,234.70740253859836,50,10
2443,48.85920100790339,7.403745923327088,24.429600503951693,2572,4.655354497354498,1286.0,2443,1221.5,81,81,0,25020,944,23,-40422.52709889999,-20211.263549449995,234.72939195658776,50,10
2444,48.85920100790339,7.403745923327088,24.429600503951693,2584,4.677343915343915,1292.0,2444,1222.0,81,81,0,25030,944,23,-40452.52709889999,-20226.263549449995,234.7513813745772,50,10
2445,48.85920100790339,7.403745923327088,24.429600503951693,2596,4.699333333333334,1298.0,2445,1222.5,81,81,0,25040,944,23,-40482.52709889999,-20241.263549449995,234.7733707925666,50,10
2446,48.85920100790339,7.403745923327088,24.429600503951693,2608,4.7213227513227505,1304.0,2446,1223.0,81,81,0,25050,946,23,-40512.52709889999,-20256.263549449995,234.79536021055603,50,10
2447,48.85920100790339,7.403745923327088,24.429600503951693,2620,4.74331216931217,1310.0,2447,1223.5,81,81,0,25060,946,23,-40542.52709889999,-20271.263549449995,234.81734962854543,50,10
2448,48.85920100790339,7.403745923327088,24.429600503951693,2632,4.765301587301588,1316.0,2448,1224.0,81,81,0,25070,950,23,-40572.52709889999,-20286.263549449995,234.83933904653486,50,10
2449,48.85920100790339,7.403745923327088,24.429600503951693,2644,4.787291005291006,1322.0,2449,1224.5,81,81,0,25080,950,23,-40602.52709889999,-20301.263549449995,234.86132846452426,50,10
2450,48.85920100790339,7.403745923327088,24.429600503951693,2656,4.8092804232804225,1328.0,2450,1225.0,81,81,0,25090,950,23,-40632.52709889999,-20316.263549449995,234.8833178825137,50,10
2451,48.85920100790339,7.403745923327088,24.429600503951693,2668,4.831269841269842,1334.0,2451,1225.5,81,81,0,25100,952,23,-40662.52709889999,-20331.263549449995,234.9053073005031,50,10
2452,48.85920100790339,7.403745923327088,24.429600503951693,2680,4.853259259259259,1340.0,2452,1226.0,81,81,0,25110,952,23,-40692.52709889999,-20346.263549449995,234.92729671849253,50,10
2453,48.85920100790339,7.403745923327088,24.429600503951693,2692,4.875248677248678,1346.0,2453,1226.5,81,81,0,25120,954,23,-40722.52709889999,-20361.263549449995,234.94928613648196,50,10
2454,48.85920100790339,7.403745923327088,24.429600503951693,2705,4.899023809523809,1352.5,2454,1227.0,81,81,0,25130,954,23,-40754.52709889999,-20377.263549449995,234.97306126875708,50,10
2455,48.85920100790339,7.403745923327088,24.429600503951693,2718,4.922798941798942,1359.0,2455,1227.5,81,81,0,25140,954,23,-40786.52709889999,-20393.263549449995,234.9968364010322,50,10
2456,48.85920100790339,7.403745923327088,24.429600503951693,2731,4.946574074074075,1365.5,2456,1228.0,81,81,0,25150,954,23,-40818.52709889999,-20409.263549449995,235.02061153330735,50,10
2457,48.85920100790339,7.403745923327088,24.429600503951693,2744,4.970349206349206,1372.0,2457,1228.5,81,81,0,25160,954,23,-40850.52709889999,-20425.263549449995,235.04438666558246,50,10
2458,48.85920100790339,7.403745923327088,24.429600503951693,2757,4.994124338624339,1378.5,2458,1229.0,81,81,0,25170,954,23,-40882.52709889999,-20441.263549449995,235.0681617978576,50,10
2459,48.85920100790339,7.403745923327088,24.429600503951693,2770,5.017899470899471,1385.0,2459,1229.5,81,81,0,25180,954,23,-40914.52709889999,-20457.263549449995,235.09193693013273,50,10
2460,48.85920100790339,7.403745923327088,24.429600503951693,2783,5.041674603174603,1391.5,2460,1230.0,81,81,0,25190,956,23,-40946.52709889999,-20473.263549449995,235.11571206240788,50,10
2461,48.85920100790339,7.403745923327088,24.429600503951693,2796,5.065449735449735,1398.0,2461,1230.5,81,81,0,25200,956,23,-40978.52709889999,-20489.263549449995,235.139487194683,50,10
2462,48.85920100790339,7.403745923327088,24.429600503951693,2809,5.089224867724867,1404.5,2462,1231.0,81,81,0,25210,958,23,-41010.52709889999,-20505.263549449995,235.16326232695815,50,10
2463,48.85920100790339,7.403745923327088,24.429600503951693,2822,5.113,1411.0,2463,1231.5,81,81,0,25220,958,23,-41042.52709889999,-20521.263549449995,235.18703745923327,50,10
2464,48.85920100790339,7.403745923327088,24.429600503951693,2835,5.136775132275132,1417.5,2464,1232.0,81,81,0,25230,958,23,-41074.52709889999,-20537.263549449995,235.2108125915084,50,10
2465,48.85920100790339,7.403745923327088,24.429600503951693,2848,5.160550264550264,1424.0,2465,1232.5,81,81,0,25240,958,23,-41106.52709889999,-20553.263549449995,235.23458772378353,50,10
2466,48.85920100790339,7.403745923327088,24.429600503951693,2861,5.184325396825397,1430.5,2466,1233.0,81,81,0,25250,958,23,-41138.52709889999,-20569.263549449995,235.25836285605865,50,10
2467,48.85920100790339,7.403745923327088,24.429600503951693,2874,5.20810052910053,1437.0,2467,1233.5,81,81,0,25260,958,23,-41170.52709889999,-20585.263549449995,235.2821379883338,50,10
2468,48.85920100790339,7.403745923327088,24.429600503951693,2887,5.231875661375661,1443.5,2468,1234.0,81,81,0,25270,958,23,-41202.52709889999,-20601.263549449995,235.30591312060892,50,10
2469,48.85920100790339,7.403745923327088,24.429600503951693,2900,5.255650793650793,1450.0,2469,1234.5,81,81,0,25280,958,23,-41234.52709889999,-20617.263549449995,235.32968825288407,50,10
2470,48.85920100790339,7.403745923327088,24.429600503951693,2913,5.279425925925926,1456.5,2470,1235.0,81,81,0,25290,958,23,-41266.52709889999,-20633.263549449995,235.3534633851592,50,10
2471,48.85920100790339,7.403745923327088,24.429600503951693,2926,5.303201058201058,1463.0,2471,1235.5,81,81,0,25300,958,23,-41298.52709889999,-20649.263549449995,235.37723851743434,50,10
2472,48.85920100790339,7.403745923327088,24.429600503951693,2939,5.326976190476191,1469.5,2472,1236.0,81,81,0,25310,958,23,-41330.52709889999,-20665.263549449995,235.40101364970945,50,10
2473,48.85920100790339,7.403745923327088,24.429600503951693,2952,5.350751322751322,1476.0,2473,1236.5,81,81,0,25320,960,23,-41362.52709889999,-20681.263549449995,235.4247887819846,50,10
2474,48.85920100790339,7.403745923327088,24.429600503951693,2965,5.374526455026455,1482.5,2474,1237.0,81,81,0,25330,960,23,-41394.52709889999,-20697.263549449995,235.44856391425972,50,10
2475,48.85920100790339,7.403745923327088,24.429600503951693,2978,5.398301587301587,1489.0,2475,1237.5,81,81,0,25340,960,23,-41426.52709889999,-20713.263549449995,235.47233904653484,50,10
2476,48.85920100790339,7.403745923327088,24.429600503951693,2991,5.4220767195767205,1495.5,2476,1238.0,81,81,0,25350,960,23,-41458.52709889999,-20729.263549449995,235.49611417881,50,10
2477,48.85920100790339,7.403745923327088,24.429600503951693,3004,5.4458518518518515,1502.0,2477,1238.5,81,81,0,25360,960,23,-41490.52709889999,-20745.263549449995,235.5198893110851,50,10
2478,48.85920100790339,7.403745923327088,24.429600503951693,3017,5.469626984126984,1508.5,2478,1239.0,81,81,0,25370,960,23,-41522.52709889999,-20761.263549449995,235.54366444336026,50,10
2479,48.85920100790339,7.403745923327088,24.429600503951693,3030,5.493402116402116,1515.0,2479,1239.5,81,81,0,25380,960,23,-41554.52709889999,-20777.263549449995,235.56743957563538,50,10
2480,48.85920100790339,7.403745923327088,24.429600503951693,3043,5.517177248677249,1521.5,2480,1240.0,81,81,0,25390,960,23,-41586.52709889999,-20793.263549449995,235.59121470791052,50,10
2481,48.85920100790339,7.403745923327088,24.429600503951693,3056,5.54095238095238,1528.0,2481,1240.5,81,81,0,25400,960,23,-41618.52709889999,-20809.263549449995,235.61498984018564,50,10
2482,48.85920100790339,7.403745923327088,24.429600503951693,3069,5.564727513227514,1534.5,2482,1241.0,81,81,0,25410,960,23,-41650.52709889999,-20825.263549449995,235.6387649724608,50,10
2483,48.85920100790339,7.403745923327088,24.429600503951693,3082,5.588502645502645,1541.0,2483,1241.5,81,81,0,25420,960,23,-41682.52709889999,-20841.263549449995,235.6625401047359,50,10
2484,48.85920100790339,7.403745923327088,24.429600503951693,3095,5.612277777777778,1547.5,2484,1242.0,81,81,0,25430,960,23,-41714.52709889999,-20857.263549449995,235.68631523701106,50,10
2485,48.85920100790339,7.403745923327088,24.429600503951693,3108,5.636052910052909,1554.0,2485,1242.5,81,81,0,25440,960,23,-41746.52709889999,-20873.263549449995,235.71009036928618,50,10
2486,48.85920100790339,7.403745923327088,24.429600503951693,3122,5.6616137566137565,1561.0,2486,1243.0,81,81,0,25450,960,23,-41780.52709889999,-20890.263549449995,235.735651215847,50,10
2487,48.85920100790339,7.403745923327088,24.429600503951693,3136,5.687174603174603,1568.0,2487,1243.5,81,81,0,25460,960,23,-41814.52709889999,-20907.263549449995,235.76121206240788,50,10
2488,48.85920100790339,7.403745923327088,24.429600503951693,3150,5.712735449735449,1575.0,2488,1244.0,81,81,0,25470,962,23,-41848.52709889999,-20924.263549449995,235.78677290896871,50,10
2489,48.85920100790339,7.403745923327088,24.429600503951693,3164,5.738296296296295,1582.0,2489,1244.5,81,81,0,25480,962,23,-41882.52709889999,-20941.263549449995,235.81233375552955,50,10
2490,48.85920100790339,7.403745923327088,24.429600503951693,3178,5.763857142857145,1589.0,2490,1245.0,81,81,0,25490,962,23,-41916.52709889999,-20958.263549449995,235.83789460209042,50,10
2491,48.85920100790339,7.403745923327088,24.429600503951693,3192,5.78941798941799,1596.0,2491,1245.5,81,81,0,25500,964,23,-41950.52709889999,-20975.263549449995,235.86345544865125,50,10
2492,48.85920100790339,7.403745923327088,24.429600503951693,3206,5.8149788359788355,1603.0,2492,1246.0,81,81,0,25510,964,23,-41984.52709889999,-20992.263549449995,235.88901629521212,50,10
2493,48.85920100790339,7.403745923327088,24.429600503951693,3220,5.840539682539681,1610.0,2493,1246.5,81,81,0,25520,964,23,-42018.52709889999,-21009.263549449995,235.91457714177295,50,10
2494,48.85920100790339,7.403745923327088,24.429600503951693,3234,5.86610052910053,1617.0,2494,1247.0,81,81,0,25530,964,23,-42052.52709889999,-21026.263549449995,235.9401379883338,50,10
2495,48.85920100790339,7.403745923327088,24.429600503951693,3248,5.891661375661375,1624.0,2495,1247.5,81,81,0,25540,964,23,-42086.52709889999,-21043.263549449995,235.96569883489465,50,10
2496,48.85920100790339,7.403745923327088,24.429600503951693,3262,5.917222222222223,1631.0,2496,1248.0,81,81,0,25550,964,23,-42120.52709889999,-21060.263549449995,235.9912596814555,50,10
2497,48.85920100790339,7.403745923327088,24.429600503951693,3276,5.942783068783068,1638.0,2497,1248.5,81,81,0,25560,966,23,-42154.52709889999,-21077.263549449995,236.01682052801632,50,10
2498,48.85920100790339,7.403745923327088,24.429600503951693,3290,5.968343915343916,1645.0,2498,1249.0,81,81,0,25570,966,23,-42188.52709889999,-21094.263549449995,236.0423813745772,50,10
2499,48.85920100790339,7.403745923327088,24.429600503951693,3304,5.993904761904762,1652.0,2499,1249.5,81,81,0,25580,966,23,-42222.52709889999,-21111.263549449995,236.06794222113803,50,10
2500,48.85920100790339,7.403745923327088,24.429600503951693,2757,5.017679894179894,1378.5,2500,1250.0,81,81,0,25590,966,24,-42274.52709889999,-21137.263549449995,245.09171735341317,50,10
2501,48.85920100790339,7.403745923327088,24.429600503951693,2770,5.041455026455026,1385.0,2501,1250.5,81,81,0,25600,966,24,-42306.52709889999,-21153.263549449995,245.1154924856883,50,10
2502,48.85920100790339,7.403745923327088,24.429600503951693,2783,5.065230158730159,1391.5,2502,1251.0,81,81,0,25610,966,24,-42338.52709889999,-21169.263549449995,245.13926761796344,50,10
2503,48.85920100790339,7.403745923327088,24.429600503951693,2796,5.08900529100529,1398.0,2503,1251.5,81,81,0,25620,966,24,-42370.52709889999,-21185.263549449995,245.16304275023856,50,10
2504,48.85920100790339,7.403745923327088,24.429600503951693,2809,5.112780423280424,1404.5,2504,1252.0,81,81,0,25630,966,24,-42402.52709889999,-21201.263549449995,245.18681788251368,50,10
2505,48.85920100790339,7.403745923327088,24.429600503951693,2822,5.136555555555557,1411.0,2505,1252.5,81,81,0,25640,966,24,-42434.52709889999,-21217.263549449995,245.21059301478883,50,10
2506,48.85920100790339,7.403745923327088,24.429600503951693,2835,5.1603306878306885,1417.5,2506,1253.0,81,81,0,25650,966,24,-42466.52709889999,-21233.263549449995,245.23436814706395,50,10
2507,48.85920100790339,7.403745923327088,24.429600503951693,2848,5.18410582010582,1424.0,2507,1253.5,81,81,0,25660,966,24,-42498.52709889999,-21249.263549449995,245.2581432793391,50,10
2508,48.85920100790339,7.403745923327088,24.429600503951693,2861,5.207880952380953,1430.5,2508,1254.0,81,81,0,25670,966,24,-42530.52709889999,-21265.263549449995,245.2819184116142,50,10
2509,48.85920100790339,7.403745923327088,24.429600503951693,2874,5.231656084656086,1437.0,2509,1254.5,81,81,0,25680,966,24,-42562.52709889999,-21281.263549449995,245.30569354388936,50,10
2510,48.85920100790339,7.403745923327088,24.429600503951693,2887,5.255431216931218,1443.5,2510,1255.0,81,81,0,25690,968,24,-42594.52709889999,-21297.263549449995,245.32946867616448,50,10
2511,48.85920100790339,7.403745923327088,24.429600503951693,2900,5.279206349206349,1450.0,2511,1255.5,81,81,0,25700,968,24,-42626.52709889999,-21313.263549449995,245.35324380843963,50,10
2512,48.85920100790339,7.403745923327088,24.429600503951693,2913,5.302981481481481,1456.5,2512,1256.0,81,81,0,25710,968,24,-42658.52709889999,-21329.263549449995,245.37701894071475,50,10
2513,48.85920100790339,7.403745923327088,24.429600503951693,2927,5.328542328042328,1463.5,2513,1256.5,81,81,0,25720,968,24,-42692.52709889999,-21346.263549449995,245.40257978727558,50,10
2514,48.85920100790339,7.403745923327088,24.429600503951693,2941,5.354103174603175,1470.5,2514,1257.0,81,81,0,25730,968,24,-42726.52709889999,-21363.263549449995,245.42814063383645,50,10
2515,48.85920100790339,7.403745923327088,24.429600503951693,2955,5.379664021164021,1477.5,2515,1257.5,81,81,0,25740,970,24,-42760.52709889999,-21380.263549449995,245.45370148039729,50,10
2516,48.85920100790339,7.403745923327088,24.429600503951693,2969,5.4052248677248675,1484.5,2516,1258.0,81,81,0,25750,970,24,-42794.52709889999,-21397.263549449995,245.47926232695812,50,10
2517,48.85920100790339,7.403745923327088,24.429600503951693,2983,5.430785714285714,1491.5,2517,1258.5,81,81,0,25760,970,24,-42828.52709889999,-21414.263549449995,245.504823173519,50,10
2518,48.85920100790339,7.403745923327088,24.429600503951693,2997,5.45634656084656,1498.5,2518,1259.0,81,81,0,25770,970,24,-42862.52709889999,-21431.263549449995,245.53038402007982,50,10
2519,48.85920100790339,7.403745923327088,24.429600503951693,3011,5.481907407407408,1505.5,2519,1259.5,81,81,0,25780,970,24,-42896.52709889999,-21448.263549449995,245.5559448666407,50,10
2520,48.85920100790339,7.403745923327088,24.429600503951693,3025,5.507468253968255,1512.5,2520,1260.0,81,81,0,25790,970,24,-42930.52709889999,-21465.263549449995,245.58150571320152,50,10
2521,48.85920100790339,7.403745923327088,24.429600503951693,3039,5.533029100529101,1519.5,2521,1260.5,81,81,0,25800,970,24,-42964.52709889999,-21482.263549449995,245.60706655976236,50,10
2522,48.85920100790339,7.403745923327088,24.429600503951693,3053,5.558589947089947,1526.5,2522,1261.0,81,81,0,25810,972,24,-42998.52709889999,-21499.263549449995,245.63262740632322,50,10
2523,48.85920100790339,7.403745923327088,24.429600503951693,3067,5.584150793650794,1533.5,2523,1261.5,81,81,0,25820,972,24,-43032.52709889999,-21516.263549449995,245.65818825288406,50,10
2524,48.85920100790339,7.403745923327088,24.429600503951693,3081,5.60971164021164,1540.5,2524,1262.0,81,81,0,25830,972,24,-43066.52709889999,-21533.263549449995,245.6837490994449,50,10
2525,48.85920100790339,7.403745923327088,24.429600503951693,3095,5.635272486772488,1547.5,2525,1262.5,81,81,0,25840,974,24,-43100.52709889999,-21550.263549449995,245.70930994600576,50,10
2526,48.85920100790339,7.403745923327088,24.429600503951693,3109,5.660833333333334,1554.5,2526,1263.0,81,81,0,25850,976,24,-43134.52709889999,-21567.263549449995,245.7348707925666,50,10
2527,48.85920100790339,7.403745923327088,24.429600503951693,3123,5.6863941798941795,1561.5,2527,1263.5,81,81,0,25860,976,24,-43168.52709889999,-21584.263549449995,245.76043163912746,50,10
2528,48.85920100790339,7.403745923327088,24.429600503951693,3137,5.711955026455026,1568.5,2528,1264.0,81,81,0,25870,976,24,-43202.52709889999,-21601.263549449995,245.7859924856883,50,10
2529,48.85920100790339,7.403745923327088,24.429600503951693,3151,5.737515873015873,1575.5,2529,1264.5,81,81,0,25880,976,24,-43236.52709889999,-21618.263549449995,245.81155333224913,50,10
2530,48.85920100790339,7.403745923327088,24.429600503951693,3165,5.76307671957672,1582.5,2530,1265.0,81,81,0,25890,978,24,-43270.52709889999,-21635.263549449995,245.83711417881,50,10
2531,48.85920100790339,7.403745923327088,24.429600503951693,3179,5.788637566137567,1589.5,2531,1265.5,81,81,0,25900,978,24,-43304.52709889999,-21652.263549449995,245.86267502537083,50,10
2532,48.85920100790339,7.403745923327088,24.429600503951693,3193,5.8141984126984125,1596.5,2532,1266.0,81,81,0,25910,978,24,-43338.52709889999,-21669.263549449995,245.88823587193167,50,10
2533,48.85920100790339,7.403745923327088,24.429600503951693,3207,5.839759259259259,1603.5,2533,1266.5,81,81,0,25920,978,24,-43372.52709889999,-21686.263549449995,245.91379671849253,50,10
2534,48.85920100790339,7.403745923327088,24.429600503951693,3221,5.865320105820106,1610.5,2534,1267.0,81,81,0,25930,980,24,-43406.52709889999,-21703.263549449995,245.93935756505337,50,10
2535,48.85920100790339,7.403745923327088,24.429600503951693,3235,5.890880952380952,1617.5,2535,1267.5,81,81,0,25940,980,24,-43440.52709889999,-21720.263549449995,245.9649184116142,50,10
2536,48.85920100790339,7.403745923327088,24.429600503951693,3249,5.916441798941799,1624.5,2536,1268.0,81,81,0,25950,982,24,-43474.52709889999,-21737.263549449995,245.99047925817507,50,10
2537,48.85920100790339,7.403745923327088,24.429600503951693,3263,5.942002645502646,1631.5,2537,1268.5,81,81,0,25960,982,24,-43508.52709889999,-21754.263549449995,246.0160401047359,50,10
2538,48.85920100790339,7.403745923327088,24.429600503951693,3277,5.9675634920634915,1638.5,2538,1269.0,81,81,0,25970,982,24,-43542.52709889999,-21771.263549449995,246.04160095129677,50,10
2539,48.85920100790339,7.403745923327088,24.429600503951693,3291,5.993124338624339,1645.5,2539,1269.5,81,81,0,25980,982,24,-43576.52709889999,-21788.263549449995,246.0671617978576,50,10
2540,48.85920100790339,7.403745923327088,24.429600503951693,3305,6.018685185185186,1652.5,2540,1270.0,81,81,0,25990,982,24,-43610.52709889999,-21805.263549449995,246.09272264441844,50,10
2541,48.85920100790339,7.403745923327088,24.429600503951693,3320,6.046031746031746,1660.0,2541,1270.5,81,81,0,26000,982,24,-43646.52709889999,-21823.263549449995,246.12006920526503,50,10
2542,48.85920100790339,7.403745923327088,24.429600503951693,3335,6.073378306878307,1667.5,2542,1271.0,81,81,0,26010,982,24,-43682.52709889999,-21841.263549449995,246.14741576611158,50,10
2543,48.85920100790339,7.403745923327088,24.429600503951693,3350,6.100724867724868,1675.0,2543,1271.5,81,81,0,26020,982,24,-43718.52709889999,-21859.263549449995,246.17476232695813,50,10
2544,48.85920100790339,7.403745923327088,24.429600503951693,3365,6.128071428571429,1682.5,2544,1272.0,81,81,0,26030,984,24,-43754.52709889999,-21877.263549449995,246.20210888780468,50,10
2545,48.85920100790339,7.403745923327088,24.429600503951693,3380,6.155417989417989,1690.0,2545,1272.5,81,81,0,26040,984,24,-43790.52709889999,-21895.263549449995,246.22945544865127,50,10
2546,48.85920100790339,7.403745923327088,24.429600503951693,3395,6.18276455026455,1697.5,2546,1273.0,81,81,0,26050,984,24,-43826.52709889999,-21913.263549449995,246.25680200949782,50,10
2547,48.85920100790339,7.403745923327088,24.429600503951693,3410,6.210111111111112,1705.0,2547,1273.5,81,81,0,26060,986,24,-43862.52709889999,-21931.263549449995,246.28414857034437,50,10
2548,48.85920100790339,7.403745923327088,24.429600503951693,3425,6.237457671957673,1712.5,2548,1274.0,81,81,0,26070,986,24,-43898.52709889999,-21949.263549449995,246.31149513119095,50,10
2549,48.85920100790339,7.403745923327088,24.429600503951693,3440,6.2648042328042335,1720.0,2549,1274.5,81,81,0,26080,986,24,-43934.52709889999,-21967.263549449995,246.3388416920375,50,10
2550,48.85920100790339,7.403745923327088,24.429600503951693,3455,6.292150793650793,1727.5,2550,1275.0,81,81,0,26090,986,24,-43970.52709889999,-21985.263549449995,246.36618825288406,50,10
2551,48.85920100790339,7.403745923327088,24.429600503951693,3470,6.319497354497355,1735.0,2551,1275.5,81,81,0,26100,988,24,-44006.52709889999,-22003.263549449995,246.3935348137306,50,10
2552,48.85920100790339,7.403745923327088,24.429600503951693,3486,6.348629629629629,1743.0,2552,1276.0,81,81,0,26110,988,24,-44044.52709889999,-22022.263549449995,246.4226670888629,50,10
2553,48.85920100790339,7.403745923327088,24.429600503951693,3502,6.377761904761906,1751.0,2553,1276.5,81,81,0,26120,988,24,-44082.52709889999,-22041.263549449995,246.45179936399518,50,10
2554,48.85920100790339,7.403745923327088,24.429600503951693,3518,6.40689417989418,1759.0,2554,1277.0,81,81,0,26130,988,24,-44120.52709889999,-22060.263549449995,246.48093163912745,50,10
2555,48.85920100790339,7.403745923327088,24.429600503951693,3534,6.436026455026455,1767.0,2555,1277.5,81,81,0,26140,992,24,-44158.52709889999,-22079.263549449995,246.51006391425972,50,10
2556,48.85920100790339,7.403745923327088,24.429600503951693,3550,6.46515873015873,1775.0,2556,1278.0,81,81,0,26150,992,24,-44196.52709889999,-22098.263549449995,246.539196189392,50,10
2557,48.85920100790339,7.403745923327088,24.429600503951693,3566,6.4942910052910054,1783.0,2557,1278.5,81,81,0,26160,992,24,-44234.52709889999,-22117.263549449995,246.56832846452428,50,10
2558,48.85920100790339,7.403745923327088,24.429600503951693,3582,6.52342328042328,1791.0,2558,1279.0,81,81,0,26170,994,24,-44272.52709889999,-22136.263549449995,246.59746073965655,50,10
2559,48.85920100790339,7.403745923327088,24.429600503951693,3598,6.552555555555556,1799.0,2559,1279.5,81,81,0,26180,994,24,-44310.52709889999,-22155.263549449995,246.62659301478882,50,10
2560,48.85920100790339,7.403745923327088,24.429600503951693,3614,6.58168783068783,1807.0,2560,1280.0,81,81,0,26190,994,24,-44348.52709889999,-22174.263549449995,246.6557252899211,50,10
2561,48.85920100790339,7.403745923327088,24.429600503951693,3630,6.610820105820106,1815.0,2561,1280.5,81,81,0,26200,994,24,-44386.52709889999,-22193.263549449995,246.68485756505336,50,10
2562,48.85920100790339,7.403745923327088,24.429600503951693,3646,6.639952380952381,1823.0,2562,1281.0,81,81,0,26210,994,24,-44424.52709889999,-22212.263549449995,246.71398984018566,50,10
2563,48.85920100790339,7.403745923327088,24.429600503951693,3662,6.669084656084656,1831.0,2563,1281.5,81,81,0,26220,994,24,-44462.52709889999,-22231.263549449995,246.74312211531793,50,10
2564,48.85920100790339,7.403745923327088,24.429600503951693,3678,6.6982169312169315,1839.0,2564,1282.0,81,81,0,26230,994,24,-44500.52709889999,-22250.263549449995,246.7722543904502,50,10
2565,48.85920100790339,7.403745923327088,24.429600503951693,3694,6.727349206349206,1847.0,2565,1282.5,81,81,0,26240,994,24,-44538.52709889999,-22269.263549449995,246.80138666558247,50,10
2566,48.85920100790339,7.403745923327088,24.429600503951693,3710,6.756481481481482,1855.0,2566,1283.0,81,81,0,26250,994,24,-44576.52709889999,-22288.263549449995,246.83051894071474,50,10
2567,48.85920100790339,7.403745923327088,24.429600503951693,3726,6.785613756613756,1863.0,2567,1283.5,81,81,0,26260,994,24,-44614.52709889999,-22307.263549449995,246.85965121584704,50,10
2568,48.85920100790339,7.403745923327088,24.429600503951693,3742,6.814746031746032,1871.0,2568,1284.0,81,81,0,26270,996,24,-44652.52709889999,-22326.263549449995,246.8887834909793,50,10
2569,48.85920100790339,7.403745923327088,24.429600503951693,3758,6.843878306878307,1879.0,2569,1284.5,81,81,0,26280,996,24,-44690.52709889999,-22345.263549449995,246.91791576611158,50,10
2570,48.85920100790339,7.403745923327088,24.429600503951693,3774,6.873010582010583,1887.0,2570,1285.0,81,81,0,26290,996,24,-44728.52709889999,-22364.263549449995,246.94704804124385,50,10
2571,48.85920100790339,7.403745923327088,24.429600503951693,3790,6.902142857142858,1895.0,2571,1285.5,81,81,0,26300,996,24,-44766.52709889999,-22383.263549449995,246.97618031637612,50,10
2572,48.85920100790339,7.403745923327088,24.429600503951693,3806,6.9312751322751325,1903.0,2572,1286.0,81,81,0,26310,996,24,-44804.52709889999,-22402.263549449995,247.00531259150839,50,10
2573,48.85920100790339,7.403745923327088,24.429600503951693,3822,6.960407407407407,1911.0,2573,1286.5,81,81,0,26320,996,24,-44842.52709889999,-22421.263549449995,247.03444486664068,50,10
2574,48.85920100790339,7.403745923327088,24.429600503951693,3838,6.989539682539683,1919.0,2574,1287.0,81,81,0,26330,996,24,-44880.52709889999,-22440.263549449995,247.06357714177295,50,10
2575,48.85920100790339,7.403745923327088,24.429600503951693,3854,7.018671957671957,1927.0,2575,1287.5,81,81,0,26340,996,24,-44918.52709889999,-22459.263549449995,247.09270941690522,50,10
2576,48.85920100790339,7.403745923327088,24.429600503951693,3870,7.047804232804232,1935.0,2576,1288.0,81,81,0,26350,996,24,-44956.52709889999,-22478.263549449995,247.1218416920375,50,10
2577,48.85920100790339,7.403745923327088,24.429600503951693,3886,7.076936507936508,1943.0,2577,1288.5,81,81,0,26360,996,24,-44994.52709889999,-22497.263549449995,247.15097396716976,50,10
2578,48.85920100790339,7.403745923327088,24.429600503951693,3902,7.1060687830687845,1951.0,2578,1289.0,81,81,0,26370,996,24,-45032.52709889999,-22516.263549449995,247.18010624230206,50,10
2579,48.85920100790339,7.403745923327088,24.429600503951693,3918,7.1352010582010585,1959.0,2579,1289.5,81,81,0,26380,996,24,-45070.52709889999,-22535.263549449995,247.20923851743433,50,10
2580,48.85920100790339,7.403745923327088,24.429600503951693,3934,7.1643333333333326,1967.0,2580,1290.0,81,81,0,26390,996,24,-45108.52709889999,-22554.263549449995,247.2383707925666,50,10
2581,48.85920100790339,7.403745923327088,24.429600503951693,3950,7.193465608465608,1975.0,2581,1290.5,81,81,0,26400,998,24,-45146.52709889999,-22573.263549449995,247.26750306769887,50,10
2582,48.85920100790339,7.403745923327088,24.429600503951693,3966,7.222597883597884,1983.0,2582,1291.0,81,81,0,26410,998,24,-45184.52709889999,-22592.263549449995,247.29663534283114,50,10
2583,48.85920100790339,7.403745923327088,24.429600503951693,3982,7.251730158730158,1991.0,2583,1291.5,81,81,0,26420,1000,24,-45222.52709889999,-22611.263549449995,247.32576761796344,50,10
2584,48.85920100790339,7.403745923327088,24.429600503951693,3998,7.280862433862434,1999.0,2584,1292.0,81,81,0,26430,1000,24,-45260.52709889999,-22630.263549449995,247.3548998930957,50,10
2585,48.85920100790339,7.403745923327088,24.429600503951693,4014,7.30999470899471,2007.0,2585,1292.5,81,81,0,26440,1000,24,-45298.52709889999,-22649.263549449995,247.38403216822798,50,10
2586,48.85920100790339,7.403745923327088,24.429600503951693,4031,7.340912698412699,2015.5,2586,1293.0,81,81,0,26450,1000,24,-45338.52709889999,-22669.263549449995,247.41495015764596,50,10
2587,48.85920100790339,7.403745923327088,24.429600503951693,4048,7.371830687830688,2024.0,2587,1293.5,81,81,0,26460,1000,24,-45378.52709889999,-22689.263549449995,247.44586814706395,50,10
2588,48.85920100790339,7.403745923327088,24.429600503951693,4065,7.4027486772486775,2032.5,2588,1294.0,81,81,0,26470,1000,24,-45418.52709889999,-22709.263549449995,247.47678613648193,50,10
2589,48.85920100790339,7.403745923327088,24.429600503951693,4082,7.433666666666666,2041.0,2589,1294.5,81,81,0,26480,1000,24,-45458.52709889999,-22729.263549449995,247.50770412589992,50,10
2590,48.85920100790339,7.403745923327088,24.429600503951693,4099,7.464584656084656,2049.5,2590,1295.0,81,81,0,26490,1000,24,-45498.52709889999,-22749.263549449995,247.53862211531793,50,10
2591,48.85920100790339,7.403745923327088,24.429600503951693,4116,7.495502645502645,2058.0,2591,1295.5,81,81,0,26500,1000,24,-45538.52709889999,-22769.263549449995,247.56954010473592,50,10
2592,48.85920100790339,7.403745923327088,24.429600503951693,4133,7.526420634920636,2066.5,2592,1296.0,81,81,0,26510,1000,24,-45578.52709889999,-22789.263549449995,247.6004580941539,50,10
2593,48.85920100790339,7.403745923327088,24.429600503951693,4150,7.557338624338625,2075.0,2593,1296.5,81,81,0,26520,1000,24,-45618.52709889999,-22809.263549449995,247.6313760835719,50,10
2594,48.85920100790339,7.403745923327088,24.429600503951693,3606,6.586470899470899,1803.0,2594,1297.0,81,81,0,26530,1002,25,-45676.52709889999,-22838.263549449995,256.6605083587042,50,10
2595,48.85920100790339,7.403745923327088,24.429600503951693,3622,6.615603174603174,1811.0,2595,1297.5,81,81,0,26540,1004,25,-45714.52709889999,-22857.263549449995,256.68964063383646,50,10
2596,48.85920100790339,7.403745923327088,24.429600503951693,3638,6.64473544973545,1819.0,2596,1298.0,81,81,0,26550,1004,25,-45752.52709889999,-22876.263549449995,256.71877290896873,50,10
2597,48.85920100790339,7.403745923327088,24.429600503951693,3654,6.673867724867725,1827.0,2597,1298.5,81,81,0,26560,1006,25,-45790.52709889999,-22895.263549449995,256.747905184101,50,10
2598,48.85920100790339,7.403745923327088,24.429600503951693,3670,6.703,1835.0,2598,1299.0,81,81,0,26570,1006,25,-45828.52709889999,-22914.263549449995,256.77703745923327,50,10
2599,48.85920100790339,7.403745923327088,24.429600503951693,3686,6.732132275132275,1843.0,2599,1299.5,81,81,0,26580,1006,25,-45866.52709889999,-22933.263549449995,256.8061697343656,50,10
2600,48.85920100790339,7.403745923327088,24.429600503951693,3702,6.76126455026455,1851.0,2600,1300.0,81,81,0,26590,1008,25,-45904.52709889999,-22952.263549449995,256.83530200949787,50,10
2601,48.85920100790339,7.403745923327088,24.429600503951693,3718,6.790396825396826,1859.0,2601,1300.5,81,81,0,26600,1008,25,-45942.52709889999,-22971.263549449995,256.86443428463014,50,10
2602,48.85920100790339,7.403745923327088,24.429600503951693,3735,6.8215291005291,1867.5,2602,1301.0,81,81,0,26610,1008,25,-45982.52709889999,-22991.263549449995,256.8955665597624,50,10
2603,48.85920100790339,7.403745923327088,24.429600503951693,3752,6.852661375661374,1876.0,2603,1301.5,81,81,0,26620,1010,25,-46022.52709889999,-23011.263549449995,256.9266988348947,50,10
2604,48.85920100790339,7.403745923327088,24.429600503951693,3769,6.883793650793651,1884.5,2604,1302.0,81,81,0,26630,1010,25,-46062.52709889999,-23031.263549449995,256.957831110027,50,10
2605,48.85920100790339,7.403745923327088,24.429600503951693,3786,6.914925925925926,1893.0,2605,1302.5,81,81,0,26640,1010,25,-46102.52709889999,-23051.263549449995,256.9889633851592,50,10
2606,48.85920100790339,7.403745923327088,24.429600503951693,3803,6.946058201058202,1901.5,2606,1303.0,81,81,0,26650,1012,25,-46142.52709889999,-23071.263549449995,257.0200956602915,50,10
2607,48.85920100790339,7.403745923327088,24.429600503951693,3820,6.977190476190475,1910.0,2607,1303.5,81,81,0,26660,1012,25,-46182.52709889999,-23091.263549449995,257.05122793542375,50,10
2608,48.85920100790339,7.403745923327088,24.429600503951693,3837,7.008322751322751,1918.5,2608,1304.0,81,81,0,26670,1014,25,-46222.52709889999,-23111.263549449995,257.08236021055603,50,10
2609,48.85920100790339,7.403745923327088,24.429600503951693,3854,7.039455026455027,1927.0,2609,1304.5,81,81,0,26680,1018,25,-46262.52709889999,-23131.263549449995,257.1134924856883,50,10
2610,48.85920100790339,7.403745923327088,24.429600503951693,3871,7.070587301587301,1935.5,2610,1305.0,81,81,0,26690,1018,25,-46302.52709889999,-23151.263549449995,257.1446247608206,50,10
2611,48.85920100790339,7.403745923327088,24.429600503951693,3888,7.101719576719575,1944.0,2611,1305.5,81,81,0,26700,1018,25,-46342.52709889999,-23171.263549449995,257.17575703595287,50,10
2612,48.85920100790339,7.403745923327088,24.429600503951693,3905,7.132851851851852,1952.5,2612,1306.0,81,81,0,26710,1020,25,-46382.52709889999,-23191.263549449995,257.20688931108515,50,10
2613,48.85920100790339,7.403745923327088,24.429600503951693,3922,7.163984126984127,1961.0,2613,1306.5,81,81,0,26720,1020,25,-46422.52709889999,-23211.263549449995,257.2380215862174,50,10
2614,48.85920100790339,7.403745923327088,24.429600503951693,3939,7.195116402116401,1969.5,2614,1307.0,81,81,0,26730,1020,25,-46462.52709889999,-23231.263549449995,257.2691538613497,50,10
2615,48.85920100790339,7.403745923327088,24.429600503951693,3956,7.226248677248677,1978.0,2615,1307.5,81,81,0,26740,1020,25,-46502.52709889999,-23251.263549449995,257.300286136482,50,10
2616,48.85920100790339,7.403745923327088,24.429600503951693,3973,7.257380952380952,1986.5,2616,1308.0,81,81,0,26750,1020,25,-46542.52709889999,-23271.263549449995,257.33141841161427,50,10
2617,48.85920100790339,7.403745923327088,24.429600503951693,3990,7.288513227513227,1995.0,2617,1308.5,81,81,0,26760,1020,25,-46582.52709889999,-23291.263549449995,257.36255068674654,50,10
2618,48.85920100790339,7.403745923327088,24.429600503951693,4007,7.319645502645502,2003.5,2618,1309.0,81,81,0,26770,1020,25,-46622.52709889999,-23311.263549449995,257.3936829618788,50,10
2619,48.85920100790339,7.403745923327088,24.429600503951693,4024,7.350777777777776,2012.0,2619,1309.5,81,81,0,26780,1020,25,-46662.52709889999,-23331.263549449995,257.42481523701105,50,10
2620,48.85920100790339,7.403745923327088,24.429600503951693,4041,7.3819100529100545,2020.5,2620,1310.0,81,81,0,26790,1020,25,-46702.52709889999,-23351.263549449995,257.4559475121433,50,10
2621,48.85920100790339,7.403745923327088,24.429600503951693,4058,7.4130423280423265,2029.0,2621,1310.5,81,81,0,26800,1020,25,-46742.52709889999,-23371.263549449995,257.4870797872756,50,10
2622,48.85920100790339,7.403745923327088,24.429600503951693,4075,7.444174603174603,2037.5,2622,1311.0,81,81,0,26810,1020,25,-46782.52709889999,-23391.263549449995,257.5182120624079,50,10
2623,48.85920100790339,7.403745923327088,24.429600503951693,4092,7.475306878306878,2046.0,2623,1311.5,81,81,0,26820,1020,25,-46822.52709889999,-23411.263549449995,257.54934433754016,50,10
2624,48.85920100790339,7.403745923327088,24.429600503951693,4109,7.506439153439154,2054.5,2624,1312.0,81,81,0,26830,1020,25,-46862.52709889999,-23431.263549449995,257.58047661267244,50,10
2625,48.85920100790339,7.403745923327088,24.429600503951693,4126,7.53757142857143,2063.0,2625,1312.5,81,81,0,26840,1020,25,-46902.52709889999,-23451.263549449995,257.6116088878047,50,10
2626,48.85920100790339,7.403745923327088,24.429600503951693,4143,7.568703703703704,2071.5,2626,1313.0,81,81,0,26850,1020,25,-46942.52709889999,-23471.263549449995,257.642741162937,50,10
2627,48.85920100790339,7.403745923327088,24.429600503951693,4160,7.599835978835979,2080.0,2627,1313.5,81,81,0,26860,1020,25,-46982.52709889999,-23491.263549449995,257.6738734380693,50,10
2628,48.85920100790339,7.403745923327088,24.429600503951693,4177,7.630968253968254,2088.5,2628,1314.0,81,81,0,26870,1022,25,-47022.52709889999,-23511.263549449995,257.70500571320156,50,10
2629,48.85920100790339,7.403745923327088,24.429600503951693,4194,7.662100529100529,2097.0,2629,1314.5,81,81,0,26880,1022,25,-47062.52709889999,-23531.263549449995,257.73613798833384,50,10
2630,48.85920100790339,7.403745923327088,24.429600503951693,4211,7.693232804232804,2105.5,2630,1315.0,81,81,0,26890,1022,25,-47102.52709889999,-23551.263549449995,257.7672702634661,50,10
2631,48.85920100790339,7.403745923327088,24.429600503951693,4228,7.7243650793650795,2114.0,2631,1315.5,81,81,0,26900,1022,25,-47142.52709889999,-23571.263549449995,257.7984025385984,50,10
2632,48.85920100790339,7.403745923327088,24.429600503951693,4245,7.755497354497355,2122.5,2632,1316.0,81,81,0,26910,1022,25,-47182.52709889999,-23591.263549449995,257.8295348137307,50,10
2633,48.85920100790339,7.403745923327088,24.429600503951693,4262,7.786629629629629,2131.0,2633,1316.5,81,81,0,26920,1024,25,-47222.52709889999,-23611.263549449995,257.8606670888629,50,10
2634,48.85920100790339,7.403745923327088,24.429600503951693,4279,7.8177619047619045,2139.5,2634,1317.0,81,81,0,26930,1024,25,-47262.52709889999,-23631.263549449995,257.8917993639952,50,10
2635,48.85920100790339,7.403745923327088,24.429600503951693,4296,7.84889417989418,2148.0,2635,1317.5,81,81,0,26940,1026,25,-47302.52709889999,-23651.263549449995,257.92293163912746,50,10
2636,48.85920100790339,7.403745923327088,24.429600503951693,4313,7.880026455026456,2156.5,2636,1318.0,81,81,0,26950,1026,25,-47342.52709889999,-23671.263549449995,257.95406391425973,50,10
2637,48.85920100790339,7.403745923327088,24.429600503951693,4330,7.91115873015873,2165.0,2637,1318.5,81,81,0,26960,1026,25,-47382.52709889999,-23691.263549449995,257.985196189392,50,10
2638,48.85920100790339,7.403745923327088,24.429600503951693,4347,7.942291005291005,2173.5,2638,1319.0,81,81,0,26970,1026,25,-47422.52709889999,-23711.263549449995,258.0163284645243,50,10
2639,48.85920100790339,7.403745923327088,24.429600503951693,4364,7.97342328042328,2182.0,2639,1319.5,81,81,0,26980,1026,25,-47462.52709889999,-23731.263549449995,258.0474607396566,50,10
2640,48.85920100790339,7.403745923327088,24.429600503951693,4381,8.004555555555557,2190.5,2640,1320.0,81,81,0,26990,1026,25,-47502.52709889999,-23751.263549449995,258.07859301478885,50,10
2641,48.85920100790339,7.403745923327088,24.429600503951693,4398,8.03568783068783,2199.0,2641,1320.5,81,81,0,27000,1026,25,-47542.52709889999,-23771.263549449995,258.10972528992113,50,10
2642,48.85920100790339,7.403745923327088,24.429600503951693,4415,8.066820105820105,2207.5,2642,1321.0,81,81,0,27010,1026,25,-47582.52709889999,-23791.263549449995,258.1408575650534,50,10
2643,48.85920100790339,7.403745923327088,24.429600503951693,4432,8.097952380952382,2216.0,2643,1321.5,81,81,0,27020,1026,25,-47622.52709889999,-23811.263549449995,258.1719898401857,50,10
2644,48.85920100790339,7.403745923327088,24.429600503951693,4449,8.129084656084657,2224.5,2644,1322.0,81,81,0,27030,1026,25,-47662.52709889999,-23831.263549449995,258.20312211531797,50,10
2645,48.85920100790339,7.403745923327088,24.429600503951693,4466,8.160216931216931,2233.0,2645,1322.5,81,81,0,27040,1028,25,-47702.52709889999,-23851.263549449995,258.23425439045025,50,10
2646,48.85920100790339,7.403745923327088,24.429600503951693,4483,8.191349206349205,2241.5,2646,1323.0,81,81,0,27050,1028,25,-47742.52709889999,-23871.263549449995,258.2653866655825,50,10
2647,48.85920100790339,7.403745923327088,24.429600503951693,4500,8.22248148148148,2250.0,2647,1323.5,81,81,0,27060,1028,25,-47782.52709889999,-23891.263549449995,258.2965189407148,50,10
2648,48.85920100790339,7.403745923327088,24.429600503951693,4517,8.253613756613758,2258.5,2648,1324.0,81,81,0,27070,1028,25,-47822.52709889999,-23911.263549449995,258.327651215847,50,10
2649,48.85920100790339,7.403745923327088,24.429600503951693,4534,8.284746031746032,2267.0,2649,1324.5,81,81,0,27080,1028,25,-47862.52709889999,-23931.263549449995,258.3587834909793,50,10
2650,48.85920100790339,7.403745923327088,24.429600503951693,4551,8.315878306878306,2275.5,2650,1325.0,81,81,0,27090,1028,25,-47902.52709889999,-23951.263549449995,258.3899157661116,50,10
2651,48.85920100790339,7.403745923327088,24.429600503951693,4568,8.347010582010583,2284.0,2651,1325.5,81,81,0,27100,1028,25,-47942.52709889999,-23971.263549449995,258.42104804124386,50,10
2652,48.85920100790339,7.403745923327088,24.429600503951693,4585,8.378142857142858,2292.5,2652,1326.0,81,81,0,27110,1030,25,-47982.52709889999,-23991.263549449995,258.45218031637614,50,10
2653,48.85920100790339,7.403745923327088,24.429600503951693,4602,8.409275132275132,2301.0,2653,1326.5,81,81,0,27120,1030,25,-48022.52709889999,-24011.263549449995,258.4833125915084,50,10
2654,48.85920100790339,7.403745923327088,24.429600503951693,4619,8.440407407407408,2309.5,2654,1327.0,81,81,0,27130,1030,25,-48062.52709889999,-24031.263549449995,258.5144448666407,50,10
2655,48.85920100790339,7.403745923327088,24.429600503951693,4636,8.471539682539682,2318.0,2655,1327.5,81,81,0,27140,1030,25,-48102.52709889999,-24051.263549449995,258.545577141773,50,10
2656,48.85920100790339,7.403745923327088,24.429600503951693,4653,8.502671957671957,2326.5,2656,1328.0,81,81,0,27150,1030,25,-48142.52709889999,-24071.263549449995,258.57670941690526,50,10
2657,48.85920100790339,7.403745923327088,24.429600503951693,4670,8.533804232804233,2335.0,2657,1328.5,81,81,0,27160,1032,25,-48182.52709889999,-24091.263549449995,258.60784169203754,50,10
2658,48.85920100790339,7.403745923327088,24.429600503951693,4687,8.564936507936508,2343.5,2658,1329.0,81,81,0,27170,1032,25,-48222.52709889999,-24111.263549449995,258.6389739671698,50,10
2659,48.85920100790339,7.403745923327088,24.429600503951693,4704,8.596068783068784,2352.0,2659,1329.5,81,81,0,27180,1032,25,-48262.52709889999,-24131.263549449995,258.6701062423021,50,10
2660,48.85920100790339,7.403745923327088,24.429600503951693,4721,8.627201058201061,2360.5,2660,1330.0,81,81,0,27190,1032,25,-48302.52709889999,-24151.263549449995,258.7012385174344,50,10
2661,48.85920100790339,7.403745923327088,24.429600503951693,4738,8.658333333333333,2369.0,2661,1330.5,81,81,0,27200,1032,25,-48342.52709889999,-24171.263549449995,258.73237079256666,50,10
2662,48.85920100790339,7.403745923327088,24.429600503951693,4755,8.689465608465609,2377.5,2662,1331.0,81,81,0,27210,1032,25,-48382.52709889999,-24191.263549449995,258.7635030676989,50,10
2663,48.85920100790339,7.403745923327088,24.429600503951693,4772,8.720597883597883,2386.0,2663,1331.5,81,81,0,27220,1034,25,-48422.52709889999,-24211.263549449995,258.79463534283116,50,10
2664,48.85920100790339,7.403745923327088,24.429600503951693,4789,8.75173015873016,2394.5,2664,1332.0,81,81,0,27230,1034,25,-48462.52709889999,-24231.263549449995,258.82576761796344,50,10
2665,48.85920100790339,7.403745923327088,24.429600503951693,4806,8.782862433862434,2403.0,2665,1332.5,81,81,0,27240,1034,25,-48502.52709889999,-24251.263549449995,258.8568998930957,50,10
2666,48.85920100790339,7.403745923327088,24.429600503951693,4823,8.81399470899471,2411.5,2666,1333.0,81,81,0,27250,1034,25,-48542.52709889999,-24271.263549449995,258.888032168228,50,10
2667,48.85920100790339,7.403745923327088,24.429600503951693,4840,8.845126984126985,2420.0,2667,1333.5,81,81,0,27260,1034,25,-48582.52709889999,-24291.263549449995,258.9191644433603,50,10
2668,48.85920100790339,7.403745923327088,24.429600503951693,4857,8.87625925925926,2428.5,2668,1334.0,81,81,0,27270,1034,25,-48622.52709889999,-24311.263549449995,258.95029671849255,50,10
2669,48.85920100790339,7.403745923327088,24.429600503951693,4874,8.907391534391534,2437.0,2669,1334.5,81,81,0,27280,1034,25,-48662.52709889999,-24331.263549449995,258.98142899362483,50,10
2670,48.85920100790339,7.403745923327088,24.429600503951693,4891,8.93852380952381,2445.5,2670,1335.0,81,81,0,27290,1034,25,-48702.52709889999,-24351.263549449995,259.0125612687571,50,10
2671,48.85920100790339,7.403745923327088,24.429600503951693,4908,8.969656084656085,2454.0,2671,1335.5,81,81,0,27300,1034,25,-48742.52709889999,-24371.263549449995,259.0436935438894,50,10
2672,48.85920100790339,7.403745923327088,24.429600503951693,4925,9.000788359788361,2462.5,2672,1336.0,81,81,0,27310,1034,25,-48782.52709889999,-24391.263549449995,259.07482581902167,50,10
2673,48.85920100790339,7.403745923327088,24.429600503951693,4942,9.031920634920635,2471.0,2673,1336.5,81,81,0,27320,1034,25,-48822.52709889999,-24411.263549449995,259.10595809415395,50,10
2674,48.85920100790339,7.403745923327088,24.429600503951693,4959,9.06305291005291,2479.5,2674,1337.0,81,81,0,27330,1034,25,-48862.52709889999,-24431.263549449995,259.1370903692862,50,10
2675,48.85920100790339,7.403745923327088,24.429600503951693,4976,9.094185185185186,2488.0,2675,1337.5,81,81,0,27340,1034,25,-48902.52709889999,-24451.263549449995,259.1682226444185,50,10
2676,48.85920100790339,7.403745923327088,24.429600503951693,4993,9.12531746031746,2496.5,2676,1338.0,81,81,0,27350,1034,25,-48942.52709889999,-24471.263549449995,259.19935491955073,50,10
2677,48.85920100790339,7.403745923327088,24.429600503951693,5010,9.156449735449737,2505.0,2677,1338.5,81,81,0,27360,1036,25,-48982.52709889999,-24491.263549449995,259.230487194683,50,10
2678,48.85920100790339,7.403745923327088,24.429600503951693,5027,9.187582010582009,2513.5,2678,1339.0,81,81,0,27370,1036,25,-49022.52709889999,-24511.263549449995,259.2616194698153,50,10
2679,48.85920100790339,7.403745923327088,24.429600503951693,5044,9.218714285714285,2522.0,2679,1339.5,81,81,0,27380,1036,25,-49062.52709889999,-24531.263549449995,259.29275174494757,50,10
2680,48.85920100790339,7.403745923327088,24.429600503951693,5061,9.249846560846562,2530.5,2680,1340.0,81,81,0,27390,1038,25,-49102.52709889999,-24551.263549449995,259.32388402007984,50,10
2681,48.85920100790339,7.403745923327088,24.429600503951693,5078,9.280978835978836,2539.0,2681,1340.5,81,81,0,27400,1038,25,-49142.52709889999,-24571.263549449995,259.3550162952121,50,10
2682,48.85920100790339,7.403745923327088,24.429600503951693,5095,9.312111111111111,2547.5,2682,1341.0,81,81,0,27410,1040,25,-49182.52709889999,-24591.263549449995,259.3861485703444,50,10
2683,48.85920100790339,7.403745923327088,24.429600503951693,4551,8.341457671957672,2275.5,2683,1341.5,81,81,0,27420,1040,26,-49240.52709889999,-24620.263549449995,268.415495131191,50,10
2684,48.85920100790339,7.403745923327088,24.429600503951693,4567,8.370804232804232,2283.5,2684,1342.0,81,81,0,27430,1040,26,-49278.52709889999,-24639.263549449995,268.4448416920375,50,10
2685,48.85920100790339,7.403745923327088,24.429600503951693,4583,8.400150793650793,2291.5,2685,1342.5,81,81,0,27440,1040,26,-49316.52709889999,-24658.263549449995,268.47418825288406,50,10
2686,48.85920100790339,7.403745923327088,24.429600503951693,4599,8.429497354497355,2299.5,2686,1343.0,81,81,0,27450,1040,26,-49354.52709889999,-24677.263549449995,268.50353481373065,50,10
2687,48.85920100790339,7.403745923327088,24.429600503951693,4615,8.458843915343916,2307.5,2687,1343.5,81,81,0,27460,1040,26,-49392.52709889999,-24696.263549449995,268.5328813745772,50,10
2688,48.85920100790339,7.403745923327088,24.429600503951693,4631,8.488190476190475,2315.5,2688,1344.0,81,81,0,27470,1040,26,-49430.52709889999,-24715.263549449995,268.5622279354238,50,10
2689,48.85920100790339,7.403745923327088,24.429600503951693,4647,8.51753703703704,2323.5,2689,1344.5,81,81,0,27480,1042,26,-49468.52709889999,-24734.263549449995,268.5915744962703,50,10
2690,48.85920100790339,7.403745923327088,24.429600503951693,4663,8.546883597883598,2331.5,2690,1345.0,81,81,0,27490,1042,26,-49506.52709889999,-24753.263549449995,268.6209210571169,50,10
2691,48.85920100790339,7.403745923327088,24.429600503951693,4679,8.576230158730159,2339.5,2691,1345.5,81,81,0,27500,1042,26,-49544.52709889999,-24772.263549449995,268.65026761796344,50,10
2692,48.85920100790339,7.403745923327088,24.429600503951693,4695,8.605576719576721,2347.5,2692,1346.0,81,81,0,27510,1042,26,-49582.52709889999,-24791.263549449995,268.67961417881,50,10
2693,48.85920100790339,7.403745923327088,24.429600503951693,4711,8.634923280423282,2355.5,2693,1346.5,81,81,0,27520,1042,26,-49620.52709889999,-24810.263549449995,268.70896073965656,50,10
2694,48.85920100790339,7.403745923327088,24.429600503951693,4727,8.66426984126984,2363.5,2694,1347.0,81,81,0,27530,1042,26,-49658.52709889999,-24829.263549449995,268.73830730050315,50,10
2695,48.85920100790339,7.403745923327088,24.429600503951693,4743,8.693616402116403,2371.5,2695,1347.5,81,81,0,27540,1042,26,-49696.52709889999,-24848.263549449995,268.7676538613497,50,10
2696,48.85920100790339,7.403745923327088,24.429600503951693,4759,8.722962962962963,2379.5,2696,1348.0,81,81,0,27550,1042,26,-49734.52709889999,-24867.263549449995,268.7970004221963,50,10
2697,48.85920100790339,7.403745923327088,24.429600503951693,4775,8.752309523809524,2387.5,2697,1348.5,81,81,0,27560,1042,26,-49772.52709889999,-24886.263549449995,268.8263469830428,50,10
2698,48.85920100790339,7.403745923327088,24.429600503951693,4791,8.781656084656085,2395.5,2698,1349.0,81,81,0,27570,1042,26,-49810.52709889999,-24905.263549449995,268.8556935438894,50,10
2699,48.85920100790339,7.403745923327088,24.429600503951693,4807,8.811002645502647,2403.5,2699,1349.5,81,81,0,27580,1042,26,-49848.52709889999,-24924.263549449995,268.88504010473594,50,10
2700,48.85920100790339,7.403745923327088,24.429600503951693,4823,8.840349206349206,2411.5,2700,1350.0,81,81,0,27590,1044,26,-49886.52709889999,-24943.263549449995,268.9143866655825,50,10
2701,48.85920100790339,7.403745923327088,24.429600503951693,4839,8.869695767195768,2419.5,2701,1350.5,81,81,0,27600,1044,26,-49924.52709889999,-24962.263549449995,268.94373322642906,50,10
2702,48.85920100790339,7.403745923327088,24.429600503951693,4855,8.899042328042329,2427.5,2702,1351.0,81,81,0,27610,1044,26,-49962.52709889999,-24981.263549449995,268.97307978727565,50,10
2703,48.85920100790339,7.403745923327088,24.429600503951693,4871,8.92838888888889,2435.5,2703,1351.5,81,81,0,27620,1044,26,-50000.52709889999,-25000.263549449995,269.0024263481222,50,10
2704,48.85920100790339,7.403745923327088,24.429600503951693,4887,8.95773544973545,2443.5,2704,1352.0,81,81,0,27630,1044,26,-50038.52709889999,-25019.263549449995,269.0317729089687,50,10
2705,48.85920100790339,7.403745923327088,24.429600503951693,4903,8.987082010582013,2451.5,2705,1352.5,81,81,0,27640,1046,26,-50076.52709889999,-25038.263549449995,269.0611194698153,50,10
2706,48.85920100790339,7.403745923327088,24.429600503951693,4919,9.016428571428571,2459.5,2706,1353.0,81,81,0,27650,1046,26,-50114.52709889999,-25057.263549449995,269.09046603066184,50,10
2707,48.85920100790339,7.403745923327088,24.429600503951693,4935,9.045775132275132,2467.5,2707,1353.5,81,81,0,27660,1046,26,-50152.52709889999,-25076.263549449995,269.11981259150843,50,10
2708,48.85920100790339,7.403745923327088,24.429600503951693,4951,9.075121693121693,2475.5,2708,1354.0,81,81,0,27670,1046,26,-50190.52709889999,-25095.263549449995,269.14915915235497,50,10
2709,48.85920100790339,7.403745923327088,24.429600503951693,4967,9.104468253968253,2483.5,2709,1354.5,81,81,0,27680,1046,26,-50228.52709889999,-25114.263549449995,269.17850571320156,50,10
2710,48.85920100790339,7.403745923327088,24.429600503951693,4983,9.133814814814816,2491.5,2710,1355.0,81,81,0,27690,1048,26,-50266.52709889999,-25133.263549449995,269.2078522740481,50,10
2711,48.85920100790339,7.403745923327088,24.429600503951693,4999,9.163161375661375,2499.5,2711,1355.5,81,81,0,27700,1048,26,-50304.52709889999,-25152.263549449995,269.2371988348947,50,10
2712,48.85920100790339,7.403745923327088,24.429600503951693,5015,9.192507936507935,2507.5,2712,1356.0,81,81,0,27710,1048,26,-50342.52709889999,-25171.263549449995,269.2665453957412,50,10
2713,48.85920100790339,7.403745923327088,24.429600503951693,5031,9.2218544973545,2515.5,2713,1356.5,81,81,0,27720,1048,26,-50380.52709889999,-25190.263549449995,269.2958919565878,50,10
2714,48.85920100790339,7.403745923327088,24.429600503951693,5047,9.251201058201058,2523.5,2714,1357.0,81,81,0,27730,1048,26,-50418.52709889999,-25209.263549449995,269.32523851743434,50,10
2715,48.85920100790339,7.403745923327088,24.429600503951693,5063,9.280547619047619,2531.5,2715,1357.5,81,81,0,27740,1048,26,-50456.52709889999,-25228.263549449995,269.35458507828093,50,10
2716,48.85920100790339,7.403745923327088,24.429600503951693,5079,9.309894179894181,2539.5,2716,1358.0,81,81,0,27750,1048,26,-50494.52709889999,-25247.263549449995,269.38393163912747,50,10
2717,48.85920100790339,7.403745923327088,24.429600503951693,5095,9.33924074074074,2547.5,2717,1358.5,81,81,0,27760,1050,26,-50532.52709889999,-25266.263549449995,269.41327819997406,50,10
2718,48.85920100790339,7.403745923327088,24.429600503951693,5111,9.3685873015873,2555.5,2718,1359.0,81,81,0,27770,1050,26,-50570.52709889999,-25285.263549449995,269.4426247608206,50,10
2719,48.85920100790339,7.403745923327088,24.429600503951693,5127,9.397933862433861,2563.5,2719,1359.5,81,81,0,27780,1050,26,-50608.52709889999,-25304.263549449995,269.4719713216672,50,10
2720,48.85920100790339,7.403745923327088,24.429600503951693,5143,9.42728042328042,2571.5,2720,1360.0,81,81,0,27790,1052,26,-50646.52709889999,-25323.263549449995,269.5013178825137,50,10
2721,48.85920100790339,7.403745923327088,24.429600503951693,5159,9.456626984126986,2579.5,2721,1360.5,81,81,0,27800,1054,26,-50684.52709889999,-25342.263549449995,269.5306644433603,50,10
2722,48.85920100790339,7.403745923327088,24.429600503951693,5175,9.485973544973543,2587.5,2722,1361.0,81,81,0,27810,1054,26,-50722.52709889999,-25361.263549449995,269.56001100420684,50,10
2723,48.85920100790339,7.403745923327088,24.429600503951693,5191,9.515320105820106,2595.5,2723,1361.5,81,81,0,27820,1054,26,-50760.52709889999,-25380.263549449995,269.5893575650534,50,10
2724,48.85920100790339,7.403745923327088,24.429600503951693,5207,9.544666666666668,2603.5,2724,1362.0,81,81,0,27830,1054,26,-50798.52709889999,-25399.263549449995,269.61870412589997,50,10
2725,48.85920100790339,7.403745923327088,24.429600503951693,4663,8.574079365079365,2331.5,2725,1362.5,81,81,0,27840,1054,27,-50856.52709889999,-25428.263549449995,278.64811682431264,50,10
2726,48.85920100790339,7.403745923327088,24.429600503951693,4679,8.603492063492062,2339.5,2726,1363.0,81,81,0,27850,1054,27,-50894.52709889999,-25447.263549449995,278.67752952272537,50,10
2727,48.85920100790339,7.403745923327088,24.429600503951693,4695,8.632904761904761,2347.5,2727,1363.5,81,81,0,27860,1054,27,-50932.52709889999,-25466.263549449995,278.70694222113804,50,10
2728,48.85920100790339,7.403745923327088,24.429600503951693,4711,8.66231746031746,2355.5,2728,1364.0,81,81,0,27870,1054,27,-50970.52709889999,-25485.263549449995,278.73635491955076,50,10
2729,48.85920100790339,7.403745923327088,24.429600503951693,4727,8.69173015873016,2363.5,2729,1364.5,81,81,0,27880,1054,27,-51008.52709889999,-25504.263549449995,278.76576761796343,50,10
2730,48.85920100790339,7.403745923327088,24.429600503951693,4743,8.721142857142857,2371.5,2730,1365.0,81,81,0,27890,1054,27,-51046.52709889999,-25523.263549449995,278.79518031637616,50,10
2731,48.85920100790339,7.403745923327088,24.429600503951693,4759,8.750555555555556,2379.5,2731,1365.5,81,81,0,27900,1054,27,-51084.52709889999,-25542.263549449995,278.82459301478883,50,10
2732,48.85920100790339,7.403745923327088,24.429600503951693,4775,8.779968253968255,2387.5,2732,1366.0,81,81,0,27910,1056,27,-51122.52709889999,-25561.263549449995,278.85400571320156,50,10
2733,48.85920100790339,7.403745923327088,24.429600503951693,4791,8.809380952380954,2395.5,2733,1366.5,81,81,0,27920,1056,27,-51160.52709889999,-25580.263549449995,278.88341841161423,50,10
2734,48.85920100790339,7.403745923327088,24.429600503951693,4807,8.83879365079365,2403.5,2734,1367.0,81,81,0,27930,1056,27,-51198.52709889999,-25599.263549449995,278.91283111002696,50,10
2735,48.85920100790339,7.403745923327088,24.429600503951693,4823,8.86820634920635,2411.5,2735,1367.5,81,81,0,27940,1056,27,-51236.52709889999,-25618.263549449995,278.9422438084396,50,10
2736,48.85920100790339,7.403745923327088,24.429600503951693,4839,8.897619047619049,2419.5,2736,1368.0,81,81,0,27950,1056,27,-51274.52709889999,-25637.263549449995,278.97165650685236,50,10
2737,48.85920100790339,7.403745923327088,24.429600503951693,4855,8.927031746031746,2427.5,2737,1368.5,81,81,0,27960,1056,27,-51312.52709889999,-25656.263549449995,279.001069205265,50,10
2738,48.85920100790339,7.403745923327088,24.429600503951693,4871,8.956444444444443,2435.5,2738,1369.0,81,81,0,27970,1056,27,-51350.52709889999,-25675.263549449995,279.03048190367775,50,10
2739,48.85920100790339,7.403745923327088,24.429600503951693,4887,8.985857142857142,2443.5,2739,1369.5,81,81,0,27980,1056,27,-51388.52709889999,-25694.263549449995,279.0598946020904,50,10
2740,48.85920100790339,7.403745923327088,24.429600503951693,4903,9.015269841269843,2451.5,2740,1370.0,81,81,0,27990,1056,27,-51426.52709889999,-25713.263549449995,279.08930730050315,50,10
2741,48.85920100790339,7.403745923327088,24.429600503951693,4919,9.044682539682539,2459.5,2741,1370.5,81,81,0,28000,1056,27,-51464.52709889999,-25732.263549449995,279.1187199989158,50,10
2742,48.85920100790339,7.403745923327088,24.429600503951693,4935,9.074095238095238,2467.5,2742,1371.0,81,81,0,28010,1056,27,-51502.52709889999,-25751.263549449995,279.14813269732855,50,10
2743,48.85920100790339,7.403745923327088,24.429600503951693,4951,9.103507936507937,2475.5,2743,1371.5,81,81,0,28020,1056,27,-51540.52709889999,-25770.263549449995,279.1775453957412,50,10
2744,48.85920100790339,7.403745923327088,24.429600503951693,4967,9.132920634920634,2483.5,2744,1372.0,81,81,0,28030,1058,27,-51578.52709889999,-25789.263549449995,279.20695809415395,50,10
2745,48.85920100790339,7.403745923327088,24.429600503951693,4983,9.162333333333335,2491.5,2745,1372.5,81,81,0,28040,1058,27,-51616.52709889999,-25808.263549449995,279.2363707925666,50,10
2746,48.85920100790339,7.403745923327088,24.429600503951693,4999,9.191746031746032,2499.5,2746,1373.0,81,81,0,28050,1058,27,-51654.52709889999,-25827.263549449995,279.26578349097935,50,10
2747,48.85920100790339,7.403745923327088,24.429600503951693,4474,8.219306878306877,2237.0,2747,1373.5,81,81,0,28060,1058,28,-51710.52709889999,-25855.263549449995,288.2933443375402,50,10
2748,48.85920100790339,7.403745923327088,24.429600503951693,4489,8.246867724867727,2244.5,2748,1374.0,81,81,0,28070,1058,28,-51746.52709889999,-25873.263549449995,288.32090518410104,50,10
2749,48.85920100790339,7.403745923327088,24.429600503951693,4504,8.274428571428572,2252.0,2749,1374.5,81,81,0,28080,1058,28,-51782.52709889999,-25891.263549449995,288.3484660306619,50,10
2750,48.85920100790339,7.403745923327088,24.429600503951693,4519,8.301989417989418,2259.5,2750,1375.0,81,81,0,28090,1058,28,-51818.52709889999,-25909.263549449995,288.3760268772227,50,10
2751,48.85920100790339,7.403745923327088,24.429600503951693,4534,8.329550264550262,2267.0,2751,1375.5,81,81,0,28100,1060,28,-51854.52709889999,-25927.263549449995,288.4035877237836,50,10
2752,48.85920100790339,7.403745923327088,24.429600503951693,4549,8.357111111111113,2274.5,2752,1376.0,81,81,0,28110,1062,28,-51890.52709889999,-25945.263549449995,288.4311485703444,50,10
2753,48.85920100790339,7.403745923327088,24.429600503951693,4564,8.384671957671959,2282.0,2753,1376.5,81,81,0,28120,1062,28,-51926.52709889999,-25963.263549449995,288.45870941690526,50,10
2754,48.85920100790339,7.403745923327088,24.429600503951693,4579,8.412232804232804,2289.5,2754,1377.0,81,81,0,28130,1064,28,-51962.52709889999,-25981.263549449995,288.4862702634661,50,10
2755,48.85920100790339,7.403745923327088,24.429600503951693,4594,8.439793650793652,2297.0,2755,1377.5,81,81,0,28140,1064,28,-51998.52709889999,-25999.263549449995,288.51383111002696,50,10
2756,48.85920100790339,7.403745923327088,24.429600503951693,4609,8.467354497354497,2304.5,2756,1378.0,81,81,0,28150,1064,28,-52034.52709889999,-26017.263549449995,288.5413919565878,50,10
2757,48.85920100790339,7.403745923327088,24.429600503951693,4624,8.494915343915345,2312.0,2757,1378.5,81,81,0,28160,1066,28,-52070.52709889999,-26035.263549449995,288.56895280314865,50,10
2758,48.85920100790339,7.403745923327088,24.429600503951693,4639,8.52247619047619,2319.5,2758,1379.0,81,81,0,28170,1066,28,-52106.52709889999,-26053.263549449995,288.5965136497095,50,10
2759,48.85920100790339,7.403745923327088,24.429600503951693,4654,8.550037037037036,2327.0,2759,1379.5,81,81,0,28180,1066,28,-52142.52709889999,-26071.263549449995,288.62407449627034,50,10
2760,48.85920100790339,7.403745923327088,24.429600503951693,4669,8.577597883597884,2334.5,2760,1380.0,81,81,0,28190,1068,28,-52178.52709889999,-26089.263549449995,288.6516353428312,50,10
2761,48.85920100790339,7.403745923327088,24.429600503951693,4684,8.605158730158731,2342.0,2761,1380.5,81,81,0,28200,1068,28,-52214.52709889999,-26107.263549449995,288.67919618939203,50,10
2762,48.85920100790339,7.403745923327088,24.429600503951693,4699,8.632719576719577,2349.5,2762,1381.0,81,81,0,28210,1068,28,-52250.52709889999,-26125.263549449995,288.7067570359529,50,10
2763,48.85920100790339,7.403745923327088,24.429600503951693,4714,8.660280423280422,2357.0,2763,1381.5,81,81,0,28220,1070,28,-52286.52709889999,-26143.263549449995,288.7343178825137,50,10
2764,48.85920100790339,7.403745923327088,24.429600503951693,4729,8.68784126984127,2364.5,2764,1382.0,81,81,0,28230,1070,28,-52322.52709889999,-26161.263549449995,288.76187872907457,50,10
2765,48.85920100790339,7.403745923327088,24.429600503951693,4744,8.715402116402117,2372.0,2765,1382.5,81,81,0,28240,1070,28,-52358.52709889999,-26179.263549449995,288.7894395756354,50,10
2766,48.85920100790339,7.403745923327088,24.429600503951693,4759,8.742962962962963,2379.5,2766,1383.0,81,81,0,28250,1070,28,-52394.52709889999,-26197.263549449995,288.81700042219626,50,10
2767,48.85920100790339,7.403745923327088,24.429600503951693,4774,8.77052380952381,2387.0,2767,1383.5,81,81,0,28260,1072,28,-52430.52709889999,-26215.263549449995,288.8445612687571,50,10
2768,48.85920100790339,7.403745923327088,24.429600503951693,4789,8.798084656084658,2394.5,2768,1384.0,81,81,0,28270,1074,28,-52466.52709889999,-26233.263549449995,288.87212211531795,50,10
2769,48.85920100790339,7.403745923327088,24.429600503951693,4804,8.825645502645504,2402.0,2769,1384.5,81,81,0,28280,1076,28,-52502.52709889999,-26251.263549449995,288.8996829618788,50,10
2770,48.85920100790339,7.403745923327088,24.429600503951693,4819,8.85320634920635,2409.5,2770,1385.0,81,81,0,28290,1076,28,-52538.52709889999,-26269.263549449995,288.92724380843964,50,10
2771,48.85920100790339,7.403745923327088,24.429600503951693,4834,8.880767195767197,2417.0,2771,1385.5,81,81,0,28300,1076,28,-52574.52709889999,-26287.263549449995,288.9548046550005,50,10
2772,48.85920100790339,7.403745923327088,24.429600503951693,4849,8.908328042328044,2424.5,2772,1386.0,81,81,0,28310,1076,28,-52610.52709889999,-26305.263549449995,288.98236550156133,50,10
2773,48.85920100790339,7.403745923327088,24.429600503951693,4864,8.935888888888888,2432.0,2773,1386.5,81,81,0,28320,1078,28,-52646.52709889999,-26323.263549449995,289.0099263481222,50,10
2774,48.85920100790339,7.403745923327088,24.429600503951693,4879,8.963449735449734,2439.5,2774,1387.0,81,81,0,28330,1080,28,-52682.52709889999,-26341.263549449995,289.037487194683,50,10
2775,48.85920100790339,7.403745923327088,24.429600503951693,4353,7.98915873015873,2176.5,2775,1387.5,81,81,0,28340,1080,29,-52736.52709889999,-26368.263549449995,298.06319618939204,50,10
2776,48.85920100790339,7.403745923327088,24.429600503951693,4367,8.014867724867726,2183.5,2776,1388.0,81,81,0,28350,1080,29,-52770.52709889999,-26385.263549449995,298.088905184101,50,10
2777,48.85920100790339,7.403745923327088,24.429600503951693,4381,8.04057671957672,2190.5,2777,1388.5,81,81,0,28360,1080,29,-52804.52709889999,-26402.263549449995,298.11461417881003,50,10
2778,48.85920100790339,7.403745923327088,24.429600503951693,4395,8.066285714285714,2197.5,2778,1389.0,81,81,0,28370,1080,29,-52838.52709889999,-26419.263549449995,298.140323173519,50,10
2779,48.85920100790339,7.403745923327088,24.429600503951693,4409,8.09199470899471,2204.5,2779,1389.5,81,81,0,28380,1080,29,-52872.52709889999,-26436.263549449995,298.166032168228,50,10
2780,48.85920100790339,7.403745923327088,24.429600503951693,4423,8.117703703703704,2211.5,2780,1390.0,81,81,0,28390,1080,29,-52906.52709889999,-26453.263549449995,298.191741162937,50,10
2781,48.85920100790339,7.403745923327088,24.429600503951693,4437,8.143412698412698,2218.5,2781,1390.5,81,81,0,28400,1080,29,-52940.52709889999,-26470.263549449995,298.217450157646,50,10
2782,48.85920100790339,7.403745923327088,24.429600503951693,4451,8.169121693121694,2225.5,2782,1391.0,81,81,0,28410,1080,29,-52974.52709889999,-26487.263549449995,298.24315915235496,50,10
2783,48.85920100790339,7.403745923327088,24.429600503951693,4465,8.194830687830688,2232.5,2783,1391.5,81,81,0,28420,1080,29,-53008.52709889999,-26504.263549449995,298.268868147064,50,10
2784,48.85920100790339,7.403745923327088,24.429600503951693,4479,8.220539682539682,2239.5,2784,1392.0,81,81,0,28430,1080,29,-53042.52709889999,-26521.263549449995,298.294577141773,50,10
2785,48.85920100790339,7.403745923327088,24.429600503951693,4493,8.246248677248678,2246.5,2785,1392.5,81,81,0,28440,1080,29,-53076.52709889999,-26538.263549449995,298.32028613648197,50,10
2786,48.85920100790339,7.403745923327088,24.429600503951693,4507,8.271957671957672,2253.5,2786,1393.0,81,81,0,28450,1080,29,-53110.52709889999,-26555.263549449995,298.345995131191,50,10
2787,48.85920100790339,7.403745923327088,24.429600503951693,4521,8.297666666666666,2260.5,2787,1393.5,81,81,0,28460,1080,29,-53144.52709889999,-26572.263549449995,298.37170412589995,50,10
2788,48.85920100790339,7.403745923327088,24.429600503951693,4535,8.32337566137566,2267.5,2788,1394.0,81,81,0,28470,1080,29,-53178.52709889999,-26589.263549449995,298.397413120609,50,10
2789,48.85920100790339,7.403745923327088,24.429600503951693,4549,8.349084656084656,2274.5,2789,1394.5,81,81,0,28480,1080,29,-53212.52709889999,-26606.263549449995,298.42312211531794,50,10
2790,48.85920100790339,7.403745923327088,24.429600503951693,4563,8.37479365079365,2281.5,2790,1395.0,81,81,0,28490,1080,29,-53246.52709889999,-26623.263549449995,298.44883111002696,50,10
2791,48.85920100790339,7.403745923327088,24.429600503951693,4577,8.400502645502646,2288.5,2791,1395.5,81,81,0,28500,1084,29,-53280.52709889999,-26640.263549449995,298.4745401047359,50,10
2792,48.85920100790339,7.403745923327088,24.429600503951693,4591,8.42621164021164,2295.5,2792,1396.0,81,81,0,28510,1084,29,-53314.52709889999,-26657.263549449995,298.50024909944494,50,10
2793,48.85920100790339,7.403745923327088,24.429600503951693,4605,8.451920634920635,2302.5,2793,1396.5,81,81,0,28520,1084,29,-53348.52709889999,-26674.263549449995,298.5259580941539,50,10
2794,48.85920100790339,7.403745923327088,24.429600503951693,4619,8.47762962962963,2309.5,2794,1397.0,81,81,0,28530,1084,29,-53382.52709889999,-26691.263549449995,298.5516670888629,50,10
2795,48.85920100790339,7.403745923327088,24.429600503951693,4633,8.503338624338625,2316.5,2795,1397.5,81,81,0,28540,1086,29,-53416.52709889999,-26708.263549449995,298.57737608357195,50,10
2796,48.85920100790339,7.403745923327088,24.429600503951693,4647,8.529047619047619,2323.5,2796,1398.0,81,81,0,28550,1086,29,-53450.52709889999,-26725.263549449995,298.6030850782809,50,10
2797,48.85920100790339,7.403745923327088,24.429600503951693,4661,8.554756613756613,2330.5,2797,1398.5,81,81,0,28560,1086,29,-53484.52709889999,-26742.263549449995,298.62879407298993,50,10
2798,48.85920100790339,7.403745923327088,24.429600503951693,4675,8.580465608465609,2337.5,2798,1399.0,81,81,0,28570,1088,29,-53518.52709889999,-26759.263549449995,298.6545030676989,50,10
2799,48.85920100790339,7.403745923327088,24.429600503951693,4689,8.606174603174603,2344.5,2799,1399.5,81,81,0,28580,1088,29,-53552.52709889999,-26776.263549449995,298.6802120624079,50,10
2800,48.85920100790339,7.403745923327088,24.429600503951693,4703,8.631883597883597,2351.5,2800,1400.0,81,81,0,28590,1090,29,-53586.52709889999,-26793.263549449995,298.7059210571169,50,10
2801,48.85920100790339,7.403745923327088,24.429600503951693,4717,8.657592592592593,2358.5,2801,1400.5,81,81,0,28600,1090,29,-53620.52709889999,-26810.263549449995,298.7316300518259,50,10
2802,48.85920100790339,7.403745923327088,24.429600503951693,4731,8.683301587301589,2365.5,2802,1401.0,81,81,0,28610,1090,29,-53654.52709889999,-26827.263549449995,298.75733904653487,50,10
2803,48.85920100790339,7.403745923327088,24.429600503951693,4745,8.709010582010581,2372.5,2803,1401.5,81,81,0,28620,1090,29,-53688.52709889999,-26844.263549449995,298.7830480412439,50,10
2804,48.85920100790339,7.403745923327088,24.429600503951693,4759,8.734719576719577,2379.5,2804,1402.0,81,81,0,28630,1090,29,-53722.52709889999,-26861.263549449995,298.80875703595285,50,10
2805,48.85920100790339,7.403745923327088,24.429600503951693,4773,8.760428571428573,2386.5,2805,1402.5,81,81,0,28640,1090,29,-53756.52709889999,-26878.263549449995,298.8344660306619,50,10
2806,48.85920100790339,7.403745923327088,24.429600503951693,4787,8.786137566137567,2393.5,2806,1403.0,81,81,0,28650,1090,29,-53790.52709889999,-26895.263549449995,298.86017502537084,50,10
2807,48.85920100790339,7.403745923327088,24.429600503951693,4801,8.81184656084656,2400.5,2807,1403.5,81,81,0,28660,1090,29,-53824.52709889999,-26912.263549449995,298.88588402007986,50,10
2808,48.85920100790339,7.403745923327088,24.429600503951693,4815,8.837555555555557,2407.5,2808,1404.0,81,81,0,28670,1090,29,-53858.52709889999,-26929.263549449995,298.9115930147889,50,10
2809,48.85920100790339,7.403745923327088,24.429600503951693,4829,8.86326455026455,2414.5,2809,1404.5,81,81,0,28680,1090,29,-53892.52709889999,-26946.263549449995,298.93730200949784,50,10
2810,48.85920100790339,7.403745923327088,24.429600503951693,4843,8.888973544973545,2421.5,2810,1405.0,81,81,0,28690,1090,29,-53926.52709889999,-26963.263549449995,298.96301100420686,50,10
2811,48.85920100790339,7.403745923327088,24.429600503951693,4857,8.91468253968254,2428.5,2811,1405.5,81,81,0,28700,1090,29,-53960.52709889999,-26980.263549449995,298.9887199989158,50,10
2812,48.85920100790339,7.403745923327088,24.429600503951693,4871,8.940391534391535,2435.5,2812,1406.0,81,81,0,28710,1090,29,-53994.52709889999,-26997.263549449995,299.01442899362485,50,10
2813,48.85920100790339,7.403745923327088,24.429600503951693,4885,8.96610052910053,2442.5,2813,1406.5,81,81,0,28720,1090,29,-54028.52709889999,-27014.263549449995,299.0401379883338,50,10
2814,48.85920100790339,7.403745923327088,24.429600503951693,4899,8.991809523809524,2449.5,2814,1407.0,81,81,0,28730,1090,29,-54062.52709889999,-27031.263549449995,299.06584698304283,50,10
2815,48.85920100790339,7.403745923327088,24.429600503951693,4913,9.017518518518518,2456.5,2815,1407.5,81,81,0,28740,1092,29,-54096.52709889999,-27048.263549449995,299.0915559777518,50,10
2816,48.85920100790339,7.403745923327088,24.429600503951693,4927,9.043227513227514,2463.5,2816,1408.0,81,81,0,28750,1092,29,-54130.52709889999,-27065.263549449995,299.1172649724608,50,10
2817,48.85920100790339,7.403745923327088,24.429600503951693,4941,9.068936507936508,2470.5,2817,1408.5,81,81,0,28760,1094,29,-54164.52709889999,-27082.263549449995,299.1429739671698,50,10
2818,48.85920100790339,7.403745923327088,24.429600503951693,4955,9.094645502645504,2477.5,2818,1409.0,81,81,0,28770,1094,29,-54198.52709889999,-27099.263549449995,299.1686829618788,50,10
2819,48.85920100790339,7.403745923327088,24.429600503951693,4969,9.120354497354496,2484.5,2819,1409.5,81,81,0,28780,1094,29,-54232.52709889999,-27116.263549449995,299.19439195658776,50,10
2820,48.85920100790339,7.403745923327088,24.429600503951693,4983,9.146063492063494,2491.5,2820,1410.0,81,81,0,28790,1094,29,-54266.52709889999,-27133.263549449995,299.2201009512968,50,10
2821,48.85920100790339,7.403745923327088,24.429600503951693,4997,9.171772486772486,2498.5,2821,1410.5,81,81,0,28800,1094,29,-54300.52709889999,-27150.263549449995,299.2458099460058,50,10
2822,48.85920100790339,7.403745923327088,24.429600503951693,5011,9.197481481481482,2505.5,2822,1411.0,81,81,0,28810,1096,29,-54334.52709889999,-27167.263549449995,299.27151894071477,50,10
2823,48.85920100790339,7.403745923327088,24.429600503951693,5025,9.223190476190476,2512.5,2823,1411.5,81,81,0,28820,1096,29,-54368.52709889999,-27184.263549449995,299.2972279354238,50,10
2824,48.85920100790339,7.403745923327088,24.429600503951693,5039,9.24889947089947,2519.5,2824,1412.0,81,81,0,28830,1096,29,-54402.52709889999,-27201.263549449995,299.32293693013276,50,10
2825,48.85920100790339,7.403745923327088,24.429600503951693,5053,9.274608465608464,2526.5,2825,1412.5,81,81,0,28840,1096,29,-54436.52709889999,-27218.263549449995,299.3486459248418,50,10
2826,48.85920100790339,7.403745923327088,24.429600503951693,5067,9.30031746031746,2533.5,2826,1413.0,81,81,0,28850,1096,29,-54470.52709889999,-27235.263549449995,299.37435491955074,50,10
2827,48.85920100790339,7.403745923327088,24.429600503951693,5081,9.326026455026454,2540.5,2827,1413.5,81,81,0,28860,1096,29,-54504.52709889999,-27252.263549449995,299.40006391425976,50,10
2828,48.85920100790339,7.403745923327088,24.429600503951693,5095,9.35173544973545,2547.5,2828,1414.0,81,81,0,28870,1098,29,-54538.52709889999,-27269.263549449995,299.4257729089687,50,10
2829,48.85920100790339,7.403745923327088,24.429600503951693,5109,9.377444444444446,2554.5,2829,1414.5,81,81,0,28880,1098,29,-54572.52709889999,-27286.263549449995,299.45148190367775,50,10
2830,48.85920100790339,7.403745923327088,24.429600503951693,5123,9.403153439153439,2561.5,2830,1415.0,81,81,0,28890,1098,29,-54606.52709889999,-27303.263549449995,299.4771908983867,50,10
2831,48.85920100790339,7.403745923327088,24.429600503951693,5137,9.428862433862435,2568.5,2831,1415.5,81,81,0,28900,1098,29,-54640.52709889999,-27320.263549449995,299.50289989309573,50,10
2832,48.85920100790339,7.403745923327088,24.429600503951693,5151,9.454571428571427,2575.5,2832,1416.0,81,81,0,28910,1098,29,-54674.52709889999,-27337.263549449995,299.5286088878047,50,10
2833,48.85920100790339,7.403745923327088,24.429600503951693,5165,9.480280423280425,2582.5,2833,1416.5,81,81,0,28920,1098,29,-54708.52709889999,-27354.263549449995,299.5543178825137,50,10
2834,48.85920100790339,7.403745923327088,24.429600503951693,5179,9.505989417989419,2589.5,2834,1417.0,81,81,0,28930,1100,29,-54742.52709889999,-27371.263549449995,299.58002687722274,50,10
2835,48.85920100790339,7.403745923327088,24.429600503951693,5193,9.531698412698413,2596.5,2835,1417.5,81,81,0,28940,1100,29,-54776.52709889999,-27388.263549449995,299.6057358719317,50,10
2836,48.85920100790339,7.403745923327088,24.429600503951693,5207,9.557407407407409,2603.5,2836,1418.0,81,81,0,28950,1100,29,-54810.52709889999,-27405.263549449995,299.6314448666407,50,10
2837,48.85920100790339,7.403745923327088,24.429600503951693,4660,8.581330687830688,2330.0,2837,1418.5,81,81,0,28960,1100,30,-54862.52709889999,-27431.263549449995,308.655368147064,50,10
2838,48.85920100790339,7.403745923327088,24.429600503951693,4673,8.605253968253969,2336.5,2838,1419.0,81,81,0,28970,1100,30,-54894.52709889999,-27447.263549449995,308.67929142748727,50,10
2839,48.85920100790339,7.403745923327088,24.429600503951693,4686,8.629177248677248,2343.0,2839,1419.5,81,81,0,28980,1100,30,-54926.52709889999,-27463.263549449995,308.70321470791055,50,10
2840,48.85920100790339,7.403745923327088,24.429600503951693,4699,8.653100529100527,2349.5,2840,1420.0,81,81,0,28990,1100,30,-54958.52709889999,-27479.263549449995,308.7271379883338,50,10
2841,48.85920100790339,7.403745923327088,24.429600503951693,4712,8.67702380952381,2356.0,2841,1420.5,81,81,0,29000,1104,30,-54990.52709889999,-27495.263549449995,308.7510612687571,50,10
2842,48.85920100790339,7.403745923327088,24.429600503951693,4725,8.700947089947089,2362.5,2842,1421.0,81,81,0,29010,1108,30,-55022.52709889999,-27511.263549449995,308.7749845491804,50,10
2843,48.85920100790339,7.403745923327088,24.429600503951693,4738,8.72487037037037,2369.0,2843,1421.5,81,81,0,29020,1108,30,-55054.52709889999,-27527.263549449995,308.79890782960365,50,10
2844,48.85920100790339,7.403745923327088,24.429600503951693,4751,8.748793650793651,2375.5,2844,1422.0,81,81,0,29030,1108,30,-55086.52709889999,-27543.263549449995,308.8228311100269,50,10
2845,48.85920100790339,7.403745923327088,24.429600503951693,4764,8.772716931216932,2382.0,2845,1422.5,81,81,0,29040,1108,30,-55118.52709889999,-27559.263549449995,308.8467543904502,50,10
2846,48.85920100790339,7.403745923327088,24.429600503951693,4777,8.796640211640211,2388.5,2846,1423.0,81,81,0,29050,1108,30,-55150.52709889999,-27575.263549449995,308.87067767087353,50,10
2847,48.85920100790339,7.403745923327088,24.429600503951693,4790,8.820563492063492,2395.0,2847,1423.5,81,81,0,29060,1112,30,-55182.52709889999,-27591.263549449995,308.8946009512968,50,10
2848,48.85920100790339,7.403745923327088,24.429600503951693,4803,8.844486772486771,2401.5,2848,1424.0,81,81,0,29070,1112,30,-55214.52709889999,-27607.263549449995,308.9185242317201,50,10
2849,48.85920100790339,7.403745923327088,24.429600503951693,4816,8.868410052910052,2408.0,2849,1424.5,81,81,0,29080,1112,30,-55246.52709889999,-27623.263549449995,308.94244751214336,50,10
2850,48.85920100790339,7.403745923327088,24.429600503951693,4829,8.892333333333331,2414.5,2850,1425.0,81,81,0,29090,1114,30,-55278.52709889999,-27639.263549449995,308.96637079256664,50,10
2851,48.85920100790339,7.403745923327088,24.429600503951693,4842,8.916256613756614,2421.0,2851,1425.5,81,81,0,29100,1114,30,-55310.52709889999,-27655.263549449995,308.9902940729899,50,10
2852,48.85920100790339,7.403745923327088,24.429600503951693,4855,8.940179894179895,2427.5,2852,1426.0,81,81,0,29110,1114,30,-55342.52709889999,-27671.263549449995,309.0142173534132,50,10
2853,48.85920100790339,7.403745923327088,24.429600503951693,4868,8.964103174603174,2434.0,2853,1426.5,81,81,0,29120,1114,30,-55374.52709889999,-27687.263549449995,309.03814063383646,50,10
2854,48.85920100790339,7.403745923327088,24.429600503951693,4881,8.988026455026455,2440.5,2854,1427.0,81,81,0,29130,1114,30,-55406.52709889999,-27703.263549449995,309.06206391425974,50,10
2855,48.85920100790339,7.403745923327088,24.429600503951693,4393,8.009949735449736,2196.5,2855,1427.5,81,81,0,29140,1114,31,-55456.52709889999,-27728.263549449995,318.083987194683,50,10
2856,48.85920100790339,7.403745923327088,24.429600503951693,4405,8.031873015873014,2202.5,2856,1428.0,81,81,0,29150,1114,31,-55486.52709889999,-27743.263549449995,318.1059104751063,50,10
2857,48.85920100790339,7.403745923327088,24.429600503951693,4417,8.053796296296296,2208.5,2857,1428.5,81,81,0,29160,1114,31,-55516.52709889999,-27758.263549449995,318.1278337555296,50,10
2858,48.85920100790339,7.403745923327088,24.429600503951693,4429,8.075719576719576,2214.5,2858,1429.0,81,81,0,29170,1114,31,-55546.52709889999,-27773.263549449995,318.14975703595286,50,10
2859,48.85920100790339,7.403745923327088,24.429600503951693,4441,8.097642857142857,2220.5,2859,1429.5,81,81,0,29180,1114,31,-55576.52709889999,-27788.263549449995,318.1716803163761,50,10
2860,48.85920100790339,7.403745923327088,24.429600503951693,4453,8.119566137566137,2226.5,2860,1430.0,81,81,0,29190,1114,31,-55606.52709889999,-27803.263549449995,318.19360359679945,50,10
2861,48.85920100790339,7.403745923327088,24.429600503951693,4465,8.141489417989417,2232.5,2861,1430.5,81,81,0,29200,1114,31,-55636.52709889999,-27818.263549449995,318.2155268772227,50,10
2862,48.85920100790339,7.403745923327088,24.429600503951693,4477,8.163412698412698,2238.5,2862,1431.0,81,81,0,29210,1114,31,-55666.52709889999,-27833.263549449995,318.237450157646,50,10
2863,48.85920100790339,7.403745923327088,24.429600503951693,4489,8.185335978835978,2244.5,2863,1431.5,81,81,0,29220,1114,31,-55696.52709889999,-27848.263549449995,318.25937343806925,50,10
2864,48.85920100790339,7.403745923327088,24.429600503951693,4501,8.207259259259258,2250.5,2864,1432.0,81,81,0,29230,1114,31,-55726.52709889999,-27863.263549449995,318.28129671849257,50,10
2865,48.85920100790339,7.403745923327088,24.429600503951693,4513,8.22918253968254,2256.5,2865,1432.5,81,81,0,29240,1114,31,-55756.52709889999,-27878.263549449995,318.30321999891584,50,10
2866,48.85920100790339,7.403745923327088,24.429600503951693,4525,8.251105820105819,2262.5,2866,1433.0,81,81,0,29250,1114,31,-55786.52709889999,-27893.263549449995,318.3251432793391,50,10
2867,48.85920100790339,7.403745923327088,24.429600503951693,4537,8.2730291005291,2268.5,2867,1433.5,81,81,0,29260,1114,31,-55816.52709889999,-27908.263549449995,318.3470665597624,50,10
2868,48.85920100790339,7.403745923327088,24.429600503951693,4549,8.29495238095238,2274.5,2868,1434.0,81,81,0,29270,1114,31,-55846.52709889999,-27923.263549449995,318.3689898401857,50,10
2869,48.85920100790339,7.403745923327088,24.429600503951693,4561,8.316875661375661,2280.5,2869,1434.5,81,81,0,29280,1114,31,-55876.52709889999,-27938.263549449995,318.39091312060896,50,10
2870,48.85920100790339,7.403745923327088,24.429600503951693,4573,8.338798941798942,2286.5,2870,1435.0,81,81,0,29290,1114,31,-55906.52709889999,-27953.263549449995,318.4128364010322,50,10
2871,48.85920100790339,7.403745923327088,24.429600503951693,4585,8.360722222222222,2292.5,2871,1435.5,81,81,0,29300,1114,31,-55936.52709889999,-27968.263549449995,318.4347596814555,50,10
2872,48.85920100790339,7.403745923327088,24.429600503951693,4597,8.382645502645502,2298.5,2872,1436.0,81,81,0,29310,1114,31,-55966.52709889999,-27983.263549449995,318.4566829618788,50,10
2873,48.85920100790339,7.403745923327088,24.429600503951693,4609,8.404568783068784,2304.5,2873,1436.5,81,81,0,29320,1114,31,-55996.52709889999,-27998.263549449995,318.4786062423021,50,10
2874,48.85920100790339,7.403745923327088,24.429600503951693,4621,8.426492063492063,2310.5,2874,1437.0,81,81,0,29330,1114,31,-56026.52709889999,-28013.263549449995,318.50052952272534,50,10
2875,48.85920100790339,7.403745923327088,24.429600503951693,4633,8.448415343915343,2316.5,2875,1437.5,81,81,0,29340,1114,31,-56056.52709889999,-28028.263549449995,318.52245280314867,50,10
2876,48.85920100790339,7.403745923327088,24.429600503951693,4645,8.470338624338625,2322.5,2876,1438.0,81,81,0,29350,1114,31,-56086.52709889999,-28043.263549449995,318.54437608357193,50,10
2877,48.85920100790339,7.403745923327088,24.429600503951693,4096,7.4904761904761905,2048.0,2877,1438.5,81,81,0,29360,1114,32,-56134.52709889999,-28067.263549449995,327.5645136497095,50,10
2878,48.85920100790339,7.403745923327088,24.429600503951693,4107,7.510613756613756,2053.5,2878,1439.0,81,81,0,29370,1116,32,-56162.52709889999,-28081.263549449995,327.58465121584703,50,10
2879,48.85920100790339,7.403745923327088,24.429600503951693,3617,6.528751322751322,1808.5,2879,1439.5,81,81,0,29380,1116,33,-56208.52709889999,-28104.263549449995,336.6027887819846,50,10
2880,48.85920100790339,7.403745923327088,24.429600503951693,3627,6.546888888888889,1813.5,2880,1440.0,81,81,0,29390,1116,33,-56234.52709889999,-28117.263549449995,336.62092634812217,50,10
2881,48.85920100790339,7.403745923327088,24.429600503951693,3637,6.565026455026455,1818.5,2881,1440.5,81,81,0,29400,1116,33,-56260.52709889999,-28130.263549449995,336.63906391425974,50,10
2882,48.85920100790339,7.403745923327088,24.429600503951693,3647,6.583164021164022,1823.5,2882,1441.0,81,81,0,29410,1116,33,-56286.52709889999,-28143.263549449995,336.6572014803973,50,10
2883,48.85920100790339,7.403745923327088,24.429600503951693,3657,6.601301587301586,1828.5,2883,1441.5,81,81,0,29420,1116,33,-56312.52709889999,-28156.263549449995,336.6753390465349,50,10
2884,48.85920100790339,7.403745923327088,24.429600503951693,3667,6.619439153439154,1833.5,2884,1442.0,81,81,0,29430,1116,33,-56338.52709889999,-28169.263549449995,336.69347661267244,50,10
2885,48.85920100790339,7.403745923327088,24.429600503951693,3677,6.637576719576719,1838.5,2885,1442.5,81,81,0,29440,1116,33,-56364.52709889999,-28182.263549449995,336.71161417881,50,10
2886,48.85920100790339,7.403745923327088,24.429600503951693,3687,6.655714285714286,1843.5,2886,1443.0,81,81,0,29450,1116,33,-56390.52709889999,-28195.263549449995,336.7297517449476,50,10
2887,48.85920100790339,7.403745923327088,24.429600503951693,3697,6.673851851851852,1848.5,2887,1443.5,81,81,0,29460,1116,33,-56416.52709889999,-28208.263549449995,336.74788931108515,50,10
2888,48.85920100790339,7.403745923327088,24.429600503951693,3707,6.691989417989419,1853.5,2888,1444.0,81,81,0,29470,1118,33,-56442.52709889999,-28221.263549449995,336.7660268772227,50,10
2889,48.85920100790339,7.403745923327088,24.429600503951693,3717,6.710126984126984,1858.5,2889,1444.5,81,81,0,29480,1118,33,-56468.52709889999,-28234.263549449995,336.7841644433603,50,10
2890,48.85920100790339,7.403745923327088,24.429600503951693,3727,6.728264550264551,1863.5,2890,1445.0,81,81,0,29490,1118,33,-56494.52709889999,-28247.263549449995,336.80230200949785,50,10
2891,48.85920100790339,7.403745923327088,24.429600503951693,3737,6.746402116402116,1868.5,2891,1445.5,81,81,0,29500,1118,33,-56520.52709889999,-28260.263549449995,336.8204395756354,50,10
2892,48.85920100790339,7.403745923327088,24.429600503951693,3747,6.764539682539683,1873.5,2892,1446.0,81,81,0,29510,1118,33,-56546.52709889999,-28273.263549449995,336.838577141773,50,10
2893,48.85920100790339,7.403745923327088,24.429600503951693,3757,6.782677248677249,1878.5,2893,1446.5,81,81,0,29520,1118,33,-56572.52709889999,-28286.263549449995,336.85671470791056,50,10
2894,48.85920100790339,7.403745923327088,24.429600503951693,3767,6.800814814814815,1883.5,2894,1447.0,81,81,0,29530,1118,33,-56598.52709889999,-28299.263549449995,336.8748522740481,50,10
2895,48.85920100790339,7.403745923327088,24.429600503951693,3216,5.817166666666666,1608.0,2895,1447.5,81,81,0,29540,1120,34,-56642.52709889999,-28321.263549449995,345.89120412589995,50,10
2896,48.85920100790339,7.403745923327088,24.429600503951693,3225,5.8335185185185185,1612.5,2896,1448.0,81,81,0,29550,1120,34,-56666.52709889999,-28333.263549449995,345.9075559777518,50,10
2897,48.85920100790339,7.403745923327088,24.429600503951693,3234,5.84987037037037,1617.0,2897,1448.5,81,81,0,29560,1120,34,-56690.52709889999,-28345.263549449995,345.92390782960365,50,10
2898,48.85920100790339,7.403745923327088,24.429600503951693,3243,5.866222222222222,1621.5,2898,1449.0,81,81,0,29570,1120,34,-56714.52709889999,-28357.263549449995,345.94025968145553,50,10
2899,48.85920100790339,7.403745923327088,24.429600503951693,3252,5.882574074074075,1626.0,2899,1449.5,81,81,0,29580,1120,34,-56738.52709889999,-28369.263549449995,345.95661153330735,50,10
2900,48.85920100790339,7.403745923327088,24.429600503951693,3261,5.8989259259259255,1630.5,2900,1450.0,81,81,0,29590,1120,34,-56762.52709889999,-28381.263549449995,345.97296338515923,50,10
2901,48.85920100790339,7.403745923327088,24.429600503951693,3270,5.915277777777777,1635.0,2901,1450.5,81,81,0,29600,1120,34,-56786.52709889999,-28393.263549449995,345.98931523701106,50,10
2902,48.85920100790339,7.403745923327088,24.429600503951693,3279,5.931629629629629,1639.5,2902,1451.0,81,81,0,29610,1120,34,-56810.52709889999,-28405.263549449995,346.00566708886294,50,10
2903,48.85920100790339,7.403745923327088,24.429600503951693,3288,5.947981481481481,1644.0,2903,1451.5,81,81,0,29620,1120,34,-56834.52709889999,-28417.263549449995,346.02201894071476,50,10
2904,48.85920100790339,7.403745923327088,24.429600503951693,3297,5.964333333333332,1648.5,2904,1452.0,81,81,0,29630,1120,34,-56858.52709889999,-28429.263549449995,346.03837079256664,50,10
2905,48.85920100790339,7.403745923327088,24.429600503951693,3306,5.980685185185186,1653.0,2905,1452.5,81,81,0,29640,1122,34,-56882.52709889999,-28441.263549449995,346.05472264441846,50,10
2906,48.85920100790339,7.403745923327088,24.429600503951693,3315,5.997037037037036,1657.5,2906,1453.0,81,81,0,29650,1122,34,-56906.52709889999,-28453.263549449995,346.07107449627034,50,10
2907,48.85920100790339,7.403745923327088,24.429600503951693,3324,6.013388888888889,1662.0,2907,1453.5,81,81,0,29660,1122,34,-56930.52709889999,-28465.263549449995,346.08742634812216,50,10
2908,48.85920100790339,7.403745923327088,24.429600503951693,3333,6.029740740740741,1666.5,2908,1454.0,81,81,0,29670,1122,34,-56954.52709889999,-28477.263549449995,346.10377819997404,50,10
2909,48.85920100790339,7.403745923327088,24.429600503951693,3342,6.046092592592593,1671.0,2909,1454.5,81,81,0,29680,1122,34,-56978.52709889999,-28489.263549449995,346.12013005182587,50,10
2910,48.85920100790339,7.403745923327088,24.429600503951693,3351,6.062444444444444,1675.5,2910,1455.0,81,81,0,29690,1122,34,-57002.52709889999,-28501.263549449995,346.13648190367775,50,10
2911,48.85920100790339,7.403745923327088,24.429600503951693,3360,6.078796296296297,1680.0,2911,1455.5,81,81,0,29700,1122,34,-57026.52709889999,-28513.263549449995,346.15283375552957,50,10
2912,48.85920100790339,7.403745923327088,24.429600503951693,3369,6.095148148148148,1684.5,2912,1456.0,81,81,0,29710,1122,34,-57050.52709889999,-28525.263549449995,346.16918560738145,50,10
2913,48.85920100790339,7.403745923327088,24.429600503951693,3378,6.1114999999999995,1689.0,2913,1456.5,81,81,0,29720,1124,34,-57074.52709889999,-28537.263549449995,346.1855374592333,50,10
2914,48.85920100790339,7.403745923327088,24.429600503951693,3387,6.127851851851852,1693.5,2914,1457.0,81,81,0,29730,1128,34,-57098.52709889999,-28549.263549449995,346.20188931108515,50,10
2915,48.85920100790339,7.403745923327088,24.429600503951693,3396,6.144203703703704,1698.0,2915,1457.5,81,81,0,29740,1132,34,-57122.52709889999,-28561.263549449995,346.218241162937,50,10
2916,48.85920100790339,7.403745923327088,24.429600503951693,3405,6.160555555555555,1702.5,2916,1458.0,81,81,0,29750,1132,34,-57146.52709889999,-28573.263549449995,346.23459301478886,50,10
2917,48.85920100790339,7.403745923327088,24.429600503951693,3414,6.176907407407407,1707.0,2917,1458.5,81,81,0,29760,1132,34,-57170.52709889999,-28585.263549449995,346.2509448666407,50,10
2918,48.85920100790339,7.403745923327088,24.429600503951693,3423,6.193259259259259,1711.5,2918,1459.0,81,81,0,29770,1132,34,-57194.52709889999,-28597.263549449995,346.26729671849256,50,10
2919,48.85920100790339,7.403745923327088,24.429600503951693,3432,6.209611111111111,1716.0,2919,1459.5,81,81,0,29780,1132,34,-57218.52709889999,-28609.263549449995,346.2836485703444,50,10
2920,48.85920100790339,7.403745923327088,24.429600503951693,3441,6.225962962962964,1720.5,2920,1460.0,81,81,0,29790,1132,34,-57242.52709889999,-28621.263549449995,346.30000042219626,50,10
2921,48.85920100790339,7.403745923327088,24.429600503951693,3450,6.242314814814814,1725.0,2921,1460.5,81,81,0,29800,1132,34,-57266.52709889999,-28633.263549449995,346.3163522740481,50,10
2922,48.85920100790339,7.403745923327088,24.429600503951693,3459,6.258666666666666,1729.5,2922,1461.0,81,81,0,29810,1132,34,-57290.52709889999,-28645.263549449995,346.33270412589997,50,10
2923,48.85920100790339,7.403745923327088,24.429600503951693,3468,6.275018518518519,1734.0,2923,1461.5,81,81,0,29820,1132,34,-57314.52709889999,-28657.263549449995,346.3490559777518,50,10
2924,48.85920100790339,7.403745923327088,24.429600503951693,3477,6.2913703703703705,1738.5,2924,1462.0,81,81,0,29830,1132,34,-57338.52709889999,-28669.263549449995,346.36540782960367,50,10
2925,48.85920100790339,7.403745923327088,24.429600503951693,3486,6.307722222222221,1743.0,2925,1462.5,81,81,0,29840,1132,34,-57362.52709889999,-28681.263549449995,346.3817596814555,50,10
2926,48.85920100790339,7.403745923327088,24.429600503951693,3495,6.324074074074074,1747.5,2926,1463.0,81,81,0,29850,1132,34,-57386.52709889999,-28693.263549449995,346.3981115333074,50,10
2927,48.85920100790339,7.403745923327088,24.429600503951693,3504,6.340425925925926,1752.0,2927,1463.5,81,81,0,29860,1132,34,-57410.52709889999,-28705.263549449995,346.4144633851592,50,10
2928,48.85920100790339,7.403745923327088,24.429600503951693,3513,6.356777777777777,1756.5,2928,1464.0,81,81,0,29870,1132,34,-57434.52709889999,-28717.263549449995,346.4308152370111,50,10
2929,48.85920100790339,7.403745923327088,24.429600503951693,3522,6.373129629629629,1761.0,2929,1464.5,81,81,0,29880,1132,34,-57458.52709889999,-28729.263549449995,346.4471670888629,50,10
2930,48.85920100790339,7.403745923327088,24.429600503951693,3531,6.389481481481481,1765.5,2930,1465.0,81,81,0,29890,1132,34,-57482.52709889999,-28741.263549449995,346.4635189407148,50,10
2931,48.85920100790339,7.403745923327088,24.429600503951693,3540,6.405833333333334,1770.0,2931,1465.5,81,81,0,29900,1134,34,-57506.52709889999,-28753.263549449995,346.47987079256666,50,10
2932,48.85920100790339,7.403745923327088,24.429600503951693,3549,6.422185185185185,1774.5,2932,1466.0,81,81,0,29910,1134,34,-57530.52709889999,-28765.263549449995,346.4962226444185,50,10
2933,48.85920100790339,7.403745923327088,24.429600503951693,3558,6.438537037037036,1779.0,2933,1466.5,81,81,0,29920,1134,34,-57554.52709889999,-28777.263549449995,346.5125744962703,50,10
2934,48.85920100790339,7.403745923327088,24.429600503951693,3567,6.45488888888889,1783.5,2934,1467.0,81,81,0,29930,1136,34,-57578.52709889999,-28789.263549449995,346.5289263481222,50,10
2935,48.85920100790339,7.403745923327088,24.429600503951693,3576,6.471240740740741,1788.0,2935,1467.5,81,81,0,29940,1136,34,-57602.52709889999,-28801.263549449995,346.54527819997406,50,10
2936,48.85920100790339,7.403745923327088,24.429600503951693,3585,6.487592592592592,1792.5,2936,1468.0,81,81,0,29950,1136,34,-57626.52709889999,-28813.263549449995,346.5616300518259,50,10
2937,48.85920100790339,7.403745923327088,24.429600503951693,3594,6.503944444444444,1797.0,2937,1468.5,81,81,0,29960,1138,34,-57650.52709889999,-28825.263549449995,346.57798190367777,50,10
2938,48.85920100790339,7.403745923327088,24.429600503951693,3603,6.520296296296296,1801.5,2938,1469.0,81,81,0,29970,1138,34,-57674.52709889999,-28837.263549449995,346.5943337555296,50,10
2939,48.85920100790339,7.403745923327088,24.429600503951693,3612,6.536648148148148,1806.0,2939,1469.5,81,81,0,29980,1138,34,-57698.52709889999,-28849.263549449995,346.61068560738147,50,10
2940,48.85920100790339,7.403745923327088,24.429600503951693,3621,6.553,1810.5,2940,1470.0,81,81,0,29990,1138,34,-57722.52709889999,-28861.263549449995,346.6270374592333,50,10
2941,48.85920100790339,7.403745923327088,24.429600503951693,3630,6.5693518518518506,1815.0,2941,1470.5,81,81,0,30000,1140,34,-57746.52709889999,-28873.263549449995,346.6433893110852,50,10
2942,48.85920100790339,7.403745923327088,24.429600503951693,3639,6.585703703703704,1819.5,2942,1471.0,81,81,0,30010,1142,34,-57770.52709889999,-28885.263549449995,346.659741162937,50,10
2943,48.85920100790339,7.403745923327088,24.429600503951693,3648,6.602055555555557,1824.0,2943,1471.5,81,81,0,30020,1142,34,-57794.52709889999,-28897.263549449995,346.6760930147889,50,10
2944,48.85920100790339,7.403745923327088,24.429600503951693,3658,6.620259259259259,1829.0,2944,1472.0,81,81,0,30030,1142,34,-57820.52709889999,-28910.263549449995,346.6942967184926,50,10
2945,48.85920100790339,7.403745923327088,24.429600503951693,3668,6.638462962962962,1834.0,2945,1472.5,81,81,0,30040,1142,34,-57846.52709889999,-28923.263549449995,346.7125004221963,50,10
2946,48.85920100790339,7.403745923327088,24.429600503951693,3678,6.656666666666668,1839.0,2946,1473.0,81,81,0,30050,1142,34,-57872.52709889999,-28936.263549449995,346.7307041259,50,10
2947,48.85920100790339,7.403745923327088,24.429600503951693,3688,6.674870370370371,1844.0,2947,1473.5,81,81,0,30060,1142,34,-57898.52709889999,-28949.263549449995,346.7489078296037,50,10
2948,48.85920100790339,7.403745923327088,24.429600503951693,3698,6.693074074074073,1849.0,2948,1474.0,81,81,0,30070,1142,34,-57924.52709889999,-28962.263549449995,346.76711153330734,50,10
2949,48.85920100790339,7.403745923327088,24.429600503951693,3147,5.709492063492063,1573.5,2949,1474.5,81,81,0,30080,1146,35,-57968.52709889999,-28984.263549449995,355.78352952272536,50,10
2950,48.85920100790339,7.403745923327088,24.429600503951693,3156,5.725910052910052,1578.0,2950,1475.0,81,81,0,30090,1148,35,-57992.52709889999,-28996.263549449995,355.7999475121434,50,10
2951,48.85920100790339,7.403745923327088,24.429600503951693,3165,5.742328042328042,1582.5,2951,1475.5,81,81,0,30100,1148,35,-58016.52709889999,-29008.263549449995,355.81636550156134,50,10
2952,48.85920100790339,7.403745923327088,24.429600503951693,3174,5.758746031746032,1587.0,2952,1476.0,81,81,0,30110,1148,35,-58040.52709889999,-29020.263549449995,355.83278349097935,50,10
2953,48.85920100790339,7.403745923327088,24.429600503951693,3183,5.775164021164021,1591.5,2953,1476.5,81,81,0,30120,1148,35,-58064.52709889999,-29032.263549449995,355.8492014803973,50,10
2954,48.85920100790339,7.403745923327088,24.429600503951693,3192,5.79158201058201,1596.0,2954,1477.0,81,81,0,30130,1148,35,-58088.52709889999,-29044.263549449995,355.86561946981533,50,10
2955,48.85920100790339,7.403745923327088,24.429600503951693,3201,5.808000000000001,1600.5,2955,1477.5,81,81,0,30140,1148,35,-58112.52709889999,-29056.263549449995,355.8820374592333,50,10
2956,48.85920100790339,7.403745923327088,24.429600503951693,3210,5.82441798941799,1605.0,2956,1478.0,81,81,0,30150,1150,35,-58136.52709889999,-29068.263549449995,355.8984554486513,50,10
2957,48.85920100790339,7.403745923327088,24.429600503951693,3219,5.840835978835979,1609.5,2957,1478.5,81,81,0,30160,1150,35,-58160.52709889999,-29080.263549449995,355.91487343806926,50,10
2958,48.85920100790339,7.403745923327088,24.429600503951693,3228,5.857253968253968,1614.0,2958,1479.0,81,81,0,30170,1150,35,-58184.52709889999,-29092.263549449995,355.9312914274873,50,10
2959,48.85920100790339,7.403745923327088,24.429600503951693,3237,5.873671957671958,1618.5,2959,1479.5,81,81,0,30180,1150,35,-58208.52709889999,-29104.263549449995,355.94770941690524,50,10
2960,48.85920100790339,7.403745923327088,24.429600503951693,3246,5.890089947089947,1623.0,2960,1480.0,81,81,0,30190,1150,35,-58232.52709889999,-29116.263549449995,355.96412740632326,50,10
2961,48.85920100790339,7.403745923327088,24.429600503951693,3255,5.9065079365079365,1627.5,2961,1480.5,81,81,0,30200,1152,35,-58256.52709889999,-29128.263549449995,355.9805453957412,50,10
2962,48.85920100790339,7.403745923327088,24.429600503951693,3264,5.9229259259259255,1632.0,2962,1481.0,81,81,0,30210,1152,35,-58280.52709889999,-29140.263549449995,355.99696338515923,50,10
2963,48.85920100790339,7.403745923327088,24.429600503951693,3273,5.939343915343915,1636.5,2963,1481.5,81,81,0,30220,1152,35,-58304.52709889999,-29152.263549449995,356.0133813745772,50,10
2964,48.85920100790339,7.403745923327088,24.429600503951693,3282,5.955761904761904,1641.0,2964,1482.0,81,81,0,30230,1154,35,-58328.52709889999,-29164.263549449995,356.0297993639952,50,10
2965,48.85920100790339,7.403745923327088,24.429600503951693,3292,5.974031746031745,1646.0,2965,1482.5,81,81,0,30240,1156,35,-58354.52709889999,-29177.263549449995,356.04806920526505,50,10
2966,48.85920100790339,7.403745923327088,24.429600503951693,3302,5.992301587301586,1651.0,2966,1483.0,81,81,0,30250,1156,35,-58380.52709889999,-29190.263549449995,356.0663390465349,50,10
2967,48.85920100790339,7.403745923327088,24.429600503951693,3312,6.010571428571429,1656.0,2967,1483.5,81,81,0,30260,1158,35,-58406.52709889999,-29203.263549449995,356.08460888780473,50,10
2968,48.85920100790339,7.403745923327088,24.429600503951693,3322,6.028841269841269,1661.0,2968,1484.0,81,81,0,30270,1160,35,-58432.52709889999,-29216.263549449995,356.1028787290746,50,10
2969,48.85920100790339,7.403745923327088,24.429600503951693,3332,6.0471111111111115,1666.0,2969,1484.5,81,81,0,30280,1160,35,-58458.52709889999,-29229.263549449995,356.1211485703444,50,10
2970,48.85920100790339,7.403745923327088,24.429600503951693,3342,6.065380952380952,1671.0,2970,1485.0,81,81,0,30290,1160,35,-58484.52709889999,-29242.263549449995,356.13941841161426,50,10
2971,48.85920100790339,7.403745923327088,24.429600503951693,3352,6.0836507936507935,1676.0,2971,1485.5,81,81,0,30300,1160,35,-58510.52709889999,-29255.263549449995,356.1576882528841,50,10
2972,48.85920100790339,7.403745923327088,24.429600503951693,3362,6.101920634920634,1681.0,2972,1486.0,81,81,0,30310,1160,35,-58536.52709889999,-29268.263549449995,356.17595809415394,50,10
2973,48.85920100790339,7.403745923327088,24.429600503951693,3372,6.1201904761904755,1686.0,2973,1486.5,81,81,0,30320,1160,35,-58562.52709889999,-29281.263549449995,356.1942279354238,50,10
2974,48.85920100790339,7.403745923327088,24.429600503951693,3382,6.138460317460318,1691.0,2974,1487.0,81,81,0,30330,1162,35,-58588.52709889999,-29294.263549449995,356.2124977766936,50,10
2975,48.85920100790339,7.403745923327088,24.429600503951693,3392,6.156730158730158,1696.0,2975,1487.5,81,81,0,30340,1162,35,-58614.52709889999,-29307.263549449995,356.23076761796347,50,10
2976,48.85920100790339,7.403745923327088,24.429600503951693,3402,6.174999999999999,1701.0,2976,1488.0,81,81,0,30350,1166,35,-58640.52709889999,-29320.263549449995,356.2490374592333,50,10
2977,48.85920100790339,7.403745923327088,24.429600503951693,3412,6.193269841269841,1706.0,2977,1488.5,81,81,0,30360,1166,35,-58666.52709889999,-29333.263549449995,356.26730730050315,50,10
2978,48.85920100790339,7.403745923327088,24.429600503951693,3422,6.211539682539684,1711.0,2978,1489.0,81,81,0,30370,1166,35,-58692.52709889999,-29346.263549449995,356.285577141773,50,10
2979,48.85920100790339,7.403745923327088,24.429600503951693,3432,6.229809523809525,1716.0,2979,1489.5,81,81,0,30380,1166,35,-58718.52709889999,-29359.263549449995,356.30384698304283,50,10
2980,48.85920100790339,7.403745923327088,24.429600503951693,3442,6.248079365079365,1721.0,2980,1490.0,81,81,0,30390,1166,35,-58744.52709889999,-29372.263549449995,356.3221168243127,50,10
2981,48.85920100790339,7.403745923327088,24.429600503951693,3452,6.266349206349207,1726.0,2981,1490.5,81,81,0,30400,1166,35,-58770.52709889999,-29385.263549449995,356.3403866655825,50,10
2982,48.85920100790339,7.403745923327088,24.429600503951693,3462,6.2846190476190475,1731.0,2982,1491.0,81,81,0,30410,1166,35,-58796.52709889999,-29398.263549449995,356.35865650685236,50,10
2983,48.85920100790339,7.403745923327088,24.429600503951693,3472,6.302888888888889,1736.0,2983,1491.5,81,81,0,30420,1166,35,-58822.52709889999,-29411.263549449995,356.3769263481222,50,10
2984,48.85920100790339,7.403745923327088,24.429600503951693,3482,6.32115873015873,1741.0,2984,1492.0,81,81,0,30430,1166,35,-58848.52709889999,-29424.263549449995,356.39519618939204,50,10
2985,48.85920100790339,7.403745923327088,24.429600503951693,3492,6.339428571428572,1746.0,2985,1492.5,81,81,0,30440,1166,35,-58874.52709889999,-29437.263549449995,356.4134660306619,50,10
2986,48.85920100790339,7.403745923327088,24.429600503951693,3502,6.3576984126984115,1751.0,2986,1493.0,81,81,0,30450,1168,35,-58900.52709889999,-29450.263549449995,356.4317358719317,50,10
2987,48.85920100790339,7.403745923327088,24.429600503951693,3512,6.375968253968255,1756.0,2987,1493.5,81,81,0,30460,1168,35,-58926.52709889999,-29463.263549449995,356.45000571320156,50,10
2988,48.85920100790339,7.403745923327088,24.429600503951693,3522,6.394238095238095,1761.0,2988,1494.0,81,81,0,30470,1168,35,-58952.52709889999,-29476.263549449995,356.4682755544714,50,10
2989,48.85920100790339,7.403745923327088,24.429600503951693,3532,6.412507936507937,1766.0,2989,1494.5,81,81,0,30480,1168,35,-58978.52709889999,-29489.263549449995,356.48654539574125,50,10
2990,48.85920100790339,7.403745923327088,24.429600503951693,3543,6.432563492063492,1771.5,2990,1495.0,81,81,0,30490,1170,35,-59006.52709889999,-29503.263549449995,356.5066009512968,50,10
2991,48.85920100790339,7.403745923327088,24.429600503951693,3554,6.452619047619048,1777.0,2991,1495.5,81,81,0,30500,1172,35,-59034.52709889999,-29517.263549449995,356.52665650685236,50,10
2992,48.85920100790339,7.403745923327088,24.429600503951693,3565,6.472674603174602,1782.5,2992,1496.0,81,81,0,30510,1172,35,-59062.52709889999,-29531.263549449995,356.5467120624079,50,10
2993,48.85920100790339,7.403745923327088,24.429600503951693,3576,6.492730158730159,1788.0,2993,1496.5,81,81,0,30520,1172,35,-59090.52709889999,-29545.263549449995,356.5667676179635,50,10
2994,48.85920100790339,7.403745923327088,24.429600503951693,3587,6.512785714285714,1793.5,2994,1497.0,81,81,0,30530,1172,35,-59118.52709889999,-29559.263549449995,356.586823173519,50,10
2995,48.85920100790339,7.403745923327088,24.429600503951693,3598,6.53284126984127,1799.0,2995,1497.5,81,81,0,30540,1172,35,-59146.52709889999,-29573.263549449995,356.60687872907454,50,10
2996,48.85920100790339,7.403745923327088,24.429600503951693,3609,6.552896825396826,1804.5,2996,1498.0,81,81,0,30550,1174,35,-59174.52709889999,-29587.263549449995,356.6269342846301,50,10
2997,48.85920100790339,7.403745923327088,24.429600503951693,3620,6.572952380952381,1810.0,2997,1498.5,81,81,0,30560,1174,35,-59202.52709889999,-29601.263549449995,356.64698984018565,50,10
2998,48.85920100790339,7.403745923327088,24.429600503951693,3631,6.593007936507936,1815.5,2998,1499.0,81,81,0,30570,1176,35,-59230.52709889999,-29615.263549449995,356.66704539574124,50,10
2999,48.85920100790339,7.403745923327088,24.429600503951693,3642,6.6130634920634925,1821.0,2999,1499.5,81,81,0,30580,1176,35,-59258.52709889999,-29629.263549449995,356.68710095129677,50,10
3000,48.85920100790339,7.403745923327088,24.429600503951693,3653,6.633119047619047,1826.5,3000,1500.0,81,81,0,30590,1176,35,-59286.52709889999,-29643.263549449995,356.70715650685236,50,10
3001,48.85920100790339,7.403745923327088,24.429600503951693,3664,6.653174603174603,1832.0,3001,1500.5,81,81,0,30600,1176,35,-59314.52709889999,-29657.263549449995,356.7272120624079,50,10
3002,48.85920100790339,7.403745923327088,24.429600503951693,3675,6.673230158730158,1837.5,3002,1501.0,81,81,0,30610,1176,35,-59342.52709889999,-29671.263549449995,356.7472676179635,50,10
3003,48.85920100790339,7.403745923327088,24.429600503951693,3686,6.6932857142857145,1843.0,3003,1501.5,81,81,0,30620,1176,35,-59370.52709889999,-29685.263549449995,356.767323173519,50,10
3004,48.85920100790339,7.403745923327088,24.429600503951693,3697,6.713341269841269,1848.5,3004,1502.0,81,81,0,30630,1176,35,-59398.52709889999,-29699.263549449995,356.7873787290746,50,10
3005,48.85920100790339,7.403745923327088,24.429600503951693,3708,6.7333968253968255,1854.0,3005,1502.5,81,81,0,30640,1176,35,-59426.52709889999,-29713.263549449995,356.8074342846301,50,10
3006,48.85920100790339,7.403745923327088,24.429600503951693,3719,6.753452380952382,1859.5,3006,1503.0,81,81,0,30650,1176,35,-59454.52709889999,-29727.263549449995,356.82748984018565,50,10
3007,48.85920100790339,7.403745923327088,24.429600503951693,3730,6.7735079365079365,1865.0,3007,1503.5,81,81,0,30660,1178,35,-59482.52709889999,-29741.263549449995,356.84754539574124,50,10
3008,48.85920100790339,7.403745923327088,24.429600503951693,3741,6.793563492063492,1870.5,3008,1504.0,81,81,0,30670,1178,35,-59510.52709889999,-29755.263549449995,356.86760095129677,50,10
3009,48.85920100790339,7.403745923327088,24.429600503951693,3752,6.8136190476190475,1876.0,3009,1504.5,81,81,0,30680,1178,35,-59538.52709889999,-29769.263549449995,356.88765650685235,50,10
3010,48.85920100790339,7.403745923327088,24.429600503951693,3763,6.833674603174604,1881.5,3010,1505.0,81,81,0,30690,1178,35,-59566.52709889999,-29783.263549449995,356.9077120624079,50,10
3011,48.85920100790339,7.403745923327088,24.429600503951693,3774,6.8537301587301585,1887.0,3011,1505.5,81,81,0,30700,1178,35,-59594.52709889999,-29797.263549449995,356.92776761796347,50,10
3012,48.85920100790339,7.403745923327088,24.429600503951693,3785,6.873785714285714,1892.5,3012,1506.0,81,81,0,30710,1178,35,-59622.52709889999,-29811.263549449995,356.947823173519,50,10
3013,48.85920100790339,7.403745923327088,24.429600503951693,3796,6.893841269841269,1898.0,3013,1506.5,81,81,0,30720,1178,35,-59650.52709889999,-29825.263549449995,356.9678787290746,50,10
3014,48.85920100790339,7.403745923327088,24.429600503951693,3246,5.912111111111111,1623.0,3014,1507.0,81,81,0,30730,1180,36,-59696.52709889999,-29848.263549449995,365.9861485703444,50,10
3015,48.85920100790339,7.403745923327088,24.429600503951693,3256,5.930380952380952,1628.0,3015,1507.5,81,81,0,30740,1180,36,-59722.52709889999,-29861.263549449995,366.00441841161427,50,10
3016,48.85920100790339,7.403745923327088,24.429600503951693,3266,5.948650793650794,1633.0,3016,1508.0,81,81,0,30750,1180,36,-59748.52709889999,-29874.263549449995,366.0226882528841,50,10
3017,48.85920100790339,7.403745923327088,24.429600503951693,3276,5.966920634920634,1638.0,3017,1508.5,81,81,0,30760,1180,36,-59774.52709889999,-29887.263549449995,366.04095809415395,50,10
3018,48.85920100790339,7.403745923327088,24.429600503951693,3286,5.985190476190476,1643.0,3018,1509.0,81,81,0,30770,1180,36,-59800.52709889999,-29900.263549449995,366.0592279354238,50,10
3019,48.85920100790339,7.403745923327088,24.429600503951693,3296,6.003460317460318,1648.0,3019,1509.5,81,81,0,30780,1182,36,-59826.52709889999,-29913.263549449995,366.07749777669363,50,10
3020,48.85920100790339,7.403745923327088,24.429600503951693,3306,6.0217301587301595,1653.0,3020,1510.0,81,81,0,30790,1182,36,-59852.52709889999,-29926.263549449995,366.0957676179635,50,10
3021,48.85920100790339,7.403745923327088,24.429600503951693,3316,6.039999999999999,1658.0,3021,1510.5,81,81,0,30800,1184,36,-59878.52709889999,-29939.263549449995,366.1140374592333,50,10
3022,48.85920100790339,7.403745923327088,24.429600503951693,3326,6.0582698412698415,1663.0,3022,1511.0,81,81,0,30810,1184,36,-59904.52709889999,-29952.263549449995,366.13230730050316,50,10
3023,48.85920100790339,7.403745923327088,24.429600503951693,3337,6.078325396825397,1668.5,3023,1511.5,81,81,0,30820,1184,36,-59932.52709889999,-29966.263549449995,366.1523628560587,50,10
3024,48.85920100790339,7.403745923327088,24.429600503951693,3348,6.0983809523809525,1674.0,3024,1512.0,81,81,0,30830,1184,36,-59960.52709889999,-29980.263549449995,366.1724184116143,50,10
3025,48.85920100790339,7.403745923327088,24.429600503951693,3359,6.118436507936509,1679.5,3025,1512.5,81,81,0,30840,1184,36,-59988.52709889999,-29994.263549449995,366.1924739671698,50,10
3026,48.85920100790339,7.403745923327088,24.429600503951693,3370,6.1384920634920634,1685.0,3026,1513.0,81,81,0,30850,1184,36,-60016.52709889999,-30008.263549449995,366.21252952272533,50,10
3027,48.85920100790339,7.403745923327088,24.429600503951693,3381,6.158547619047619,1690.5,3027,1513.5,81,81,0,30860,1184,36,-60044.52709889999,-30022.263549449995,366.2325850782809,50,10
3028,48.85920100790339,7.403745923327088,24.429600503951693,3392,6.178603174603175,1696.0,3028,1514.0,81,81,0,30870,1184,36,-60072.52709889999,-30036.263549449995,366.25264063383645,50,10
3029,48.85920100790339,7.403745923327088,24.429600503951693,3403,6.19865873015873,1701.5,3029,1514.5,81,81,0,30880,1184,36,-60100.52709889999,-30050.263549449995,366.27269618939204,50,10
3030,48.85920100790339,7.403745923327088,24.429600503951693,3414,6.2187142857142845,1707.0,3030,1515.0,81,81,0,30890,1184,36,-60128.52709889999,-30064.263549449995,366.29275174494757,50,10
3031,48.85920100790339,7.403745923327088,24.429600503951693,3425,6.238769841269842,1712.5,3031,1515.5,81,81,0,30900,1184,36,-60156.52709889999,-30078.263549449995,366.31280730050315,50,10
3032,48.85920100790339,7.403745923327088,24.429600503951693,3436,6.258825396825397,1718.0,3032,1516.0,81,81,0,30910,1184,36,-60184.52709889999,-30092.263549449995,366.3328628560587,50,10
3033,48.85920100790339,7.403745923327088,24.429600503951693,3447,6.278880952380952,1723.5,3033,1516.5,81,81,0,30920,1184,36,-60212.52709889999,-30106.263549449995,366.35291841161427,50,10
3034,48.85920100790339,7.403745923327088,24.429600503951693,3458,6.298936507936507,1729.0,3034,1517.0,81,81,0,30930,1186,36,-60240.52709889999,-30120.263549449995,366.3729739671698,50,10
3035,48.85920100790339,7.403745923327088,24.429600503951693,3469,6.318992063492063,1734.5,3035,1517.5,81,81,0,30940,1186,36,-60268.52709889999,-30134.263549449995,366.3930295227254,50,10
3036,48.85920100790339,7.403745923327088,24.429600503951693,3480,6.339047619047619,1740.0,3036,1518.0,81,81,0,30950,1186,36,-60296.52709889999,-30148.263549449995,366.4130850782809,50,10
3037,48.85920100790339,7.403745923327088,24.429600503951693,3491,6.359103174603175,1745.5,3037,1518.5,81,81,0,30960,1186,36,-60324.52709889999,-30162.263549449995,366.43314063383644,50,10
3038,48.85920100790339,7.403745923327088,24.429600503951693,3502,6.37915873015873,1751.0,3038,1519.0,81,81,0,30970,1190,36,-60352.52709889999,-30176.263549449995,366.45319618939203,50,10
3039,48.85920100790339,7.403745923327088,24.429600503951693,3513,6.399214285714287,1756.5,3039,1519.5,81,81,0,30980,1190,36,-60380.52709889999,-30190.263549449995,366.47325174494756,50,10
3040,48.85920100790339,7.403745923327088,24.429600503951693,3524,6.419269841269841,1762.0,3040,1520.0,81,81,0,30990,1190,36,-60408.52709889999,-30204.263549449995,366.49330730050315,50,10
3041,48.85920100790339,7.403745923327088,24.429600503951693,3535,6.439325396825397,1767.5,3041,1520.5,81,81,0,31000,1190,36,-60436.52709889999,-30218.263549449995,366.5133628560587,50,10
3042,48.85920100790339,7.403745923327088,24.429600503951693,3546,6.459380952380951,1773.0,3042,1521.0,81,81,0,31010,1190,36,-60464.52709889999,-30232.263549449995,366.53341841161426,50,10
3043,48.85920100790339,7.403745923327088,24.429600503951693,3557,6.479436507936508,1778.5,3043,1521.5,81,81,0,31020,1190,36,-60492.52709889999,-30246.263549449995,366.5534739671698,50,10
3044,48.85920100790339,7.403745923327088,24.429600503951693,3568,6.499492063492064,1784.0,3044,1522.0,81,81,0,31030,1190,36,-60520.52709889999,-30260.263549449995,366.5735295227254,50,10
3045,48.85920100790339,7.403745923327088,24.429600503951693,3579,6.519547619047619,1789.5,3045,1522.5,81,81,0,31040,1190,36,-60548.52709889999,-30274.263549449995,366.5935850782809,50,10
3046,48.85920100790339,7.403745923327088,24.429600503951693,3029,5.53781746031746,1514.5,3046,1523.0,81,81,0,31050,1190,37,-60594.52709889999,-30297.263549449995,375.61185491955075,50,10
3047,48.85920100790339,7.403745923327088,24.429600503951693,3039,5.556087301587302,1519.5,3047,1523.5,81,81,0,31060,1190,37,-60620.52709889999,-30310.263549449995,375.6301247608206,50,10
3048,48.85920100790339,7.403745923327088,24.429600503951693,3049,5.574357142857143,1524.5,3048,1524.0,81,81,0,31070,1190,37,-60646.52709889999,-30323.263549449995,375.64839460209043,50,10
3049,48.85920100790339,7.403745923327088,24.429600503951693,3059,5.5926269841269844,1529.5,3049,1524.5,81,81,0,31080,1190,37,-60672.52709889999,-30336.263549449995,375.6666644433603,50,10
3050,48.85920100790339,7.403745923327088,24.429600503951693,3069,5.610896825396825,1534.5,3050,1525.0,81,81,0,31090,1192,37,-60698.52709889999,-30349.263549449995,375.6849342846301,50,10
3051,48.85920100790339,7.403745923327088,24.429600503951693,3079,5.629166666666666,1539.5,3051,1525.5,81,81,0,31100,1192,37,-60724.52709889999,-30362.263549449995,375.70320412589996,50,10
3052,48.85920100790339,7.403745923327088,24.429600503951693,3089,5.647436507936509,1544.5,3052,1526.0,81,81,0,31110,1192,37,-60750.52709889999,-30375.263549449995,375.7214739671698,50,10
3053,48.85920100790339,7.403745923327088,24.429600503951693,3099,5.665706349206349,1549.5,3053,1526.5,81,81,0,31120,1192,37,-60776.52709889999,-30388.263549449995,375.73974380843964,50,10
3054,48.85920100790339,7.403745923327088,24.429600503951693,3109,5.68397619047619,1554.5,3054,1527.0,81,81,0,31130,1192,37,-60802.52709889999,-30401.263549449995,375.7580136497095,50,10
3055,48.85920100790339,7.403745923327088,24.429600503951693,3119,5.702246031746032,1559.5,3055,1527.5,81,81,0,31140,1192,37,-60828.52709889999,-30414.263549449995,375.7762834909793,50,10
3056,48.85920100790339,7.403745923327088,24.429600503951693,3129,5.720515873015873,1564.5,3056,1528.0,81,81,0,31150,1192,37,-60854.52709889999,-30427.263549449995,375.79455333224917,50,10
3057,48.85920100790339,7.403745923327088,24.429600503951693,3139,5.738785714285714,1569.5,3057,1528.5,81,81,0,31160,1192,37,-60880.52709889999,-30440.263549449995,375.812823173519,50,10
3058,48.85920100790339,7.403745923327088,24.429600503951693,3149,5.757055555555556,1574.5,3058,1529.0,81,81,0,31170,1192,37,-60906.52709889999,-30453.263549449995,375.83109301478885,50,10
3059,48.85920100790339,7.403745923327088,24.429600503951693,3159,5.775325396825397,1579.5,3059,1529.5,81,81,0,31180,1192,37,-60932.52709889999,-30466.263549449995,375.8493628560587,50,10
3060,48.85920100790339,7.403745923327088,24.429600503951693,3169,5.7935952380952385,1584.5,3060,1530.0,81,81,0,31190,1192,37,-60958.52709889999,-30479.263549449995,375.86763269732853,50,10
3061,48.85920100790339,7.403745923327088,24.429600503951693,3179,5.811865079365079,1589.5,3061,1530.5,81,81,0,31200,1192,37,-60984.52709889999,-30492.263549449995,375.8859025385984,50,10
3062,48.85920100790339,7.403745923327088,24.429600503951693,3189,5.8301349206349204,1594.5,3062,1531.0,81,81,0,31210,1192,37,-61010.52709889999,-30505.263549449995,375.9041723798682,50,10
3063,48.85920100790339,7.403745923327088,24.429600503951693,3199,5.848404761904763,1599.5,3063,1531.5,81,81,0,31220,1192,37,-61036.52709889999,-30518.263549449995,375.92244222113806,50,10
3064,48.85920100790339,7.403745923327088,24.429600503951693,3209,5.866674603174603,1604.5,3064,1532.0,81,81,0,31230,1192,37,-61062.52709889999,-30531.263549449995,375.9407120624079,50,10
3065,48.85920100790339,7.403745923327088,24.429600503951693,3219,5.884944444444444,1609.5,3065,1532.5,81,81,0,31240,1192,37,-61088.52709889999,-30544.263549449995,375.95898190367774,50,10
3066,48.85920100790339,7.403745923327088,24.429600503951693,3229,5.903214285714286,1614.5,3066,1533.0,81,81,0,31250,1192,37,-61114.52709889999,-30557.263549449995,375.9772517449476,50,10
3067,48.85920100790339,7.403745923327088,24.429600503951693,3239,5.921484126984128,1619.5,3067,1533.5,81,81,0,31260,1192,37,-61140.52709889999,-30570.263549449995,375.9955215862174,50,10
3068,48.85920100790339,7.403745923327088,24.429600503951693,3249,5.939753968253968,1624.5,3068,1534.0,81,81,0,31270,1192,37,-61166.52709889999,-30583.263549449995,376.01379142748726,50,10
3069,48.85920100790339,7.403745923327088,24.429600503951693,3259,5.958023809523809,1629.5,3069,1534.5,81,81,0,31280,1192,37,-61192.52709889999,-30596.263549449995,376.0320612687571,50,10
3070,48.85920100790339,7.403745923327088,24.429600503951693,3269,5.976293650793651,1634.5,3070,1535.0,81,81,0,31290,1192,37,-61218.52709889999,-30609.263549449995,376.05033111002695,50,10
3071,48.85920100790339,7.403745923327088,24.429600503951693,3279,5.994563492063492,1639.5,3071,1535.5,81,81,0,31300,1194,37,-61244.52709889999,-30622.263549449995,376.0686009512968,50,10
3072,48.85920100790339,7.403745923327088,24.429600503951693,3289,6.012833333333334,1644.5,3072,1536.0,81,81,0,31310,1194,37,-61270.52709889999,-30635.263549449995,376.08687079256663,50,10
3073,48.85920100790339,7.403745923327088,24.429600503951693,2738,5.02931746031746,1369.0,3073,1536.5,81,81,0,31320,1194,38,-61314.52709889999,-30657.263549449995,385.1033549195508,50,10
3074,48.85920100790339,7.403745923327088,24.429600503951693,2747,5.045801587301587,1373.5,3074,1537.0,81,81,0,31330,1194,38,-61338.52709889999,-30669.263549449995,385.1198390465349,50,10
3075,48.85920100790339,7.403745923327088,24.429600503951693,2756,5.062285714285714,1378.0,3075,1537.5,81,81,0,31340,1194,38,-61362.52709889999,-30681.263549449995,385.13632317351903,50,10
3076,48.85920100790339,7.403745923327088,24.429600503951693,2765,5.078769841269842,1382.5,3076,1538.0,81,81,0,31350,1194,38,-61386.52709889999,-30693.263549449995,385.1528073005031,50,10
3077,48.85920100790339,7.403745923327088,24.429600503951693,2774,5.095253968253968,1387.0,3077,1538.5,81,81,0,31360,1194,38,-61410.52709889999,-30705.263549449995,385.1692914274873,50,10
3078,48.85920100790339,7.403745923327088,24.429600503951693,2783,5.1117380952380955,1391.5,3078,1539.0,81,81,0,31370,1196,38,-61434.52709889999,-30717.263549449995,385.1857755544714,50,10
3079,48.85920100790339,7.403745923327088,24.429600503951693,2792,5.128222222222222,1396.0,3079,1539.5,81,81,0,31380,1196,38,-61458.52709889999,-30729.263549449995,385.20225968145553,50,10
3080,48.85920100790339,7.403745923327088,24.429600503951693,2801,5.144706349206349,1400.5,3080,1540.0,81,81,0,31390,1198,38,-61482.52709889999,-30741.263549449995,385.2187438084396,50,10
3081,48.85920100790339,7.403745923327088,24.429600503951693,2810,5.161190476190477,1405.0,3081,1540.5,81,81,0,31400,1198,38,-61506.52709889999,-30753.263549449995,385.2352279354238,50,10
3082,48.85920100790339,7.403745923327088,24.429600503951693,2819,5.177674603174603,1409.5,3082,1541.0,81,81,0,31410,1198,38,-61530.52709889999,-30765.263549449995,385.2517120624079,50,10
3083,48.85920100790339,7.403745923327088,24.429600503951693,2828,5.19415873015873,1414.0,3083,1541.5,81,81,0,31420,1198,38,-61554.52709889999,-30777.263549449995,385.26819618939203,50,10
3084,48.85920100790339,7.403745923327088,24.429600503951693,2837,5.210642857142857,1418.5,3084,1542.0,81,81,0,31430,1198,38,-61578.52709889999,-30789.263549449995,385.2846803163761,50,10
3085,48.85920100790339,7.403745923327088,24.429600503951693,2846,5.2271269841269845,1423.0,3085,1542.5,81,81,0,31440,1198,38,-61602.52709889999,-30801.263549449995,385.3011644433603,50,10
3086,48.85920100790339,7.403745923327088,24.429600503951693,2855,5.243611111111111,1427.5,3086,1543.0,81,81,0,31450,1198,38,-61626.52709889999,-30813.263549449995,385.31764857034443,50,10
3087,48.85920100790339,7.403745923327088,24.429600503951693,2864,5.2600952380952375,1432.0,3087,1543.5,81,81,0,31460,1198,38,-61650.52709889999,-30825.263549449995,385.3341326973285,50,10
3088,48.85920100790339,7.403745923327088,24.429600503951693,2873,5.276579365079366,1436.5,3088,1544.0,81,81,0,31470,1198,38,-61674.52709889999,-30837.263549449995,385.3506168243127,50,10
3089,48.85920100790339,7.403745923327088,24.429600503951693,2882,5.293063492063492,1441.0,3089,1544.5,81,81,0,31480,1198,38,-61698.52709889999,-30849.263549449995,385.3671009512968,50,10
3090,48.85920100790339,7.403745923327088,24.429600503951693,2891,5.309547619047619,1445.5,3090,1545.0,81,81,0,31490,1198,38,-61722.52709889999,-30861.263549449995,385.38358507828093,50,10
3091,48.85920100790339,7.403745923327088,24.429600503951693,2900,5.326031746031747,1450.0,3091,1545.5,81,81,0,31500,1198,38,-61746.52709889999,-30873.263549449995,385.400069205265,50,10
3092,48.85920100790339,7.403745923327088,24.429600503951693,2909,5.342515873015873,1454.5,3092,1546.0,81,81,0,31510,1200,38,-61770.52709889999,-30885.263549449995,385.4165533322492,50,10
3093,48.85920100790339,7.403745923327088,24.429600503951693,2918,5.359,1459.0,3093,1546.5,81,81,0,31520,1202,38,-61794.52709889999,-30897.263549449995,385.4330374592333,50,10
3094,48.85920100790339,7.403745923327088,24.429600503951693,2927,5.3754841269841265,1463.5,3094,1547.0,81,81,0,31530,1202,38,-61818.52709889999,-30909.263549449995,385.44952158621743,50,10
3095,48.85920100790339,7.403745923327088,24.429600503951693,2936,5.391968253968253,1468.0,3095,1547.5,81,81,0,31540,1202,38,-61842.52709889999,-30921.263549449995,385.4660057132015,50,10
3096,48.85920100790339,7.403745923327088,24.429600503951693,2945,5.408452380952381,1472.5,3096,1548.0,81,81,0,31550,1202,38,-61866.52709889999,-30933.263549449995,385.4824898401857,50,10
3097,48.85920100790339,7.403745923327088,24.429600503951693,2954,5.424936507936509,1477.0,3097,1548.5,81,81,0,31560,1202,38,-61890.52709889999,-30945.263549449995,385.49897396716983,50,10
3098,48.85920100790339,7.403745923327088,24.429600503951693,2963,5.441420634920634,1481.5,3098,1549.0,81,81,0,31570,1202,38,-61914.52709889999,-30957.263549449995,385.5154580941539,50,10
3099,48.85920100790339,7.403745923327088,24.429600503951693,2972,5.4579047619047625,1486.0,3099,1549.5,81,81,0,31580,1202,38,-61938.52709889999,-30969.263549449995,385.5319422211381,50,10
3100,48.85920100790339,7.403745923327088,24.429600503951693,2981,5.474388888888889,1490.5,3100,1550.0,81,81,0,31590,1204,38,-61962.52709889999,-30981.263549449995,385.5484263481222,50,10
3101,48.85920100790339,7.403745923327088,24.429600503951693,2429,4.489087301587301,1214.5,3101,1550.5,81,81,0,31600,1204,39,-62004.52709889999,-31002.263549449995,394.5631247608206,50,10
3102,48.85920100790339,7.403745923327088,24.429600503951693,1936,3.501785714285714,968.0,3102,1551.0,81,81,0,31610,1204,40,-62044.52709889999,-31022.263549449995,403.575823173519,50,10
3103,48.85920100790339,7.403745923327088,24.429600503951693,1943,3.5144841269841267,971.5,3103,1551.5,81,81,0,31620,1204,40,-62064.52709889999,-31032.263549449995,403.58852158621744,50,10
3104,48.85920100790339,7.403745923327088,24.429600503951693,1950,3.52718253968254,975.0,3104,1552.0,81,81,0,31630,1204,40,-62084.52709889999,-31042.263549449995,403.60121999891584,50,10
3105,48.85920100790339,7.403745923327088,24.429600503951693,1957,3.539880952380953,978.5,3105,1552.5,81,81,0,31640,1204,40,-62104.52709889999,-31052.263549449995,403.61391841161424,50,10
3106,48.85920100790339,7.403745923327088,24.429600503951693,1964,3.5525793650793647,982.0,3106,1553.0,81,81,0,31650,1204,40,-62124.52709889999,-31062.263549449995,403.62661682431263,50,10
3107,48.85920100790339,7.403745923327088,24.429600503951693,1971,3.5652777777777778,985.5,3107,1553.5,81,81,0,31660,1204,40,-62144.52709889999,-31072.263549449995,403.6393152370111,50,10
3108,48.85920100790339,7.403745923327088,24.429600503951693,1978,3.577976190476191,989.0,3108,1554.0,81,81,0,31670,1204,40,-62164.52709889999,-31082.263549449995,403.6520136497095,50,10
3109,48.85920100790339,7.403745923327088,24.429600503951693,1985,3.590674603174603,992.5,3109,1554.5,81,81,0,31680,1204,40,-62184.52709889999,-31092.263549449995,403.6647120624079,50,10
3110,48.85920100790339,7.403745923327088,24.429600503951693,1992,3.6033730158730157,996.0,3110,1555.0,81,81,0,31690,1204,40,-62204.52709889999,-31102.263549449995,403.6774104751063,50,10
3111,48.85920100790339,7.403745923327088,24.429600503951693,1999,3.616071428571429,999.5,3111,1555.5,81,81,0,31700,1204,40,-62224.52709889999,-31112.263549449995,403.69010888780474,50,10
3112,48.85920100790339,7.403745923327088,24.429600503951693,1445,2.626984126984127,722.5,3112,1556.0,81,81,0,31710,1204,41,-62262.52709889999,-31131.263549449995,412.70102158621745,50,10
3113,48.85920100790339,7.403745923327088,24.429600503951693,1451,2.637896825396825,725.5,3113,1556.5,81,81,0,31720,1204,41,-62280.52709889999,-31140.263549449995,412.7119342846301,50,10
3114,48.85920100790339,7.403745923327088,24.429600503951693,1457,2.6488095238095237,728.5,3114,1557.0,81,81,0,31730,1204,41,-62298.52709889999,-31149.263549449995,412.7228469830428,50,10
3115,48.85920100790339,7.403745923327088,24.429600503951693,1463,2.6597222222222223,731.5,3115,1557.5,81,81,0,31740,1204,41,-62316.52709889999,-31158.263549449995,412.7337596814555,50,10
3116,48.85920100790339,7.403745923327088,24.429600503951693,1469,2.6706349206349205,734.5,3116,1558.0,81,81,0,31750,1204,41,-62334.52709889999,-31167.263549449995,412.74467237986823,50,10
3117,48.85920100790339,7.403745923327088,24.429600503951693,1475,2.681547619047619,737.5,3117,1558.5,81,81,0,31760,1204,41,-62352.52709889999,-31176.263549449995,412.7555850782809,50,10
3118,48.85920100790339,7.403745923327088,24.429600503951693,1481,2.692460317460317,740.5,3118,1559.0,81,81,0,31770,1206,41,-62370.52709889999,-31185.263549449995,412.7664977766936,50,10
3119,48.85920100790339,7.403745923327088,24.429600503951693,1487,2.703373015873016,743.5,3119,1559.5,81,81,0,31780,1208,41,-62388.52709889999,-31194.263549449995,412.7774104751063,50,10
3120,48.85920100790339,7.403745923327088,24.429600503951693,1493,2.714285714285714,746.5,3120,1560.0,81,81,0,31790,1208,41,-62406.52709889999,-31203.263549449995,412.788323173519,50,10
3121,48.85920100790339,7.403745923327088,24.429600503951693,1499,2.725198412698413,749.5,3121,1560.5,81,81,0,31800,1208,41,-62424.52709889999,-31212.263549449995,412.7992358719317,50,10
3122,48.85920100790339,7.403745923327088,24.429600503951693,1505,2.736111111111111,752.5,3122,1561.0,81,81,0,31810,1208,41,-62442.52709889999,-31221.263549449995,412.8101485703444,50,10
3123,48.85920100790339,7.403745923327088,24.429600503951693,1511,2.7470238095238098,755.5,3123,1561.5,81,81,0,31820,1208,41,-62460.52709889999,-31230.263549449995,412.8210612687571,50,10
3124,48.85920100790339,7.403745923327088,24.429600503951693,1517,2.757936507936508,758.5,3124,1562.0,81,81,0,31830,1208,41,-62478.52709889999,-31239.263549449995,412.8319739671698,50,10
3125,48.85920100790339,7.403745923327088,24.429600503951693,1523,2.768849206349206,761.5,3125,1562.5,81,81,0,31840,1210,41,-62496.52709889999,-31248.263549449995,412.8428866655825,50,10
3126,48.85920100790339,7.403745923327088,24.429600503951693,1529,2.7797619047619047,764.5,3126,1563.0,81,81,0,31850,1210,41,-62514.52709889999,-31257.263549449995,412.8537993639952,50,10
3127,48.85920100790339,7.403745923327088,24.429600503951693,1535,2.7906746031746033,767.5,3127,1563.5,81,81,0,31860,1210,41,-62532.52709889999,-31266.263549449995,412.8647120624079,50,10
3128,48.85920100790339,7.403745923327088,24.429600503951693,1541,2.8015873015873014,770.5,3128,1564.0,81,81,0,31870,1210,41,-62550.52709889999,-31275.263549449995,412.8756247608206,50,10
3129,48.85920100790339,7.403745923327088,24.429600503951693,1547,2.8125,773.5,3129,1564.5,81,81,0,31880,1210,41,-62568.52709889999,-31284.263549449995,412.8865374592333,50,10
3130,48.85920100790339,7.403745923327088,24.429600503951693,1553,2.8234126984126986,776.5,3130,1565.0,81,81,0,31890,1212,41,-62586.52709889999,-31293.263549449995,412.897450157646,50,10
3131,48.85920100790339,7.403745923327088,24.429600503951693,1559,2.8343253968253967,779.5,3131,1565.5,81,81,0,31900,1212,41,-62604.52709889999,-31302.263549449995,412.9083628560587,50,10
3132,48.85920100790339,7.403745923327088,24.429600503951693,1565,2.8452380952380953,782.5,3132,1566.0,81,81,0,31910,1212,41,-62622.52709889999,-31311.263549449995,412.91927555447137,50,10
3133,48.85920100790339,7.403745923327088,24.429600503951693,1571,2.856150793650794,785.5,3133,1566.5,81,81,0,31920,1212,41,-62640.52709889999,-31320.263549449995,412.9301882528841,50,10
3134,48.85920100790339,7.403745923327088,24.429600503951693,1577,2.867063492063492,788.5,3134,1567.0,81,81,0,31930,1212,41,-62658.52709889999,-31329.263549449995,412.9411009512968,50,10
3135,48.85920100790339,7.403745923327088,24.429600503951693,1583,2.8779761904761902,791.5,3135,1567.5,81,81,0,31940,1214,41,-62676.52709889999,-31338.263549449995,412.9520136497095,50,10
3136,48.85920100790339,7.403745923327088,24.429600503951693,1589,2.888888888888889,794.5,3136,1568.0,81,81,0,31950,1214,41,-62694.52709889999,-31347.263549449995,412.9629263481222,50,10
3137,48.85920100790339,7.403745923327088,24.429600503951693,1595,2.899801587301587,797.5,3137,1568.5,81,81,0,31960,1214,41,-62712.52709889999,-31356.263549449995,412.97383904653486,50,10
3138,48.85920100790339,7.403745923327088,24.429600503951693,1601,2.9107142857142856,800.5,3138,1569.0,81,81,0,31970,1214,41,-62730.52709889999,-31365.263549449995,412.9847517449476,50,10
3139,48.85920100790339,7.403745923327088,24.429600503951693,1607,2.921626984126984,803.5,3139,1569.5,81,81,0,31980,1214,41,-62748.52709889999,-31374.263549449995,412.9956644433603,50,10
3140,48.85920100790339,7.403745923327088,24.429600503951693,1613,2.932539682539683,806.5,3140,1570.0,81,81,0,31990,1214,41,-62766.52709889999,-31383.263549449995,413.006577141773,50,10
3141,48.85920100790339,7.403745923327088,24.429600503951693,1619,2.943452380952381,809.5,3141,1570.5,81,81,0,32000,1216,41,-62784.52709889999,-31392.263549449995,413.0174898401857,50,10
3142,48.85920100790339,7.403745923327088,24.429600503951693,1625,2.9543650793650795,812.5,3142,1571.0,81,81,0,32010,1216,41,-62802.52709889999,-31401.263549449995,413.02840253859836,50,10
3143,48.85920100790339,7.403745923327088,24.429600503951693,1631,2.9652777777777777,815.5,3143,1571.5,81,81,0,32020,1216,41,-62820.52709889999,-31410.263549449995,413.03931523701107,50,10
3144,48.85920100790339,7.403745923327088,24.429600503951693,1637,2.9761904761904763,818.5,3144,1572.0,81,81,0,32030,1216,41,-62838.52709889999,-31419.263549449995,413.0502279354238,50,10
3145,48.85920100790339,7.403745923327088,24.429600503951693,1643,2.987103174603175,821.5,3145,1572.5,81,81,0,32040,1216,41,-62856.52709889999,-31428.263549449995,413.0611406338365,50,10
3146,48.85920100790339,7.403745923327088,24.429600503951693,1088,1.9962301587301587,544.0,3146,1573.0,81,81,0,32050,1216,42,-62892.52709889999,-31446.263549449995,422.07026761796345,50,10
3147,48.85920100790339,7.403745923327088,24.429600503951693,1093,2.0053571428571426,546.5,3147,1573.5,81,81,0,32060,1216,42,-62908.52709889999,-31454.263549449995,422.0793946020904,50,10
3148,48.85920100790339,7.403745923327088,24.429600503951693,1098,2.014484126984127,549.0,3148,1574.0,81,81,0,32070,1218,42,-62924.52709889999,-31462.263549449995,422.08852158621744,50,10
3149,48.85920100790339,7.403745923327088,24.429600503951693,1103,2.0236111111111112,551.5,3149,1574.5,81,81,0,32080,1218,42,-62940.52709889999,-31470.263549449995,422.0976485703444,50,10
3150,48.85920100790339,7.403745923327088,24.429600503951693,1108,2.0327380952380953,554.0,3150,1575.0,81,81,0,32090,1220,42,-62956.52709889999,-31478.263549449995,422.10677555447137,50,10
3151,48.85920100790339,7.403745923327088,24.429600503951693,1113,2.0418650793650794,556.5,3151,1575.5,81,81,0,32100,1220,42,-62972.52709889999,-31486.263549449995,422.1159025385984,50,10
3152,48.85920100790339,7.403745923327088,24.429600503951693,1118,2.0509920634920635,559.0,3152,1576.0,81,81,0,32110,1220,42,-62988.52709889999,-31494.263549449995,422.12502952272536,50,10
3153,48.85920100790339,7.403745923327088,24.429600503951693,1123,2.0601190476190476,561.5,3153,1576.5,81,81,0,32120,1220,42,-63004.52709889999,-31502.263549449995,422.1341565068523,50,10
3154,48.85920100790339,7.403745923327088,24.429600503951693,1128,2.0692460317460317,564.0,3154,1577.0,81,81,0,32130,1222,42,-63020.52709889999,-31510.263549449995,422.14328349097934,50,10
3155,48.85920100790339,7.403745923327088,24.429600503951693,1133,2.078373015873016,566.5,3155,1577.5,81,81,0,32140,1222,42,-63036.52709889999,-31518.263549449995,422.1524104751063,50,10
3156,48.85920100790339,7.403745923327088,24.429600503951693,1138,2.0875,569.0,3156,1578.0,81,81,0,32150,1222,42,-63052.52709889999,-31526.263549449995,422.1615374592333,50,10
3157,48.85920100790339,7.403745923327088,24.429600503951693,1143,2.096626984126984,571.5,3157,1578.5,81,81,0,32160,1224,42,-63068.52709889999,-31534.263549449995,422.1706644433603,50,10
3158,48.85920100790339,7.403745923327088,24.429600503951693,1148,2.105753968253968,574.0,3158,1579.0,81,81,0,32170,1226,42,-63084.52709889999,-31542.263549449995,422.17979142748726,50,10
3159,48.85920100790339,7.403745923327088,24.429600503951693,1153,2.114880952380952,576.5,3159,1579.5,81,81,0,32180,1226,42,-63100.52709889999,-31550.263549449995,422.1889184116142,50,10
3160,48.85920100790339,7.403745923327088,24.429600503951693,1158,2.1240079365079367,579.0,3160,1580.0,81,81,0,32190,1226,42,-63116.52709889999,-31558.263549449995,422.19804539574125,50,10
3161,48.85920100790339,7.403745923327088,24.429600503951693,1163,2.133134920634921,581.5,3161,1580.5,81,81,0,32200,1226,42,-63132.52709889999,-31566.263549449995,422.2071723798682,50,10
3162,48.85920100790339,7.403745923327088,24.429600503951693,1168,2.142261904761905,584.0,3162,1581.0,81,81,0,32210,1226,42,-63148.52709889999,-31574.263549449995,422.2162993639952,50,10
3163,48.85920100790339,7.403745923327088,24.429600503951693,1173,2.151388888888889,586.5,3163,1581.5,81,81,0,32220,1226,42,-63164.52709889999,-31582.263549449995,422.2254263481222,50,10
3164,48.85920100790339,7.403745923327088,24.429600503951693,1178,2.160515873015873,589.0,3164,1582.0,81,81,0,32230,1226,42,-63180.52709889999,-31590.263549449995,422.23455333224916,50,10
3165,48.85920100790339,7.403745923327088,24.429600503951693,1183,2.1696428571428568,591.5,3165,1582.5,81,81,0,32240,1226,42,-63196.52709889999,-31598.263549449995,422.2436803163761,50,10
3166,48.85920100790339,7.403745923327088,24.429600503951693,1188,2.1787698412698413,594.0,3166,1583.0,81,81,0,32250,1226,42,-63212.52709889999,-31606.263549449995,422.25280730050315,50,10
3167,48.85920100790339,7.403745923327088,24.429600503951693,1193,2.1878968253968254,596.5,3167,1583.5,81,81,0,32260,1226,42,-63228.52709889999,-31614.263549449995,422.2619342846301,50,10
3168,48.85920100790339,7.403745923327088,24.429600503951693,1198,2.1970238095238095,599.0,3168,1584.0,81,81,0,32270,1226,42,-63244.52709889999,-31622.263549449995,422.2710612687571,50,10
3169,48.85920100790339,7.403745923327088,24.429600503951693,1203,2.2061507936507936,601.5,3169,1584.5,81,81,0,32280,1226,42,-63260.52709889999,-31630.263549449995,422.2801882528841,50,10
3170,48.85920100790339,7.403745923327088,24.429600503951693,1208,2.2152777777777777,604.0,3170,1585.0,81,81,0,32290,1226,42,-63276.52709889999,-31638.263549449995,422.28931523701107,50,10
3171,48.85920100790339,7.403745923327088,24.429600503951693,1213,2.224404761904762,606.5,3171,1585.5,81,81,0,32300,1226,42,-63292.52709889999,-31646.263549449995,422.29844222113803,50,10
3172,48.85920100790339,7.403745923327088,24.429600503951693,1218,2.233531746031746,609.0,3172,1586.0,81,81,0,32310,1226,42,-63308.52709889999,-31654.263549449995,422.30756920526505,50,10
3173,48.85920100790339,7.403745923327088,24.429600503951693,1223,2.24265873015873,611.5,3173,1586.5,81,81,0,32320,1226,42,-63324.52709889999,-31662.263549449995,422.316696189392,50,10
3174,48.85920100790339,7.403745923327088,24.429600503951693,1228,2.2517857142857145,614.0,3174,1587.0,81,81,0,32330,1226,42,-63340.52709889999,-31670.263549449995,422.325823173519,50,10
3175,48.85920100790339,7.403745923327088,24.429600503951693,1233,2.260912698412698,616.5,3175,1587.5,81,81,0,32340,1228,42,-63356.52709889999,-31678.263549449995,422.334950157646,50,10
3176,48.85920100790339,7.403745923327088,24.429600503951693,1238,2.2700396825396827,619.0,3176,1588.0,81,81,0,32350,1228,42,-63372.52709889999,-31686.263549449995,422.34407714177297,50,10
3177,48.85920100790339,7.403745923327088,24.429600503951693,1243,2.279166666666667,621.5,3177,1588.5,81,81,0,32360,1228,42,-63388.52709889999,-31694.263549449995,422.35320412589994,50,10
3178,48.85920100790339,7.403745923327088,24.429600503951693,1248,2.2882936507936504,624.0,3178,1589.0,81,81,0,32370,1230,42,-63404.52709889999,-31702.263549449995,422.36233111002696,50,10
3179,48.85920100790339,7.403745923327088,24.429600503951693,1253,2.297420634920635,626.5,3179,1589.5,81,81,0,32380,1232,42,-63420.52709889999,-31710.263549449995,422.3714580941539,50,10
3180,48.85920100790339,7.403745923327088,24.429600503951693,1258,2.306547619047619,629.0,3180,1590.0,81,81,0,32390,1232,42,-63436.52709889999,-31718.263549449995,422.3805850782809,50,10
3181,48.85920100790339,7.403745923327088,24.429600503951693,1263,2.315674603174603,631.5,3181,1590.5,81,81,0,32400,1232,42,-63452.52709889999,-31726.263549449995,422.3897120624079,50,10
3182,48.85920100790339,7.403745923327088,24.429600503951693,1268,2.3248015873015873,634.0,3182,1591.0,81,81,0,32410,1232,42,-63468.52709889999,-31734.263549449995,422.3988390465349,50,10
3183,48.85920100790339,7.403745923327088,24.429600503951693,1273,2.3339285714285714,636.5,3183,1591.5,81,81,0,32420,1232,42,-63484.52709889999,-31742.263549449995,422.40796603066184,50,10
3184,48.85920100790339,7.403745923327088,24.429600503951693,1278,2.343055555555556,639.0,3184,1592.0,81,81,0,32430,1234,42,-63500.52709889999,-31750.263549449995,422.41709301478886,50,10
3185,48.85920100790339,7.403745923327088,24.429600503951693,1283,2.3521825396825395,641.5,3185,1592.5,81,81,0,32440,1234,42,-63516.52709889999,-31758.263549449995,422.4262199989158,50,10
3186,48.85920100790339,7.403745923327088,24.429600503951693,1288,2.3613095238095236,644.0,3186,1593.0,81,81,0,32450,1234,42,-63532.52709889999,-31766.263549449995,422.4353469830428,50,10
3187,48.85920100790339,7.403745923327088,24.429600503951693,1293,2.3704365079365077,646.5,3187,1593.5,81,81,0,32460,1234,42,-63548.52709889999,-31774.263549449995,422.4444739671698,50,10
3188,48.85920100790339,7.403745923327088,24.429600503951693,1298,2.3795634920634923,649.0,3188,1594.0,81,81,0,32470,1236,42,-63564.52709889999,-31782.263549449995,422.4536009512968,50,10
3189,48.85920100790339,7.403745923327088,24.429600503951693,1303,2.388690476190476,651.5,3189,1594.5,81,81,0,32480,1238,42,-63580.52709889999,-31790.263549449995,422.4627279354238,50,10
3190,48.85920100790339,7.403745923327088,24.429600503951693,1308,2.3978174603174605,654.0,3190,1595.0,81,81,0,32490,1238,42,-63596.52709889999,-31798.263549449995,422.47185491955076,50,10
3191,48.85920100790339,7.403745923327088,24.429600503951693,1313,2.4069444444444446,656.5,3191,1595.5,81,81,0,32500,1238,42,-63612.52709889999,-31806.263549449995,422.48098190367773,50,10
3192,48.85920100790339,7.403745923327088,24.429600503951693,1318,2.4160714285714286,659.0,3192,1596.0,81,81,0,32510,1240,42,-63628.52709889999,-31814.263549449995,422.49010888780475,50,10
3193,48.85920100790339,7.403745923327088,24.429600503951693,1323,2.4251984126984127,661.5,3193,1596.5,81,81,0,32520,1240,42,-63644.52709889999,-31822.263549449995,422.4992358719317,50,10
3194,48.85920100790339,7.403745923327088,24.429600503951693,1328,2.434325396825397,664.0,3194,1597.0,81,81,0,32530,1240,42,-63660.52709889999,-31830.263549449995,422.5083628560587,50,10
3195,48.85920100790339,7.403745923327088,24.429600503951693,1333,2.443452380952381,666.5,3195,1597.5,81,81,0,32540,1240,42,-63676.52709889999,-31838.263549449995,422.5174898401857,50,10
3196,48.85920100790339,7.403745923327088,24.429600503951693,1338,2.452579365079365,669.0,3196,1598.0,81,81,0,32550,1240,42,-63692.52709889999,-31846.263549449995,422.52661682431267,50,10
3197,48.85920100790339,7.403745923327088,24.429600503951693,1343,2.461706349206349,671.5,3197,1598.5,81,81,0,32560,1240,42,-63708.52709889999,-31854.263549449995,422.53574380843963,50,10
3198,48.85920100790339,7.403745923327088,24.429600503951693,1348,2.470833333333333,674.0,3198,1599.0,81,81,0,32570,1240,42,-63724.52709889999,-31862.263549449995,422.54487079256666,50,10
3199,48.85920100790339,7.403745923327088,24.429600503951693,1353,2.4799603174603173,676.5,3199,1599.5,81,81,0,32580,1242,42,-63740.52709889999,-31870.263549449995,422.5539977766936,50,10
3200,48.85920100790339,7.403745923327088,24.429600503951693,1358,2.4890873015873014,679.0,3200,1600.0,81,81,0,32590,1242,42,-63756.52709889999,-31878.263549449995,422.5631247608206,50,10
3201,48.85920100790339,7.403745923327088,24.429600503951693,1363,2.498214285714286,681.5,3201,1600.5,81,81,0,32600,1242,42,-63772.52709889999,-31886.263549449995,422.5722517449476,50,10
3202,48.85920100790339,7.403745923327088,24.429600503951693,1368,2.50734126984127,684.0,3202,1601.0,81,81,0,32610,1242,42,-63788.52709889999,-31894.263549449995,422.5813787290746,50,10
3203,48.85920100790339,7.403745923327088,24.429600503951693,1373,2.516468253968254,686.5,3203,1601.5,81,81,0,32620,1242,42,-63804.52709889999,-31902.263549449995,422.59050571320154,50,10
3204,48.85920100790339,7.403745923327088,24.429600503951693,1378,2.525595238095238,689.0,3204,1602.0,81,81,0,32630,1242,42,-63820.52709889999,-31910.263549449995,422.59963269732856,50,10
3205,48.85920100790339,7.403745923327088,24.429600503951693,1383,2.5347222222222223,691.5,3205,1602.5,81,81,0,32640,1242,42,-63836.52709889999,-31918.263549449995,422.6087596814555,50,10
3206,48.85920100790339,7.403745923327088,24.429600503951693,1388,2.543849206349206,694.0,3206,1603.0,81,81,0,32650,1242,42,-63852.52709889999,-31926.263549449995,422.6178866655825,50,10
3207,48.85920100790339,7.403745923327088,24.429600503951693,1393,2.5529761904761905,696.5,3207,1603.5,81,81,0,32660,1242,42,-63868.52709889999,-31934.263549449995,422.6270136497095,50,10
3208,48.85920100790339,7.403745923327088,24.429600503951693,1398,2.5621031746031746,699.0,3208,1604.0,81,81,0,32670,1242,42,-63884.52709889999,-31942.263549449995,422.6361406338365,50,10
3209,48.85920100790339,7.403745923327088,24.429600503951693,1403,2.5712301587301587,701.5,3209,1604.5,81,81,0,32680,1242,42,-63900.52709889999,-31950.263549449995,422.64526761796344,50,10
3210,48.85920100790339,7.403745923327088,24.429600503951693,1408,2.580357142857143,704.0,3210,1605.0,81,81,0,32690,1244,42,-63916.52709889999,-31958.263549449995,422.65439460209046,50,10
3211,48.85920100790339,7.403745923327088,24.429600503951693,1413,2.589484126984127,706.5,3211,1605.5,81,81,0,32700,1244,42,-63932.52709889999,-31966.263549449995,422.6635215862174,50,10
3212,48.85920100790339,7.403745923327088,24.429600503951693,1418,2.5986111111111114,709.0,3212,1606.0,81,81,0,32710,1246,42,-63948.52709889999,-31974.263549449995,422.6726485703444,50,10
3213,48.85920100790339,7.403745923327088,24.429600503951693,1423,2.607738095238095,711.5,3213,1606.5,81,81,0,32720,1246,42,-63964.52709889999,-31982.263549449995,422.6817755544714,50,10
3214,48.85920100790339,7.403745923327088,24.429600503951693,1428,2.6168650793650796,714.0,3214,1607.0,81,81,0,32730,1246,42,-63980.52709889999,-31990.263549449995,422.6909025385984,50,10
3215,48.85920100790339,7.403745923327088,24.429600503951693,1433,2.6259920634920633,716.5,3215,1607.5,81,81,0,32740,1248,42,-63996.52709889999,-31998.263549449995,422.70002952272534,50,10
3216,48.85920100790339,7.403745923327088,24.429600503951693,1438,2.6351190476190474,719.0,3216,1608.0,81,81,0,32750,1248,42,-64012.52709889999,-32006.263549449995,422.70915650685237,50,10
3217,48.85920100790339,7.403745923327088,24.429600503951693,1443,2.644246031746032,721.5,3217,1608.5,81,81,0,32760,1248,42,-64028.52709889999,-32014.263549449995,422.71828349097933,50,10
3218,48.85920100790339,7.403745923327088,24.429600503951693,1448,2.653373015873016,724.0,3218,1609.0,81,81,0,32770,1248,42,-64044.52709889999,-32022.263549449995,422.7274104751063,50,10
3219,48.85920100790339,7.403745923327088,24.429600503951693,1453,2.6624999999999996,726.5,3219,1609.5,81,81,0,32780,1248,42,-64060.52709889999,-32030.263549449995,422.7365374592333,50,10
3220,48.85920100790339,7.403745923327088,24.429600503951693,1458,2.671626984126984,729.0,3220,1610.0,81,81,0,32790,1250,42,-64076.52709889999,-32038.263549449995,422.7456644433603,50,10
3221,48.85920100790339,7.403745923327088,24.429600503951693,1463,2.6807539682539683,731.5,3221,1610.5,81,81,0,32800,1250,42,-64092.52709889999,-32046.263549449995,422.75479142748725,50,10
3222,48.85920100790339,7.403745923327088,24.429600503951693,1468,2.6898809523809524,734.0,3222,1611.0,81,81,0,32810,1250,42,-64108.52709889999,-32054.263549449995,422.76391841161427,50,10
3223,48.85920100790339,7.403745923327088,24.429600503951693,1473,2.6990079365079365,736.5,3223,1611.5,81,81,0,32820,1250,42,-64124.52709889999,-32062.263549449995,422.77304539574124,50,10
3224,48.85920100790339,7.403745923327088,24.429600503951693,1478,2.7081349206349206,739.0,3224,1612.0,81,81,0,32830,1250,42,-64140.52709889999,-32070.263549449995,422.7821723798682,50,10
3225,48.85920100790339,7.403745923327088,24.429600503951693,1483,2.717261904761905,741.5,3225,1612.5,81,81,0,32840,1250,42,-64156.52709889999,-32078.263549449995,422.7912993639952,50,10
3226,48.85920100790339,7.403745923327088,24.429600503951693,1488,2.7263888888888888,744.0,3226,1613.0,81,81,0,32850,1250,42,-64172.52709889999,-32086.263549449995,422.8004263481222,50,10
3227,48.85920100790339,7.403745923327088,24.429600503951693,1493,2.735515873015873,746.5,3227,1613.5,81,81,0,32860,1250,42,-64188.52709889999,-32094.263549449995,422.80955333224915,50,10
3228,48.85920100790339,7.403745923327088,24.429600503951693,1498,2.744642857142857,749.0,3228,1614.0,81,81,0,32870,1252,42,-64204.52709889999,-32102.263549449995,422.8186803163762,50,10
3229,48.85920100790339,7.403745923327088,24.429600503951693,1503,2.7537698412698415,751.5,3229,1614.5,81,81,0,32880,1252,42,-64220.52709889999,-32110.263549449995,422.82780730050314,50,10
3230,48.85920100790339,7.403745923327088,24.429600503951693,1508,2.762896825396825,754.0,3230,1615.0,81,81,0,32890,1252,42,-64236.52709889999,-32118.263549449995,422.8369342846301,50,10
3231,48.85920100790339,7.403745923327088,24.429600503951693,1513,2.7720238095238097,756.5,3231,1615.5,81,81,0,32900,1252,42,-64252.52709889999,-32126.263549449995,422.8460612687571,50,10
3232,48.85920100790339,7.403745923327088,24.429600503951693,1518,2.7811507936507938,759.0,3232,1616.0,81,81,0,32910,1254,42,-64268.52709889999,-32134.263549449995,422.8551882528841,50,10
3233,48.85920100790339,7.403745923327088,24.429600503951693,1523,2.790277777777778,761.5,3233,1616.5,81,81,0,32920,1254,42,-64284.52709889999,-32142.263549449995,422.86431523701106,50,10
3234,48.85920100790339,7.403745923327088,24.429600503951693,1528,2.7994047619047615,764.0,3234,1617.0,81,81,0,32930,1254,42,-64300.52709889999,-32150.263549449995,422.8734422211381,50,10
3235,48.85920100790339,7.403745923327088,24.429600503951693,1533,2.808531746031746,766.5,3235,1617.5,81,81,0,32940,1254,42,-64316.52709889999,-32158.263549449995,422.88256920526504,50,10
3236,48.85920100790339,7.403745923327088,24.429600503951693,1538,2.81765873015873,769.0,3236,1618.0,81,81,0,32950,1258,42,-64332.52709889999,-32166.263549449995,422.891696189392,50,10
3237,48.85920100790339,7.403745923327088,24.429600503951693,1543,2.8267857142857142,771.5,3237,1618.5,81,81,0,32960,1260,42,-64348.52709889999,-32174.263549449995,422.90082317351903,50,10
3238,48.85920100790339,7.403745923327088,24.429600503951693,1548,2.8359126984126983,774.0,3238,1619.0,81,81,0,32970,1260,42,-64364.52709889999,-32182.263549449995,422.909950157646,50,10
3239,48.85920100790339,7.403745923327088,24.429600503951693,1553,2.8450396825396824,776.5,3239,1619.5,81,81,0,32980,1260,42,-64380.52709889999,-32190.263549449995,422.91907714177296,50,10
3240,48.85920100790339,7.403745923327088,24.429600503951693,1558,2.8541666666666665,779.0,3240,1620.0,81,81,0,32990,1260,42,-64396.52709889999,-32198.263549449995,422.9282041259,50,10
3241,48.85920100790339,7.403745923327088,24.429600503951693,1563,2.8632936507936506,781.5,3241,1620.5,81,81,0,33000,1264,42,-64412.52709889999,-32206.263549449995,422.93733111002695,50,10
3242,48.85920100790339,7.403745923327088,24.429600503951693,1568,2.8724206349206347,784.0,3242,1621.0,81,81,0,33010,1264,42,-64428.52709889999,-32214.263549449995,422.9464580941539,50,10
3243,48.85920100790339,7.403745923327088,24.429600503951693,1573,2.8815476190476192,786.5,3243,1621.5,81,81,0,33020,1264,42,-64444.52709889999,-32222.263549449995,422.95558507828093,50,10
3244,48.85920100790339,7.403745923327088,24.429600503951693,1578,2.890674603174603,789.0,3244,1622.0,81,81,0,33030,1264,42,-64460.52709889999,-32230.263549449995,422.9647120624079,50,10
3245,48.85920100790339,7.403745923327088,24.429600503951693,1583,2.899801587301587,791.5,3245,1622.5,81,81,0,33040,1264,42,-64476.52709889999,-32238.263549449995,422.97383904653486,50,10
3246,48.85920100790339,7.403745923327088,24.429600503951693,1588,2.9089285714285715,794.0,3246,1623.0,81,81,0,33050,1264,42,-64492.52709889999,-32246.263549449995,422.9829660306619,50,10
3247,48.85920100790339,7.403745923327088,24.429600503951693,1593,2.918055555555555,796.5,3247,1623.5,81,81,0,33060,1264,42,-64508.52709889999,-32254.263549449995,422.99209301478885,50,10
3248,48.85920100790339,7.403745923327088,24.429600503951693,1598,2.9271825396825397,799.0,3248,1624.0,81,81,0,33070,1264,42,-64524.52709889999,-32262.263549449995,423.0012199989158,50,10
3249,48.85920100790339,7.403745923327088,24.429600503951693,1603,2.936309523809524,801.5,3249,1624.5,81,81,0,33080,1264,42,-64540.52709889999,-32270.263549449995,423.01034698304284,50,10
3250,48.85920100790339,7.403745923327088,24.429600503951693,1608,2.945436507936508,804.0,3250,1625.0,81,81,0,33090,1264,42,-64556.52709889999,-32278.263549449995,423.0194739671698,50,10
3251,48.85920100790339,7.403745923327088,24.429600503951693,1613,2.954563492063492,806.5,3251,1625.5,81,81,0,33100,1264,42,-64572.52709889999,-32286.263549449995,423.02860095129677,50,10
3252,48.85920100790339,7.403745923327088,24.429600503951693,1618,2.963690476190476,809.0,3252,1626.0,81,81,0,33110,1264,42,-64588.52709889999,-32294.263549449995,423.0377279354238,50,10
3253,48.85920100790339,7.403745923327088,24.429600503951693,1623,2.9728174603174606,811.5,3253,1626.5,81,81,0,33120,1264,42,-64604.52709889999,-32302.263549449995,423.04685491955075,50,10
3254,48.85920100790339,7.403745923327088,24.429600503951693,1628,2.9819444444444443,814.0,3254,1627.0,81,81,0,33130,1264,42,-64620.52709889999,-32310.263549449995,423.0559819036777,50,10
3255,48.85920100790339,7.403745923327088,24.429600503951693,1633,2.991071428571429,816.5,3255,1627.5,81,81,0,33140,1264,42,-64636.52709889999,-32318.263549449995,423.06510888780474,50,10
3256,48.85920100790339,7.403745923327088,24.429600503951693,1638,3.0001984126984125,819.0,3256,1628.0,81,81,0,33150,1264,42,-64652.52709889999,-32326.263549449995,423.0742358719317,50,10
3257,48.85920100790339,7.403745923327088,24.429600503951693,1643,3.0093253968253966,821.5,3257,1628.5,81,81,0,33160,1264,42,-64668.52709889999,-32334.263549449995,423.08336285605867,50,10
3258,48.85920100790339,7.403745923327088,24.429600503951693,1648,3.018452380952381,824.0,3258,1629.0,81,81,0,33170,1264,42,-64684.52709889999,-32342.263549449995,423.0924898401857,50,10
3259,48.85920100790339,7.403745923327088,24.429600503951693,1653,3.027579365079365,826.5,3259,1629.5,81,81,0,33180,1266,42,-64700.52709889999,-32350.263549449995,423.10161682431266,50,10
3260,48.85920100790339,7.403745923327088,24.429600503951693,1658,3.0367063492063493,829.0,3260,1630.0,81,81,0,33190,1266,42,-64716.52709889999,-32358.263549449995,423.1107438084396,50,10
3261,48.85920100790339,7.403745923327088,24.429600503951693,1663,3.0458333333333334,831.5,3261,1630.5,81,81,0,33200,1266,42,-64732.52709889999,-32366.263549449995,423.11987079256664,50,10
3262,48.85920100790339,7.403745923327088,24.429600503951693,1668,3.0549603174603175,834.0,3262,1631.0,81,81,0,33210,1266,42,-64748.52709889999,-32374.263549449995,423.1289977766936,50,10
3263,48.85920100790339,7.403745923327088,24.429600503951693,1673,3.064087301587301,836.5,3263,1631.5,81,81,0,33220,1266,42,-64764.52709889999,-32382.263549449995,423.1381247608206,50,10
3264,48.85920100790339,7.403745923327088,24.429600503951693,1678,3.0732142857142857,839.0,3264,1632.0,81,81,0,33230,1268,42,-64780.52709889999,-32390.263549449995,423.1472517449476,50,10
3265,48.85920100790339,7.403745923327088,24.429600503951693,1142,2.080489417989418,571.0,3265,1632.5,81,81,0,33240,1268,43,-64814.52709889999,-32407.263549449995,432.15452687722274,50,10
3266,48.85920100790339,7.403745923327088,24.429600503951693,1146,2.0877645502645503,573.0,3266,1633.0,81,81,0,33250,1268,43,-64828.52709889999,-32414.263549449995,432.1618020094978,50,10
3267,48.85920100790339,7.403745923327088,24.429600503951693,1150,2.0950396825396824,575.0,3267,1633.5,81,81,0,33260,1268,43,-64842.52709889999,-32421.263549449995,432.16907714177296,50,10
3268,48.85920100790339,7.403745923327088,24.429600503951693,1154,2.102314814814815,577.0,3268,1634.0,81,81,0,33270,1268,43,-64856.52709889999,-32428.263549449995,432.1763522740481,50,10
3269,48.85920100790339,7.403745923327088,24.429600503951693,1158,2.109589947089947,579.0,3269,1634.5,81,81,0,33280,1270,43,-64870.52709889999,-32435.263549449995,432.18362740632324,50,10
3270,48.85920100790339,7.403745923327088,24.429600503951693,1162,2.116865079365079,581.0,3270,1635.0,81,81,0,33290,1272,43,-64884.52709889999,-32442.263549449995,432.1909025385984,50,10
3271,48.85920100790339,7.403745923327088,24.429600503951693,1166,2.1241402116402117,583.0,3271,1635.5,81,81,0,33300,1272,43,-64898.52709889999,-32449.263549449995,432.1981776708735,50,10
3272,48.85920100790339,7.403745923327088,24.429600503951693,1170,2.131415343915344,585.0,3272,1636.0,81,81,0,33310,1272,43,-64912.52709889999,-32456.263549449995,432.20545280314866,50,10
3273,48.85920100790339,7.403745923327088,24.429600503951693,1174,2.138690476190476,587.0,3273,1636.5,81,81,0,33320,1272,43,-64926.52709889999,-32463.263549449995,432.2127279354238,50,10
3274,48.85920100790339,7.403745923327088,24.429600503951693,1178,2.1459656084656085,589.0,3274,1637.0,81,81,0,33330,1272,43,-64940.52709889999,-32470.263549449995,432.2200030676989,50,10
3275,48.85920100790339,7.403745923327088,24.429600503951693,1182,2.1532407407407406,591.0,3275,1637.5,81,81,0,33340,1272,43,-64954.52709889999,-32477.263549449995,432.227278199974,50,10
3276,48.85920100790339,7.403745923327088,24.429600503951693,1186,2.160515873015873,593.0,3276,1638.0,81,81,0,33350,1274,43,-64968.52709889999,-32484.263549449995,432.23455333224916,50,10
3277,48.85920100790339,7.403745923327088,24.429600503951693,1190,2.167791005291005,595.0,3277,1638.5,81,81,0,33360,1274,43,-64982.52709889999,-32491.263549449995,432.2418284645243,50,10
3278,48.85920100790339,7.403745923327088,24.429600503951693,1194,2.1750661375661373,597.0,3278,1639.0,81,81,0,33370,1274,43,-64996.52709889999,-32498.263549449995,432.24910359679944,50,10
3279,48.85920100790339,7.403745923327088,24.429600503951693,1198,2.18234126984127,599.0,3279,1639.5,81,81,0,33380,1274,43,-65010.52709889999,-32505.263549449995,432.2563787290746,50,10
3280,48.85920100790339,7.403745923327088,24.429600503951693,1202,2.1896164021164024,601.0,3280,1640.0,81,81,0,33390,1274,43,-65024.52709889999,-32512.263549449995,432.2636538613497,50,10
3281,48.85920100790339,7.403745923327088,24.429600503951693,1206,2.196891534391534,603.0,3281,1640.5,81,81,0,33400,1274,43,-65038.52709889999,-32519.263549449995,432.2709289936248,50,10
3282,48.85920100790339,7.403745923327088,24.429600503951693,1210,2.2041666666666666,605.0,3282,1641.0,81,81,0,33410,1274,43,-65052.52709889999,-32526.263549449995,432.27820412589995,50,10
3283,48.85920100790339,7.403745923327088,24.429600503951693,1214,2.211441798941799,607.0,3283,1641.5,81,81,0,33420,1274,43,-65066.52709889999,-32533.263549449995,432.2854792581751,50,10
3284,48.85920100790339,7.403745923327088,24.429600503951693,1218,2.2187169312169317,609.0,3284,1642.0,81,81,0,33430,1274,43,-65080.52709889999,-32540.263549449995,432.2927543904502,50,10
3285,48.85920100790339,7.403745923327088,24.429600503951693,1222,2.2259920634920634,611.0,3285,1642.5,81,81,0,33440,1274,43,-65094.52709889999,-32547.263549449995,432.30002952272537,50,10
3286,48.85920100790339,7.403745923327088,24.429600503951693,1226,2.233267195767196,613.0,3286,1643.0,81,81,0,33450,1274,43,-65108.52709889999,-32554.263549449995,432.3073046550005,50,10
3287,48.85920100790339,7.403745923327088,24.429600503951693,1230,2.240542328042328,615.0,3287,1643.5,81,81,0,33460,1274,43,-65122.52709889999,-32561.263549449995,432.31457978727565,50,10
3288,48.85920100790339,7.403745923327088,24.429600503951693,1234,2.24781746031746,617.0,3288,1644.0,81,81,0,33470,1278,43,-65136.52709889999,-32568.263549449995,432.32185491955073,50,10
3289,48.85920100790339,7.403745923327088,24.429600503951693,1238,2.2550925925925926,619.0,3289,1644.5,81,81,0,33480,1278,43,-65150.52709889999,-32575.263549449995,432.32913005182587,50,10
3290,48.85920100790339,7.403745923327088,24.429600503951693,1242,2.262367724867725,621.0,3290,1645.0,81,81,0,33490,1278,43,-65164.52709889999,-32582.263549449995,432.336405184101,50,10
3291,48.85920100790339,7.403745923327088,24.429600503951693,1246,2.269642857142857,623.0,3291,1645.5,81,81,0,33500,1278,43,-65178.52709889999,-32589.263549449995,432.34368031637615,50,10
3292,48.85920100790339,7.403745923327088,24.429600503951693,1250,2.2769179894179894,625.0,3292,1646.0,81,81,0,33510,1280,43,-65192.52709889999,-32596.263549449995,432.3509554486513,50,10
3293,48.85920100790339,7.403745923327088,24.429600503951693,1254,2.2841931216931215,627.0,3293,1646.5,81,81,0,33520,1280,43,-65206.52709889999,-32603.263549449995,432.35823058092643,50,10
3294,48.85920100790339,7.403745923327088,24.429600503951693,1258,2.291468253968254,629.0,3294,1647.0,81,81,0,33530,1282,43,-65220.52709889999,-32610.263549449995,432.36550571320157,50,10
3295,48.85920100790339,7.403745923327088,24.429600503951693,1262,2.298743386243386,631.0,3295,1647.5,81,81,0,33540,1282,43,-65234.52709889999,-32617.263549449995,432.37278084547665,50,10
3296,48.85920100790339,7.403745923327088,24.429600503951693,1266,2.3060185185185187,633.0,3296,1648.0,81,81,0,33550,1282,43,-65248.52709889999,-32624.263549449995,432.3800559777518,50,10
3297,48.85920100790339,7.403745923327088,24.429600503951693,1270,2.313293650793651,635.0,3297,1648.5,81,81,0,33560,1282,43,-65262.52709889999,-32631.263549449995,432.38733111002693,50,10
3298,48.85920100790339,7.403745923327088,24.429600503951693,1274,2.320568783068783,637.0,3298,1649.0,81,81,0,33570,1282,43,-65276.52709889999,-32638.263549449995,432.3946062423021,50,10
3299,48.85920100790339,7.403745923327088,24.429600503951693,1278,2.3278439153439154,639.0,3299,1649.5,81,81,0,33580,1282,43,-65290.52709889999,-32645.263549449995,432.4018813745772,50,10
3300,48.85920100790339,7.403745923327088,24.429600503951693,1282,2.3351190476190475,641.0,3300,1650.0,81,81,0,33590,1282,43,-65304.52709889999,-32652.263549449995,432.40915650685236,50,10
3301,48.85920100790339,7.403745923327088,24.429600503951693,1286,2.34239417989418,643.0,3301,1650.5,81,81,0,33600,1282,43,-65318.52709889999,-32659.263549449995,432.4164316391275,50,10
3302,48.85920100790339,7.403745923327088,24.429600503951693,1290,2.349669312169312,645.0,3302,1651.0,81,81,0,33610,1284,43,-65332.52709889999,-32666.263549449995,432.42370677140264,50,10
3303,48.85920100790339,7.403745923327088,24.429600503951693,1294,2.3569444444444443,647.0,3303,1651.5,81,81,0,33620,1284,43,-65346.52709889999,-32673.263549449995,432.4309819036777,50,10
3304,48.85920100790339,7.403745923327088,24.429600503951693,1298,2.364219576719577,649.0,3304,1652.0,81,81,0,33630,1284,43,-65360.52709889999,-32680.263549449995,432.43825703595286,50,10
3305,48.85920100790339,7.403745923327088,24.429600503951693,1302,2.371494708994709,651.0,3305,1652.5,81,81,0,33640,1284,43,-65374.52709889999,-32687.263549449995,432.445532168228,50,10
3306,48.85920100790339,7.403745923327088,24.429600503951693,1306,2.3787698412698415,653.0,3306,1653.0,81,81,0,33650,1286,43,-65388.52709889999,-32694.263549449995,432.45280730050314,50,10
3307,48.85920100790339,7.403745923327088,24.429600503951693,1310,2.3860449735449736,655.0,3307,1653.5,81,81,0,33660,1286,43,-65402.52709889999,-32701.263549449995,432.4600824327783,50,10
3308,48.85920100790339,7.403745923327088,24.429600503951693,1314,2.3933201058201057,657.0,3308,1654.0,81,81,0,33670,1286,43,-65416.52709889999,-32708.263549449995,432.4673575650534,50,10
3309,48.85920100790339,7.403745923327088,24.429600503951693,1318,2.400595238095238,659.0,3309,1654.5,81,81,0,33680,1286,43,-65430.52709889999,-32715.263549449995,432.47463269732856,50,10
3310,48.85920100790339,7.403745923327088,24.429600503951693,1322,2.4078703703703703,661.0,3310,1655.0,81,81,0,33690,1286,43,-65444.52709889999,-32722.263549449995,432.48190782960364,50,10
3311,48.85920100790339,7.403745923327088,24.429600503951693,1326,2.4151455026455024,663.0,3311,1655.5,81,81,0,33700,1286,43,-65458.52709889999,-32729.263549449995,432.4891829618788,50,10
3312,48.85920100790339,7.403745923327088,24.429600503951693,1330,2.422420634920635,665.0,3312,1656.0,81,81,0,33710,1286,43,-65472.52709889999,-32736.263549449995,432.4964580941539,50,10
3313,48.85920100790339,7.403745923327088,24.429600503951693,1334,2.429695767195767,667.0,3313,1656.5,81,81,0,33720,1286,43,-65486.52709889999,-32743.263549449995,432.50373322642906,50,10
3314,48.85920100790339,7.403745923327088,24.429600503951693,1338,2.4369708994708996,669.0,3314,1657.0,81,81,0,33730,1286,43,-65500.52709889999,-32750.263549449995,432.5110083587042,50,10
3315,48.85920100790339,7.403745923327088,24.429600503951693,1342,2.444246031746032,671.0,3315,1657.5,81,81,0,33740,1286,43,-65514.52709889999,-32757.263549449995,432.51828349097934,50,10
3316,48.85920100790339,7.403745923327088,24.429600503951693,1346,2.451521164021164,673.0,3316,1658.0,81,81,0,33750,1288,43,-65528.52709889999,-32764.263549449995,432.5255586232545,50,10
3317,48.85920100790339,7.403745923327088,24.429600503951693,1350,2.4587962962962964,675.0,3317,1658.5,81,81,0,33760,1290,43,-65542.52709889998,-32771.26354944999,432.53283375552957,50,10
3318,48.85920100790339,7.403745923327088,24.429600503951693,1354,2.4660714285714285,677.0,3318,1659.0,81,81,0,33770,1292,43,-65556.52709889998,-32778.26354944999,432.5401088878047,50,10
3319,48.85920100790339,7.403745923327088,24.429600503951693,1358,2.473346560846561,679.0,3319,1659.5,81,81,0,33780,1292,43,-65570.52709889998,-32785.26354944999,432.54738402007985,50,10
3320,48.85920100790339,7.403745923327088,24.429600503951693,1362,2.480621693121693,681.0,3320,1660.0,81,81,0,33790,1292,43,-65584.52709889998,-32792.26354944999,432.554659152355,50,10
3321,48.85920100790339,7.403745923327088,24.429600503951693,1366,2.4878968253968257,683.0,3321,1660.5,81,81,0,33800,1292,43,-65598.52709889998,-32799.26354944999,432.5619342846301,50,10
3322,48.85920100790339,7.403745923327088,24.429600503951693,1370,2.4951719576719573,685.0,3322,1661.0,81,81,0,33810,1292,43,-65612.52709889998,-32806.26354944999,432.56920941690527,50,10
3323,48.85920100790339,7.403745923327088,24.429600503951693,1374,2.50244708994709,687.0,3323,1661.5,81,81,0,33820,1292,43,-65626.52709889998,-32813.26354944999,432.5764845491804,50,10
3324,48.85920100790339,7.403745923327088,24.429600503951693,1378,2.5097222222222224,689.0,3324,1662.0,81,81,0,33830,1292,43,-65640.52709889998,-32820.26354944999,432.5837596814555,50,10
3325,48.85920100790339,7.403745923327088,24.429600503951693,1382,2.5169973544973545,691.0,3325,1662.5,81,81,0,33840,1292,43,-65654.52709889998,-32827.26354944999,432.59103481373063,50,10
3326,48.85920100790339,7.403745923327088,24.429600503951693,1386,2.5242724867724866,693.0,3326,1663.0,81,81,0,33850,1292,43,-65668.52709889998,-32834.26354944999,432.59830994600577,50,10
3327,48.85920100790339,7.403745923327088,24.429600503951693,1390,2.531547619047619,695.0,3327,1663.5,81,81,0,33860,1292,43,-65682.52709889998,-32841.26354944999,432.6055850782809,50,10
3328,48.85920100790339,7.403745923327088,24.429600503951693,1394,2.538822751322751,697.0,3328,1664.0,81,81,0,33870,1294,43,-65696.52709889998,-32848.26354944999,432.61286021055605,50,10
3329,48.85920100790339,7.403745923327088,24.429600503951693,1398,2.546097883597884,699.0,3329,1664.5,81,81,0,33880,1294,43,-65710.52709889998,-32855.26354944999,432.6201353428312,50,10
3330,48.85920100790339,7.403745923327088,24.429600503951693,1402,2.553373015873016,701.0,3330,1665.0,81,81,0,33890,1294,43,-65724.52709889998,-32862.26354944999,432.62741047510633,50,10
3331,48.85920100790339,7.403745923327088,24.429600503951693,1406,2.5606481481481485,703.0,3331,1665.5,81,81,0,33900,1294,43,-65738.52709889998,-32869.26354944999,432.63468560738147,50,10
3332,48.85920100790339,7.403745923327088,24.429600503951693,1410,2.5679232804232806,705.0,3332,1666.0,81,81,0,33910,1294,43,-65752.52709889998,-32876.26354944999,432.64196073965655,50,10
3333,48.85920100790339,7.403745923327088,24.429600503951693,1414,2.5751984126984127,707.0,3333,1666.5,81,81,0,33920,1294,43,-65766.52709889998,-32883.26354944999,432.6492358719317,50,10
3334,48.85920100790339,7.403745923327088,24.429600503951693,1418,2.582473544973545,709.0,3334,1667.0,81,81,0,33930,1294,43,-65780.52709889998,-32890.26354944999,432.65651100420683,50,10
3335,48.85920100790339,7.403745923327088,24.429600503951693,1422,2.5897486772486773,711.0,3335,1667.5,81,81,0,33940,1294,43,-65794.52709889998,-32897.26354944999,432.663786136482,50,10
3336,48.85920100790339,7.403745923327088,24.429600503951693,1426,2.5970238095238094,713.0,3336,1668.0,81,81,0,33950,1294,43,-65808.52709889998,-32904.26354944999,432.6710612687571,50,10
3337,48.85920100790339,7.403745923327088,24.429600503951693,1430,2.604298941798942,715.0,3337,1668.5,81,81,0,33960,1294,43,-65822.52709889998,-32911.26354944999,432.67833640103225,50,10
3338,48.85920100790339,7.403745923327088,24.429600503951693,1434,2.611574074074074,717.0,3338,1669.0,81,81,0,33970,1296,43,-65836.52709889998,-32918.26354944999,432.6856115333074,50,10
3339,48.85920100790339,7.403745923327088,24.429600503951693,1438,2.618849206349206,719.0,3339,1669.5,81,81,0,33980,1296,43,-65850.52709889998,-32925.26354944999,432.6928866655825,50,10
3340,48.85920100790339,7.403745923327088,24.429600503951693,1442,2.6261243386243387,721.0,3340,1670.0,81,81,0,33990,1296,43,-65864.52709889998,-32932.26354944999,432.7001617978576,50,10
3341,48.85920100790339,7.403745923327088,24.429600503951693,1446,2.633399470899471,723.0,3341,1670.5,81,81,0,34000,1300,43,-65878.52709889998,-32939.26354944999,432.70743693013276,50,10
3342,48.85920100790339,7.403745923327088,24.429600503951693,1450,2.6406746031746033,725.0,3342,1671.0,81,81,0,34010,1300,43,-65892.52709889998,-32946.26354944999,432.7147120624079,50,10
3343,48.85920100790339,7.403745923327088,24.429600503951693,1454,2.6479497354497354,727.0,3343,1671.5,81,81,0,34020,1300,43,-65906.52709889998,-32953.26354944999,432.72198719468304,50,10
3344,48.85920100790339,7.403745923327088,24.429600503951693,1458,2.6552248677248675,729.0,3344,1672.0,81,81,0,34030,1302,43,-65920.52709889998,-32960.26354944999,432.7292623269582,50,10
3345,48.85920100790339,7.403745923327088,24.429600503951693,1462,2.6625,731.0,3345,1672.5,81,81,0,34040,1302,43,-65934.52709889998,-32967.26354944999,432.7365374592333,50,10
3346,48.85920100790339,7.403745923327088,24.429600503951693,1466,2.669775132275132,733.0,3346,1673.0,81,81,0,34050,1302,43,-65948.52709889998,-32974.26354944999,432.7438125915084,50,10
3347,48.85920100790339,7.403745923327088,24.429600503951693,1470,2.6770502645502643,735.0,3347,1673.5,81,81,0,34060,1302,43,-65962.52709889998,-32981.26354944999,432.75108772378354,50,10
3348,48.85920100790339,7.403745923327088,24.429600503951693,1474,2.684325396825397,737.0,3348,1674.0,81,81,0,34070,1302,43,-65976.52709889998,-32988.26354944999,432.7583628560587,50,10
3349,48.85920100790339,7.403745923327088,24.429600503951693,1478,2.6916005291005294,739.0,3349,1674.5,81,81,0,34080,1302,43,-65990.52709889998,-32995.26354944999,432.7656379883338,50,10
3350,48.85920100790339,7.403745923327088,24.429600503951693,1482,2.6988756613756615,741.0,3350,1675.0,81,81,0,34090,1302,43,-66004.52709889998,-33002.26354944999,432.77291312060896,50,10
3351,48.85920100790339,7.403745923327088,24.429600503951693,1486,2.7061507936507936,743.0,3351,1675.5,81,81,0,34100,1302,43,-66018.52709889998,-33009.26354944999,432.7801882528841,50,10
3352,48.85920100790339,7.403745923327088,24.429600503951693,1490,2.713425925925926,745.0,3352,1676.0,81,81,0,34110,1302,43,-66032.52709889998,-33016.26354944999,432.78746338515924,50,10
3353,48.85920100790339,7.403745923327088,24.429600503951693,1494,2.7207010582010582,747.0,3353,1676.5,81,81,0,34120,1302,43,-66046.52709889998,-33023.26354944999,432.7947385174343,50,10
3354,48.85920100790339,7.403745923327088,24.429600503951693,1498,2.7279761904761903,749.0,3354,1677.0,81,81,0,34130,1302,43,-66060.52709889998,-33030.26354944999,432.80201364970947,50,10
3355,48.85920100790339,7.403745923327088,24.429600503951693,1502,2.735251322751323,751.0,3355,1677.5,81,81,0,34140,1302,43,-66074.52709889998,-33037.26354944999,432.8092887819846,50,10
3356,48.85920100790339,7.403745923327088,24.429600503951693,1506,2.7425264550264554,753.0,3356,1678.0,81,81,0,34150,1302,43,-66088.52709889998,-33044.26354944999,432.81656391425975,50,10
3357,48.85920100790339,7.403745923327088,24.429600503951693,1510,2.749801587301587,755.0,3357,1678.5,81,81,0,34160,1302,43,-66102.52709889998,-33051.26354944999,432.8238390465349,50,10
3358,48.85920100790339,7.403745923327088,24.429600503951693,1514,2.7570767195767196,757.0,3358,1679.0,81,81,0,34170,1302,43,-66116.52709889998,-33058.26354944999,432.83111417881,50,10
3359,48.85920100790339,7.403745923327088,24.429600503951693,1518,2.7643518518518517,759.0,3359,1679.5,81,81,0,34180,1302,43,-66130.52709889998,-33065.26354944999,432.83838931108517,50,10
3360,48.85920100790339,7.403745923327088,24.429600503951693,1522,2.771626984126984,761.0,3360,1680.0,81,81,0,34190,1302,43,-66144.52709889998,-33072.26354944999,432.8456644433603,50,10
3361,48.85920100790339,7.403745923327088,24.429600503951693,1526,2.7789021164021164,763.0,3361,1680.5,81,81,0,34200,1302,43,-66158.52709889998,-33079.26354944999,432.8529395756354,50,10
3362,48.85920100790339,7.403745923327088,24.429600503951693,1530,2.786177248677249,765.0,3362,1681.0,81,81,0,34210,1304,43,-66172.52709889998,-33086.26354944999,432.86021470791053,50,10
3363,48.85920100790339,7.403745923327088,24.429600503951693,1534,2.7934523809523806,767.0,3363,1681.5,81,81,0,34220,1304,43,-66186.52709889998,-33093.26354944999,432.86748984018567,50,10
3364,48.85920100790339,7.403745923327088,24.429600503951693,1538,2.800727513227513,769.0,3364,1682.0,81,81,0,34230,1304,43,-66200.52709889998,-33100.26354944999,432.8747649724608,50,10
3365,48.85920100790339,7.403745923327088,24.429600503951693,1542,2.8080026455026452,771.0,3365,1682.5,81,81,0,34240,1304,43,-66214.52709889998,-33107.26354944999,432.88204010473595,50,10
3366,48.85920100790339,7.403745923327088,24.429600503951693,1546,2.8152777777777778,773.0,3366,1683.0,81,81,0,34250,1304,43,-66228.52709889998,-33114.26354944999,432.8893152370111,50,10
3367,48.85920100790339,7.403745923327088,24.429600503951693,1550,2.82255291005291,775.0,3367,1683.5,81,81,0,34260,1304,43,-66242.52709889998,-33121.26354944999,432.89659036928623,50,10
3368,48.85920100790339,7.403745923327088,24.429600503951693,1554,2.8298280423280424,777.0,3368,1684.0,81,81,0,34270,1304,43,-66256.52709889998,-33128.26354944999,432.9038655015613,50,10
3369,48.85920100790339,7.403745923327088,24.429600503951693,1558,2.8371031746031745,779.0,3369,1684.5,81,81,0,34280,1304,43,-66270.52709889998,-33135.26354944999,432.91114063383645,50,10
3370,48.85920100790339,7.403745923327088,24.429600503951693,1562,2.844378306878307,781.0,3370,1685.0,81,81,0,34290,1304,43,-66284.52709889998,-33142.26354944999,432.9184157661116,50,10
3371,48.85920100790339,7.403745923327088,24.429600503951693,1566,2.8516534391534396,783.0,3371,1685.5,81,81,0,34300,1304,43,-66298.52709889998,-33149.26354944999,432.92569089838673,50,10
3372,48.85920100790339,7.403745923327088,24.429600503951693,1570,2.8589285714285713,785.0,3372,1686.0,81,81,0,34310,1306,43,-66312.52709889998,-33156.26354944999,432.9329660306619,50,10
3373,48.85920100790339,7.403745923327088,24.429600503951693,1574,2.8662037037037034,787.0,3373,1686.5,81,81,0,34320,1306,43,-66326.52709889998,-33163.26354944999,432.940241162937,50,10
3374,48.85920100790339,7.403745923327088,24.429600503951693,1578,2.873478835978836,789.0,3374,1687.0,81,81,0,34330,1306,43,-66340.52709889998,-33170.26354944999,432.94751629521215,50,10
3375,48.85920100790339,7.403745923327088,24.429600503951693,1582,2.880753968253968,791.0,3375,1687.5,81,81,0,34340,1306,43,-66354.52709889998,-33177.26354944999,432.95479142748724,50,10
3376,48.85920100790339,7.403745923327088,24.429600503951693,1586,2.8880291005291006,793.0,3376,1688.0,81,81,0,34350,1308,43,-66368.52709889998,-33184.26354944999,432.9620665597624,50,10
3377,48.85920100790339,7.403745923327088,24.429600503951693,1590,2.895304232804233,795.0,3377,1688.5,81,81,0,34360,1308,43,-66382.52709889998,-33191.26354944999,432.9693416920375,50,10
3378,48.85920100790339,7.403745923327088,24.429600503951693,1594,2.902579365079365,797.0,3378,1689.0,81,81,0,34370,1308,43,-66396.52709889998,-33198.26354944999,432.97661682431266,50,10
3379,48.85920100790339,7.403745923327088,24.429600503951693,1598,2.909854497354497,799.0,3379,1689.5,81,81,0,34380,1308,43,-66410.52709889998,-33205.26354944999,432.9838919565878,50,10
3380,48.85920100790339,7.403745923327088,24.429600503951693,1602,2.9171296296296294,801.0,3380,1690.0,81,81,0,34390,1308,43,-66424.52709889998,-33212.26354944999,432.99116708886294,50,10
3381,48.85920100790339,7.403745923327088,24.429600503951693,1606,2.9244047619047615,803.0,3381,1690.5,81,81,0,34400,1310,43,-66438.52709889998,-33219.26354944999,432.9984422211381,50,10
3382,48.85920100790339,7.403745923327088,24.429600503951693,1610,2.931679894179894,805.0,3382,1691.0,81,81,0,34410,1310,43,-66452.52709889998,-33226.26354944999,433.0057173534132,50,10
3383,48.85920100790339,7.403745923327088,24.429600503951693,1614,2.9389550264550266,807.0,3383,1691.5,81,81,0,34420,1310,43,-66466.52709889998,-33233.26354944999,433.0129924856883,50,10
3384,48.85920100790339,7.403745923327088,24.429600503951693,1618,2.9462301587301587,809.0,3384,1692.0,81,81,0,34430,1310,43,-66480.52709889998,-33240.26354944999,433.02026761796344,50,10
3385,48.85920100790339,7.403745923327088,24.429600503951693,1622,2.9535052910052912,811.0,3385,1692.5,81,81,0,34440,1310,43,-66494.52709889998,-33247.26354944999,433.0275427502386,50,10
3386,48.85920100790339,7.403745923327088,24.429600503951693,1626,2.9607804232804233,813.0,3386,1693.0,81,81,0,34450,1310,43,-66508.52709889998,-33254.26354944999,433.0348178825137,50,10
3387,48.85920100790339,7.403745923327088,24.429600503951693,1630,2.968055555555556,815.0,3387,1693.5,81,81,0,34460,1310,43,-66522.52709889998,-33261.26354944999,433.04209301478886,50,10
3388,48.85920100790339,7.403745923327088,24.429600503951693,1634,2.9753306878306875,817.0,3388,1694.0,81,81,0,34470,1310,43,-66536.52709889998,-33268.26354944999,433.049368147064,50,10
3389,48.85920100790339,7.403745923327088,24.429600503951693,1638,2.98260582010582,819.0,3389,1694.5,81,81,0,34480,1310,43,-66550.52709889998,-33275.26354944999,433.05664327933914,50,10
3390,48.85920100790339,7.403745923327088,24.429600503951693,1642,2.989880952380952,821.0,3390,1695.0,81,81,0,34490,1310,43,-66564.52709889998,-33282.26354944999,433.0639184116142,50,10
3391,48.85920100790339,7.403745923327088,24.429600503951693,1646,2.9971560846560847,823.0,3391,1695.5,81,81,0,34500,1310,43,-66578.52709889998,-33289.26354944999,433.07119354388936,50,10
3392,48.85920100790339,7.403745923327088,24.429600503951693,1650,3.004431216931217,825.0,3392,1696.0,81,81,0,34510,1310,43,-66592.52709889998,-33296.26354944999,433.0784686761645,50,10
3393,48.85920100790339,7.403745923327088,24.429600503951693,1654,3.0117063492063494,827.0,3393,1696.5,81,81,0,34520,1310,43,-66606.52709889998,-33303.26354944999,433.08574380843964,50,10
3394,48.85920100790339,7.403745923327088,24.429600503951693,1658,3.018981481481481,829.0,3394,1697.0,81,81,0,34530,1310,43,-66620.52709889998,-33310.26354944999,433.0930189407148,50,10
3395,48.85920100790339,7.403745923327088,24.429600503951693,1662,3.0262566137566136,831.0,3395,1697.5,81,81,0,34540,1310,43,-66634.52709889998,-33317.26354944999,433.1002940729899,50,10
3396,48.85920100790339,7.403745923327088,24.429600503951693,1666,3.033531746031746,833.0,3396,1698.0,81,81,0,34550,1310,43,-66648.52709889998,-33324.26354944999,433.10756920526507,50,10
3397,48.85920100790339,7.403745923327088,24.429600503951693,1670,3.0408068783068787,835.0,3397,1698.5,81,81,0,34560,1310,43,-66662.52709889998,-33331.26354944999,433.11484433754015,50,10
3398,48.85920100790339,7.403745923327088,24.429600503951693,1674,3.0480820105820103,837.0,3398,1699.0,81,81,0,34570,1310,43,-66676.52709889998,-33338.26354944999,433.1221194698153,50,10
3399,48.85920100790339,7.403745923327088,24.429600503951693,1678,3.055357142857143,839.0,3399,1699.5,81,81,0,34580,1310,43,-66690.52709889998,-33345.26354944999,433.12939460209043,50,10
3400,48.85920100790339,7.403745923327088,24.429600503951693,1682,3.062632275132275,841.0,3400,1700.0,81,81,0,34590,1310,43,-66704.52709889998,-33352.26354944999,433.13666973436557,50,10
3401,48.85920100790339,7.403745923327088,24.429600503951693,1686,3.0699074074074075,843.0,3401,1700.5,81,81,0,34600,1312,43,-66718.52709889998,-33359.26354944999,433.1439448666407,50,10
3402,48.85920100790339,7.403745923327088,24.429600503951693,1690,3.0771825396825396,845.0,3402,1701.0,81,81,0,34610,1312,43,-66732.52709889998,-33366.26354944999,433.15121999891585,50,10
3403,48.85920100790339,7.403745923327088,24.429600503951693,1694,3.084457671957672,847.0,3403,1701.5,81,81,0,34620,1312,43,-66746.52709889998,-33373.26354944999,433.158495131191,50,10
3404,48.85920100790339,7.403745923327088,24.429600503951693,1698,3.0917328042328043,849.0,3404,1702.0,81,81,0,34630,1314,43,-66760.52709889998,-33380.26354944999,433.1657702634661,50,10
3405,48.85920100790339,7.403745923327088,24.429600503951693,1702,3.099007936507937,851.0,3405,1702.5,81,81,0,34640,1314,43,-66774.52709889998,-33387.26354944999,433.1730453957412,50,10
3406,48.85920100790339,7.403745923327088,24.429600503951693,1706,3.1062830687830694,853.0,3406,1703.0,81,81,0,34650,1314,43,-66788.52709889998,-33394.26354944999,433.18032052801635,50,10
3407,48.85920100790339,7.403745923327088,24.429600503951693,1710,3.113558201058201,855.0,3407,1703.5,81,81,0,34660,1314,43,-66802.52709889998,-33401.26354944999,433.1875956602915,50,10
3408,48.85920100790339,7.403745923327088,24.429600503951693,1714,3.120833333333333,857.0,3408,1704.0,81,81,0,34670,1314,43,-66816.52709889998,-33408.26354944999,433.19487079256663,50,10
3409,48.85920100790339,7.403745923327088,24.429600503951693,1718,3.1281084656084657,859.0,3409,1704.5,81,81,0,34680,1314,43,-66830.52709889998,-33415.26354944999,433.2021459248418,50,10
3410,48.85920100790339,7.403745923327088,24.429600503951693,1722,3.1353835978835978,861.0,3410,1705.0,81,81,0,34690,1314,43,-66844.52709889998,-33422.26354944999,433.2094210571169,50,10
3411,48.85920100790339,7.403745923327088,24.429600503951693,1726,3.1426587301587303,863.0,3411,1705.5,81,81,0,34700,1314,43,-66858.52709889998,-33429.26354944999,433.21669618939205,50,10
3412,48.85920100790339,7.403745923327088,24.429600503951693,1730,3.149933862433863,865.0,3412,1706.0,81,81,0,34710,1316,43,-66872.52709889998,-33436.26354944999,433.22397132166714,50,10
3413,48.85920100790339,7.403745923327088,24.429600503951693,1734,3.1572089947089945,867.0,3413,1706.5,81,81,0,34720,1316,43,-66886.52709889998,-33443.26354944999,433.2312464539423,50,10
3414,48.85920100790339,7.403745923327088,24.429600503951693,1738,3.1644841269841266,869.0,3414,1707.0,81,81,0,34730,1316,43,-66900.52709889998,-33450.26354944999,433.2385215862174,50,10
3415,48.85920100790339,7.403745923327088,24.429600503951693,1742,3.171759259259259,871.0,3415,1707.5,81,81,0,34740,1316,43,-66914.52709889998,-33457.26354944999,433.24579671849256,50,10
3416,48.85920100790339,7.403745923327088,24.429600503951693,1746,3.1790343915343913,873.0,3416,1708.0,81,81,0,34750,1316,43,-66928.52709889998,-33464.26354944999,433.2530718507677,50,10
3417,48.85920100790339,7.403745923327088,24.429600503951693,1750,3.186309523809524,875.0,3417,1708.5,81,81,0,34760,1316,43,-66942.52709889998,-33471.26354944999,433.26034698304284,50,10
3418,48.85920100790339,7.403745923327088,24.429600503951693,1754,3.1935846560846564,877.0,3418,1709.0,81,81,0,34770,1316,43,-66956.52709889998,-33478.26354944999,433.267622115318,50,10
3419,48.85920100790339,7.403745923327088,24.429600503951693,1758,3.2008597883597885,879.0,3419,1709.5,81,81,0,34780,1316,43,-66970.52709889998,-33485.26354944999,433.27489724759306,50,10
3420,48.85920100790339,7.403745923327088,24.429600503951693,1762,3.2081349206349206,881.0,3420,1710.0,81,81,0,34790,1316,43,-66984.52709889998,-33492.26354944999,433.2821723798682,50,10
3421,48.85920100790339,7.403745923327088,24.429600503951693,1766,3.215410052910053,883.0,3421,1710.5,81,81,0,34800,1316,43,-66998.52709889998,-33499.26354944999,433.28944751214334,50,10
3422,48.85920100790339,7.403745923327088,24.429600503951693,1770,3.2226851851851857,885.0,3422,1711.0,81,81,0,34810,1316,43,-67012.52709889998,-33506.26354944999,433.2967226444185,50,10
3423,48.85920100790339,7.403745923327088,24.429600503951693,1774,3.2299603174603173,887.0,3423,1711.5,81,81,0,34820,1318,43,-67026.52709889998,-33513.26354944999,433.3039977766936,50,10
3424,48.85920100790339,7.403745923327088,24.429600503951693,1778,3.23723544973545,889.0,3424,1712.0,81,81,0,34830,1318,43,-67040.52709889998,-33520.26354944999,433.31127290896876,50,10
3425,48.85920100790339,7.403745923327088,24.429600503951693,1782,3.244510582010582,891.0,3425,1712.5,81,81,0,34840,1318,43,-67054.52709889998,-33527.26354944999,433.3185480412439,50,10
3426,48.85920100790339,7.403745923327088,24.429600503951693,1786,3.251785714285714,893.0,3426,1713.0,81,81,0,34850,1318,43,-67068.52709889998,-33534.26354944999,433.325823173519,50,10
3427,48.85920100790339,7.403745923327088,24.429600503951693,1790,3.2590608465608466,895.0,3427,1713.5,81,81,0,34860,1320,43,-67082.52709889998,-33541.26354944999,433.3330983057941,50,10
3428,48.85920100790339,7.403745923327088,24.429600503951693,1794,3.266335978835979,897.0,3428,1714.0,81,81,0,34870,1320,43,-67096.52709889998,-33548.26354944999,433.34037343806926,50,10
3429,48.85920100790339,7.403745923327088,24.429600503951693,1798,3.273611111111111,899.0,3429,1714.5,81,81,0,34880,1320,43,-67110.52709889998,-33555.26354944999,433.3476485703444,50,10
3430,48.85920100790339,7.403745923327088,24.429600503951693,1802,3.2808862433862434,901.0,3430,1715.0,81,81,0,34890,1320,43,-67124.52709889998,-33562.26354944999,433.35492370261954,50,10
3431,48.85920100790339,7.403745923327088,24.429600503951693,1806,3.2881613756613755,903.0,3431,1715.5,81,81,0,34900,1320,43,-67138.52709889998,-33569.26354944999,433.3621988348947,50,10
3432,48.85920100790339,7.403745923327088,24.429600503951693,1810,3.295436507936508,905.0,3432,1716.0,81,81,0,34910,1320,43,-67152.52709889998,-33576.26354944999,433.3694739671698,50,10
3433,48.85920100790339,7.403745923327088,24.429600503951693,1814,3.30271164021164,907.0,3433,1716.5,81,81,0,34920,1320,43,-67166.52709889998,-33583.26354944999,433.3767490994449,50,10
3434,48.85920100790339,7.403745923327088,24.429600503951693,1818,3.3099867724867726,909.0,3434,1717.0,81,81,0,34930,1320,43,-67180.52709889998,-33590.26354944999,433.38402423172005,50,10
3435,48.85920100790339,7.403745923327088,24.429600503951693,1822,3.3172619047619047,911.0,3435,1717.5,81,81,0,34940,1322,43,-67194.52709889998,-33597.26354944999,433.3912993639952,50,10
3436,48.85920100790339,7.403745923327088,24.429600503951693,1826,3.3245370370370373,913.0,3436,1718.0,81,81,0,34950,1324,43,-67208.52709889998,-33604.26354944999,433.3985744962703,50,10
3437,48.85920100790339,7.403745923327088,24.429600503951693,1830,3.3318121693121694,915.0,3437,1718.5,81,81,0,34960,1324,43,-67222.52709889998,-33611.26354944999,433.40584962854547,50,10
3438,48.85920100790339,7.403745923327088,24.429600503951693,1834,3.3390873015873015,917.0,3438,1719.0,81,81,0,34970,1324,43,-67236.52709889998,-33618.26354944999,433.4131247608206,50,10
3439,48.85920100790339,7.403745923327088,24.429600503951693,1838,3.346362433862434,919.0,3439,1719.5,81,81,0,34980,1324,43,-67250.52709889998,-33625.26354944999,433.42039989309575,50,10
3440,48.85920100790339,7.403745923327088,24.429600503951693,1842,3.3536375661375666,921.0,3440,1720.0,81,81,0,34990,1326,43,-67264.52709889998,-33632.26354944999,433.4276750253709,50,10
3441,48.85920100790339,7.403745923327088,24.429600503951693,1846,3.3609126984126982,923.0,3441,1720.5,81,81,0,35000,1326,43,-67278.52709889998,-33639.26354944999,433.43495015764597,50,10
3442,48.85920100790339,7.403745923327088,24.429600503951693,1850,3.368187830687831,925.0,3442,1721.0,81,81,0,35010,1328,43,-67292.52709889998,-33646.26354944999,433.4422252899211,50,10
3443,48.85920100790339,7.403745923327088,24.429600503951693,1854,3.375462962962963,927.0,3443,1721.5,81,81,0,35020,1328,43,-67306.52709889998,-33653.26354944999,433.44950042219625,50,10
3444,48.85920100790339,7.403745923327088,24.429600503951693,1858,3.3827380952380954,929.0,3444,1722.0,81,81,0,35030,1328,43,-67320.52709889998,-33660.26354944999,433.4567755544714,50,10
3445,48.85920100790339,7.403745923327088,24.429600503951693,1862,3.3900132275132275,931.0,3445,1722.5,81,81,0,35040,1328,43,-67334.52709889998,-33667.26354944999,433.46405068674653,50,10
3446,48.85920100790339,7.403745923327088,24.429600503951693,1866,3.39728835978836,933.0,3446,1723.0,81,81,0,35050,1328,43,-67348.52709889998,-33674.26354944999,433.4713258190217,50,10
3447,48.85920100790339,7.403745923327088,24.429600503951693,1870,3.4045634920634926,935.0,3447,1723.5,81,81,0,35060,1328,43,-67362.52709889998,-33681.26354944999,433.4786009512968,50,10
3448,48.85920100790339,7.403745923327088,24.429600503951693,1874,3.4118386243386243,937.0,3448,1724.0,81,81,0,35070,1328,43,-67376.52709889998,-33688.26354944999,433.4858760835719,50,10
3449,48.85920100790339,7.403745923327088,24.429600503951693,1878,3.4191137566137564,939.0,3449,1724.5,81,81,0,35080,1330,43,-67390.52709889998,-33695.26354944999,433.49315121584704,50,10
3450,48.85920100790339,7.403745923327088,24.429600503951693,1882,3.426388888888889,941.0,3450,1725.0,81,81,0,35090,1330,43,-67404.52709889998,-33702.26354944999,433.5004263481222,50,10
3451,48.85920100790339,7.403745923327088,24.429600503951693,1886,3.433664021164021,943.0,3451,1725.5,81,81,0,35100,1330,43,-67418.52709889998,-33709.26354944999,433.5077014803973,50,10
3452,48.85920100790339,7.403745923327088,24.429600503951693,1890,3.4409391534391536,945.0,3452,1726.0,81,81,0,35110,1330,43,-67432.52709889998,-33716.26354944999,433.51497661267246,50,10
3453,48.85920100790339,7.403745923327088,24.429600503951693,1894,3.448214285714286,947.0,3453,1726.5,81,81,0,35120,1330,43,-67446.52709889998,-33723.26354944999,433.5222517449476,50,10
3454,48.85920100790339,7.403745923327088,24.429600503951693,1898,3.4554894179894178,949.0,3454,1727.0,81,81,0,35130,1330,43,-67460.52709889998,-33730.26354944999,433.52952687722274,50,10
3455,48.85920100790339,7.403745923327088,24.429600503951693,1902,3.4627645502645503,951.0,3455,1727.5,81,81,0,35140,1332,43,-67474.52709889998,-33737.26354944999,433.5368020094978,50,10
3456,48.85920100790339,7.403745923327088,24.429600503951693,1906,3.4700396825396824,953.0,3456,1728.0,81,81,0,35150,1332,43,-67488.52709889998,-33744.26354944999,433.54407714177296,50,10
3457,48.85920100790339,7.403745923327088,24.429600503951693,1910,3.477314814814815,955.0,3457,1728.5,81,81,0,35160,1332,43,-67502.52709889998,-33751.26354944999,433.5513522740481,50,10
3458,48.85920100790339,7.403745923327088,24.429600503951693,1914,3.484589947089947,957.0,3458,1729.0,81,81,0,35170,1332,43,-67516.52709889998,-33758.26354944999,433.55862740632324,50,10
3459,48.85920100790339,7.403745923327088,24.429600503951693,1918,3.4918650793650796,959.0,3459,1729.5,81,81,0,35180,1332,43,-67530.52709889998,-33765.26354944999,433.5659025385984,50,10
3460,48.85920100790339,7.403745923327088,24.429600503951693,1922,3.4991402116402113,961.0,3460,1730.0,81,81,0,35190,1332,43,-67544.52709889998,-33772.26354944999,433.5731776708735,50,10
3461,48.85920100790339,7.403745923327088,24.429600503951693,1926,3.506415343915344,963.0,3461,1730.5,81,81,0,35200,1332,43,-67558.52709889998,-33779.26354944999,433.58045280314866,50,10
3462,48.85920100790339,7.403745923327088,24.429600503951693,1930,3.5136904761904764,965.0,3462,1731.0,81,81,0,35210,1332,43,-67572.52709889998,-33786.26354944999,433.5877279354238,50,10
3463,48.85920100790339,7.403745923327088,24.429600503951693,1934,3.5209656084656085,967.0,3463,1731.5,81,81,0,35220,1332,43,-67586.52709889998,-33793.26354944999,433.5950030676989,50,10
3464,48.85920100790339,7.403745923327088,24.429600503951693,1938,3.5282407407407406,969.0,3464,1732.0,81,81,0,35230,1332,43,-67600.52709889998,-33800.26354944999,433.602278199974,50,10
3465,48.85920100790339,7.403745923327088,24.429600503951693,1942,3.535515873015873,971.0,3465,1732.5,81,81,0,35240,1332,43,-67614.52709889998,-33807.26354944999,433.60955333224916,50,10
3466,48.85920100790339,7.403745923327088,24.429600503951693,1946,3.542791005291005,973.0,3466,1733.0,81,81,0,35250,1332,43,-67628.52709889998,-33814.26354944999,433.6168284645243,50,10
3467,48.85920100790339,7.403745923327088,24.429600503951693,1950,3.5500661375661373,975.0,3467,1733.5,81,81,0,35260,1332,43,-67642.52709889998,-33821.26354944999,433.62410359679944,50,10
3468,48.85920100790339,7.403745923327088,24.429600503951693,1954,3.55734126984127,977.0,3468,1734.0,81,81,0,35270,1332,43,-67656.52709889998,-33828.26354944999,433.6313787290746,50,10
3469,48.85920100790339,7.403745923327088,24.429600503951693,1958,3.5646164021164024,979.0,3469,1734.5,81,81,0,35280,1332,43,-67670.52709889998,-33835.26354944999,433.6386538613497,50,10
3470,48.85920100790339,7.403745923327088,24.429600503951693,1962,3.571891534391534,981.0,3470,1735.0,81,81,0,35290,1334,43,-67684.52709889998,-33842.26354944999,433.6459289936248,50,10
3471,48.85920100790339,7.403745923327088,24.429600503951693,1966,3.5791666666666666,983.0,3471,1735.5,81,81,0,35300,1338,43,-67698.52709889998,-33849.26354944999,433.65320412589995,50,10
3472,48.85920100790339,7.403745923327088,24.429600503951693,1970,3.5864417989417987,985.0,3472,1736.0,81,81,0,35310,1338,43,-67712.52709889998,-33856.26354944999,433.6604792581751,50,10
3473,48.85920100790339,7.403745923327088,24.429600503951693,1974,3.5937169312169313,987.0,3473,1736.5,81,81,0,35320,1338,43,-67726.52709889998,-33863.26354944999,433.6677543904502,50,10
3474,48.85920100790339,7.403745923327088,24.429600503951693,1978,3.600992063492064,989.0,3474,1737.0,81,81,0,35330,1342,43,-67740.52709889998,-33870.26354944999,433.67502952272537,50,10
3475,48.85920100790339,7.403745923327088,24.429600503951693,1982,3.608267195767196,991.0,3475,1737.5,81,81,0,35340,1342,43,-67754.52709889998,-33877.26354944999,433.6823046550005,50,10
3476,48.85920100790339,7.403745923327088,24.429600503951693,1986,3.615542328042328,993.0,3476,1738.0,81,81,0,35350,1342,43,-67768.52709889998,-33884.26354944999,433.68957978727565,50,10
3477,48.85920100790339,7.403745923327088,24.429600503951693,1990,3.62281746031746,995.0,3477,1738.5,81,81,0,35360,1342,43,-67782.52709889998,-33891.26354944999,433.69685491955073,50,10
3478,48.85920100790339,7.403745923327088,24.429600503951693,1994,3.630092592592592,997.0,3478,1739.0,81,81,0,35370,1342,43,-67796.52709889998,-33898.26354944999,433.70413005182587,50,10
3479,48.85920100790339,7.403745923327088,24.429600503951693,1998,3.6373677248677247,999.0,3479,1739.5,81,81,0,35380,1346,43,-67810.52709889998,-33905.26354944999,433.711405184101,50,10
3480,48.85920100790339,7.403745923327088,24.429600503951693,2002,3.6446428571428573,1001.0,3480,1740.0,81,81,0,35390,1348,43,-67824.52709889998,-33912.26354944999,433.71868031637615,50,10
3481,48.85920100790339,7.403745923327088,24.429600503951693,2006,3.6519179894179894,1003.0,3481,1740.5,81,81,0,35400,1348,43,-67838.52709889998,-33919.26354944999,433.7259554486513,50,10
3482,48.85920100790339,7.403745923327088,24.429600503951693,2010,3.6591931216931215,1005.0,3482,1741.0,81,81,0,35410,1348,43,-67852.52709889998,-33926.26354944999,433.73323058092643,50,10
3483,48.85920100790339,7.403745923327088,24.429600503951693,2014,3.666468253968254,1007.0,3483,1741.5,81,81,0,35420,1348,43,-67866.52709889998,-33933.26354944999,433.74050571320157,50,10
3484,48.85920100790339,7.403745923327088,24.429600503951693,1477,2.671891534391534,738.5,3484,1742.0,81,81,0,35430,1348,44,-67898.52709889998,-33949.26354944999,442.74592899362483,50,10
3485,48.85920100790339,7.403745923327088,24.429600503951693,1480,2.6773148148148147,740.0,3485,1742.5,81,81,0,35440,1348,44,-67910.52709889998,-33955.26354944999,442.7513522740481,50,10
3486,48.85920100790339,7.403745923327088,24.429600503951693,1483,2.6827380952380953,741.5,3486,1743.0,81,81,0,35450,1348,44,-67922.52709889998,-33961.26354944999,442.7567755544714,50,10
3487,48.85920100790339,7.403745923327088,24.429600503951693,1486,2.688161375661376,743.0,3487,1743.5,81,81,0,35460,1348,44,-67934.52709889998,-33967.26354944999,442.76219883489466,50,10
3488,48.85920100790339,7.403745923327088,24.429600503951693,1489,2.6935846560846564,744.5,3488,1744.0,81,81,0,35470,1348,44,-67946.52709889998,-33973.26354944999,442.767622115318,50,10
3489,48.85920100790339,7.403745923327088,24.429600503951693,1492,2.6990079365079365,746.0,3489,1744.5,81,81,0,35480,1348,44,-67958.52709889998,-33979.26354944999,442.77304539574124,50,10
3490,48.85920100790339,7.403745923327088,24.429600503951693,1495,2.704431216931217,747.5,3490,1745.0,81,81,0,35490,1348,44,-67970.52709889998,-33985.26354944999,442.7784686761645,50,10
3491,48.85920100790339,7.403745923327088,24.429600503951693,1498,2.7098544973544976,749.0,3491,1745.5,81,81,0,35500,1348,44,-67982.52709889998,-33991.26354944999,442.7838919565878,50,10
3492,48.85920100790339,7.403745923327088,24.429600503951693,1501,2.7152777777777777,750.5,3492,1746.0,81,81,0,35510,1348,44,-67994.52709889998,-33997.26354944999,442.78931523701107,50,10
3493,48.85920100790339,7.403745923327088,24.429600503951693,1504,2.7207010582010582,752.0,3493,1746.5,81,81,0,35520,1350,44,-68006.52709889998,-34003.26354944999,442.7947385174343,50,10
3494,48.85920100790339,7.403745923327088,24.429600503951693,1507,2.726124338624339,753.5,3494,1747.0,81,81,0,35530,1350,44,-68018.52709889998,-34009.26354944999,442.80016179785764,50,10
3495,48.85920100790339,7.403745923327088,24.429600503951693,1510,2.731547619047619,755.0,3495,1747.5,81,81,0,35540,1350,44,-68030.52709889998,-34015.26354944999,442.8055850782809,50,10
3496,48.85920100790339,7.403745923327088,24.429600503951693,1513,2.7369708994708994,756.5,3496,1748.0,81,81,0,35550,1350,44,-68042.52709889998,-34021.26354944999,442.8110083587042,50,10
3497,48.85920100790339,7.403745923327088,24.429600503951693,1516,2.74239417989418,758.0,3497,1748.5,81,81,0,35560,1350,44,-68054.52709889998,-34027.26354944999,442.8164316391275,50,10
3498,48.85920100790339,7.403745923327088,24.429600503951693,1519,2.7478174603174605,759.5,3498,1749.0,81,81,0,35570,1350,44,-68066.52709889998,-34033.26354944999,442.82185491955073,50,10
3499,48.85920100790339,7.403745923327088,24.429600503951693,1522,2.7532407407407407,761.0,3499,1749.5,81,81,0,35580,1350,44,-68078.52709889998,-34039.26354944999,442.82727819997405,50,10
3500,48.85920100790339,7.403745923327088,24.429600503951693,1525,2.758664021164021,762.5,3500,1750.0,81,81,0,35590,1352,44,-68090.52709889998,-34045.26354944999,442.8327014803973,50,10
3501,48.85920100790339,7.403745923327088,24.429600503951693,1528,2.7640873015873013,764.0,3501,1750.5,81,81,0,35600,1354,44,-68102.52709889998,-34051.26354944999,442.8381247608206,50,10
3502,48.85920100790339,7.403745923327088,24.429600503951693,1531,2.769510582010582,765.5,3502,1751.0,81,81,0,35610,1354,44,-68114.52709889998,-34057.26354944999,442.8435480412439,50,10
3503,48.85920100790339,7.403745923327088,24.429600503951693,1534,2.7749338624338624,767.0,3503,1751.5,81,81,0,35620,1354,44,-68126.52709889998,-34063.26354944999,442.84897132166714,50,10
3504,48.85920100790339,7.403745923327088,24.429600503951693,1537,2.780357142857143,768.5,3504,1752.0,81,81,0,35630,1354,44,-68138.52709889998,-34069.26354944999,442.85439460209045,50,10
3505,48.85920100790339,7.403745923327088,24.429600503951693,999,1.7839285714285715,499.5,3505,1752.5,81,81,0,35640,1354,45,-68168.52709889998,-34084.26354944999,451.8579660306619,50,10
3506,48.85920100790339,7.403745923327088,24.429600503951693,1001,1.7875,500.5,3506,1753.0,81,81,0,35650,1354,45,-68178.52709889998,-34089.26354944999,451.8615374592333,50,10
3507,48.85920100790339,7.403745923327088,24.429600503951693,1003,1.7910714285714286,501.5,3507,1753.5,81,81,0,35660,1354,45,-68188.52709889998,-34094.26354944999,451.86510888780475,50,10
3508,48.85920100790339,7.403745923327088,24.429600503951693,1005,1.7946428571428572,502.5,3508,1754.0,81,81,0,35670,1356,45,-68198.52709889998,-34099.26354944999,451.8686803163761,50,10
3509,48.85920100790339,7.403745923327088,24.429600503951693,1007,1.7982142857142858,503.5,3509,1754.5,81,81,0,35680,1356,45,-68208.52709889998,-34104.26354944999,451.87225174494756,50,10
3510,48.85920100790339,7.403745923327088,24.429600503951693,1009,1.8017857142857143,504.5,3510,1755.0,81,81,0,35690,1356,45,-68218.52709889998,-34109.26354944999,451.875823173519,50,10
3511,48.85920100790339,7.403745923327088,24.429600503951693,1011,1.8053571428571429,505.5,3511,1755.5,81,81,0,35700,1356,45,-68228.52709889998,-34114.26354944999,451.87939460209043,50,10
3512,48.85920100790339,7.403745923327088,24.429600503951693,1013,1.8089285714285714,506.5,3512,1756.0,81,81,0,35710,1356,45,-68238.52709889998,-34119.26354944999,451.88296603066186,50,10
3513,48.85920100790339,7.403745923327088,24.429600503951693,1015,1.8125,507.5,3513,1756.5,81,81,0,35720,1356,45,-68248.52709889998,-34124.26354944999,451.8865374592333,50,10
3514,48.85920100790339,7.403745923327088,24.429600503951693,1017,1.8160714285714286,508.5,3514,1757.0,81,81,0,35730,1358,45,-68258.52709889998,-34129.26354944999,451.89010888780473,50,10
3515,48.85920100790339,7.403745923327088,24.429600503951693,1019,1.8196428571428571,509.5,3515,1757.5,81,81,0,35740,1358,45,-68268.52709889998,-34134.26354944999,451.89368031637616,50,10
3516,48.85920100790339,7.403745923327088,24.429600503951693,1021,1.8232142857142857,510.5,3516,1758.0,81,81,0,35750,1360,45,-68278.52709889998,-34139.26354944999,451.8972517449476,50,10
3517,48.85920100790339,7.403745923327088,24.429600503951693,1023,1.8267857142857142,511.5,3517,1758.5,81,81,0,35760,1360,45,-68288.52709889998,-34144.26354944999,451.90082317351903,50,10
3518,48.85920100790339,7.403745923327088,24.429600503951693,1025,1.8303571428571428,512.5,3518,1759.0,81,81,0,35770,1360,45,-68298.52709889998,-34149.26354944999,451.90439460209046,50,10
3519,48.85920100790339,7.403745923327088,24.429600503951693,1027,1.8339285714285714,513.5,3519,1759.5,81,81,0,35780,1360,45,-68308.52709889998,-34154.26354944999,451.90796603066184,50,10
3520,48.85920100790339,7.403745923327088,24.429600503951693,1029,1.8375,514.5,3520,1760.0,81,81,0,35790,1360,45,-68318.52709889998,-34159.26354944999,451.9115374592333,50,10
3521,48.85920100790339,7.403745923327088,24.429600503951693,1031,1.8410714285714285,515.5,3521,1760.5,81,81,0,35800,1360,45,-68328.52709889998,-34164.26354944999,451.9151088878047,50,10
3522,48.85920100790339,7.403745923327088,24.429600503951693,1033,1.844642857142857,516.5,3522,1761.0,81,81,0,35810,1360,45,-68338.52709889998,-34169.26354944999,451.91868031637614,50,10
3523,48.85920100790339,7.403745923327088,24.429600503951693,1035,1.8482142857142858,517.5,3523,1761.5,81,81,0,35820,1360,45,-68348.52709889998,-34174.26354944999,451.9222517449476,50,10
3524,48.85920100790339,7.403745923327088,24.429600503951693,1037,1.8517857142857144,518.5,3524,1762.0,81,81,0,35830,1360,45,-68358.52709889998,-34179.26354944999,451.925823173519,50,10
3525,48.85920100790339,7.403745923327088,24.429600503951693,1039,1.855357142857143,519.5,3525,1762.5,81,81,0,35840,1360,45,-68368.52709889998,-34184.26354944999,451.92939460209044,50,10
3526,48.85920100790339,7.403745923327088,24.429600503951693,1041,1.8589285714285715,520.5,3526,1763.0,81,81,0,35850,1362,45,-68378.52709889998,-34189.26354944999,451.9329660306619,50,10
3527,48.85920100790339,7.403745923327088,24.429600503951693,1043,1.8625,521.5,3527,1763.5,81,81,0,35860,1362,45,-68388.52709889998,-34194.26354944999,451.9365374592333,50,10
3528,48.85920100790339,7.403745923327088,24.429600503951693,1045,1.8660714285714286,522.5,3528,1764.0,81,81,0,35870,1362,45,-68398.52709889998,-34199.26354944999,451.94010888780474,50,10
3529,48.85920100790339,7.403745923327088,24.429600503951693,1047,1.8696428571428572,523.5,3529,1764.5,81,81,0,35880,1362,45,-68408.52709889998,-34204.26354944999,451.9436803163762,50,10
3530,48.85920100790339,7.403745923327088,24.429600503951693,1049,1.8732142857142857,524.5,3530,1765.0,81,81,0,35890,1362,45,-68418.52709889998,-34209.26354944999,451.9472517449476,50,10
3531,48.85920100790339,7.403745923327088,24.429600503951693,1051,1.8767857142857143,525.5,3531,1765.5,81,81,0,35900,1362,45,-68428.52709889998,-34214.26354944999,451.950823173519,50,10
3532,48.85920100790339,7.403745923327088,24.429600503951693,1053,1.8803571428571428,526.5,3532,1766.0,81,81,0,35910,1362,45,-68438.52709889998,-34219.26354944999,451.9543946020904,50,10
3533,48.85920100790339,7.403745923327088,24.429600503951693,1055,1.8839285714285714,527.5,3533,1766.5,81,81,0,35920,1362,45,-68448.52709889998,-34224.26354944999,451.95796603066185,50,10
3534,48.85920100790339,7.403745923327088,24.429600503951693,1057,1.8875,528.5,3534,1767.0,81,81,0,35930,1362,45,-68458.52709889998,-34229.26354944999,451.9615374592333,50,10
3535,48.85920100790339,7.403745923327088,24.429600503951693,1059,1.8910714285714285,529.5,3535,1767.5,81,81,0,35940,1362,45,-68468.52709889998,-34234.26354944999,451.9651088878047,50,10
3536,48.85920100790339,7.403745923327088,24.429600503951693,1061,1.894642857142857,530.5,3536,1768.0,81,81,0,35950,1362,45,-68478.52709889998,-34239.26354944999,451.96868031637615,50,10
3537,48.85920100790339,7.403745923327088,24.429600503951693,1063,1.8982142857142856,531.5,3537,1768.5,81,81,0,35960,1362,45,-68488.52709889998,-34244.26354944999,451.9722517449476,50,10
3538,48.85920100790339,7.403745923327088,24.429600503951693,1065,1.9017857142857142,532.5,3538,1769.0,81,81,0,35970,1362,45,-68498.52709889998,-34249.26354944999,451.975823173519,50,10
3539,48.85920100790339,7.403745923327088,24.429600503951693,1067,1.905357142857143,533.5,3539,1769.5,81,81,0,35980,1362,45,-68508.52709889998,-34254.26354944999,451.97939460209045,50,10
3540,48.85920100790339,7.403745923327088,24.429600503951693,1069,1.9089285714285715,534.5,3540,1770.0,81,81,0,35990,1362,45,-68518.52709889998,-34259.26354944999,451.9829660306619,50,10
3541,48.85920100790339,7.403745923327088,24.429600503951693,1071,1.9125,535.5,3541,1770.5,81,81,0,36000,1362,45,-68528.52709889998,-34264.26354944999,451.9865374592333,50,10
3542,48.85920100790339,7.403745923327088,24.429600503951693,1073,1.9160714285714286,536.5,3542,1771.0,81,81,0,36010,1362,45,-68538.52709889998,-34269.26354944999,451.99010888780475,50,10
3543,48.85920100790339,7.403745923327088,24.429600503951693,1075,1.9196428571428572,537.5,3543,1771.5,81,81,0,36020,1362,45,-68548.52709889998,-34274.26354944999,451.9936803163761,50,10
3544,48.85920100790339,7.403745923327088,24.429600503951693,1077,1.9232142857142858,538.5,3544,1772.0,81,81,0,36030,1362,45,-68558.52709889998,-34279.26354944999,451.99725174494756,50,10
3545,48.85920100790339,7.403745923327088,24.429600503951693,1079,1.9267857142857143,539.5,3545,1772.5,81,81,0,36040,1362,45,-68568.52709889998,-34284.26354944999,452.000823173519,50,10
3546,48.85920100790339,7.403745923327088,24.429600503951693,1081,1.9303571428571429,540.5,3546,1773.0,81,81,0,36050,1362,45,-68578.52709889998,-34289.26354944999,452.00439460209043,50,10
3547,48.85920100790339,7.403745923327088,24.429600503951693,1083,1.9339285714285714,541.5,3547,1773.5,81,81,0,36060,1362,45,-68588.52709889998,-34294.26354944999,452.00796603066186,50,10
3548,48.85920100790339,7.403745923327088,24.429600503951693,1085,1.9375,542.5,3548,1774.0,81,81,0,36070,1362,45,-68598.52709889998,-34299.26354944999,452.0115374592333,50,10
3549,48.85920100790339,7.403745923327088,24.429600503951693,1087,1.9410714285714286,543.5,3549,1774.5,81,81,0,36080,1362,45,-68608.52709889998,-34304.26354944999,452.01510888780473,50,10
3550,48.85920100790339,7.403745923327088,24.429600503951693,528,0.9428571428571428,264.0,3550,1775.0,81,81,0,36090,1362,46,-68636.52709889998,-34318.26354944999,461.0168946020904,50,10
3551,48.85920100790339,7.403745923327088,24.429600503951693,529,0.9446428571428571,264.5,3551,1775.5,81,81,0,36100,1364,46,-68644.52709889998,-34322.26354944999,461.01868031637616,50,10
3552,48.85920100790339,7.403745923327088,24.429600503951693,530,0.9464285714285714,265.0,3552,1776.0,81,81,0,36110,1364,46,-68652.52709889998,-34326.26354944999,461.02046603066185,50,10
3553,48.85920100790339,7.403745923327088,24.429600503951693,531,0.9482142857142857,265.5,3553,1776.5,81,81,0,36120,1364,46,-68660.52709889998,-34330.26354944999,461.0222517449476,50,10
3554,48.85920100790339,7.403745923327088,24.429600503951693,532,0.95,266.0,3554,1777.0,81,81,0,36130,1364,46,-68668.52709889998,-34334.26354944999,461.0240374592333,50,10
3555,48.85920100790339,7.403745923327088,24.429600503951693,533,0.9517857142857142,266.5,3555,1777.5,81,81,0,36140,1364,46,-68676.52709889998,-34338.26354944999,461.02582317351903,50,10
3556,48.85920100790339,7.403745923327088,24.429600503951693,534,0.9535714285714286,267.0,3556,1778.0,81,81,0,36150,1364,46,-68684.52709889998,-34342.26354944999,461.0276088878047,50,10
3557,48.85920100790339,7.403745923327088,24.429600503951693,535,0.9553571428571429,267.5,3557,1778.5,81,81,0,36160,1364,46,-68692.52709889998,-34346.26354944999,461.02939460209046,50,10
3558,48.85920100790339,7.403745923327088,24.429600503951693,536,0.9571428571428572,268.0,3558,1779.0,81,81,0,36170,1364,46,-68700.52709889998,-34350.26354944999,461.03118031637615,50,10
3559,48.85920100790339,7.403745923327088,24.429600503951693,537,0.9589285714285715,268.5,3559,1779.5,81,81,0,36180,1364,46,-68708.52709889998,-34354.26354944999,461.03296603066184,50,10
3560,48.85920100790339,7.403745923327088,24.429600503951693,538,0.9607142857142857,269.0,3560,1780.0,81,81,0,36190,1364,46,-68716.52709889998,-34358.26354944999,461.0347517449476,50,10
3561,48.85920100790339,7.403745923327088,24.429600503951693,539,0.9625,269.5,3561,1780.5,81,81,0,36200,1364,46,-68724.52709889998,-34362.26354944999,461.0365374592333,50,10
3562,48.85920100790339,7.403745923327088,24.429600503951693,540,0.9642857142857143,270.0,3562,1781.0,81,81,0,36210,1366,46,-68732.52709889998,-34366.26354944999,461.038323173519,50,10
3563,48.85920100790339,7.403745923327088,24.429600503951693,541,0.9660714285714286,270.5,3563,1781.5,81,81,0,36220,1366,46,-68740.52709889998,-34370.26354944999,461.0401088878047,50,10
3564,48.85920100790339,7.403745923327088,24.429600503951693,542,0.9678571428571429,271.0,3564,1782.0,81,81,0,36230,1370,46,-68748.52709889998,-34374.26354944999,461.04189460209045,50,10
3565,48.85920100790339,7.403745923327088,24.429600503951693,543,0.9696428571428571,271.5,3565,1782.5,81,81,0,36240,1370,46,-68756.52709889998,-34378.26354944999,461.04368031637614,50,10
3566,48.85920100790339,7.403745923327088,24.429600503951693,544,0.9714285714285714,272.0,3566,1783.0,81,81,0,36250,1370,46,-68764.52709889998,-34382.26354944999,461.0454660306619,50,10
3567,48.85920100790339,7.403745923327088,24.429600503951693,545,0.9732142857142857,272.5,3567,1783.5,81,81,0,36260,1370,46,-68772.52709889998,-34386.26354944999,461.0472517449476,50,10
3568,48.85920100790339,7.403745923327088,24.429600503951693,546,0.975,273.0,3568,1784.0,81,81,0,36270,1370,46,-68780.52709889998,-34390.26354944999,461.0490374592333,50,10
3569,48.85920100790339,7.403745923327088,24.429600503951693,547,0.9767857142857143,273.5,3569,1784.5,81,81,0,36280,1370,46,-68788.52709889998,-34394.26354944999,461.050823173519,50,10
3570,48.85920100790339,7.403745923327088,24.429600503951693,548,0.9785714285714285,274.0,3570,1785.0,81,81,0,36290,1370,46,-68796.52709889998,-34398.26354944999,461.05260888780475,50,10
3571,48.85920100790339,7.403745923327088,24.429600503951693,549,0.9803571428571428,274.5,3571,1785.5,81,81,0,36300,1370,46,-68804.52709889998,-34402.26354944999,461.05439460209044,50,10
3572,48.85920100790339,7.403745923327088,24.429600503951693,550,0.9821428571428571,275.0,3572,1786.0,81,81,0,36310,1370,46,-68812.52709889998,-34406.26354944999,461.0561803163761,50,10
3573,48.85920100790339,7.403745923327088,24.429600503951693,551,0.9839285714285714,275.5,3573,1786.5,81,81,0,36320,1372,46,-68820.52709889998,-34410.26354944999,461.0579660306619,50,10
3574,48.85920100790339,7.403745923327088,24.429600503951693,552,0.9857142857142858,276.0,3574,1787.0,81,81,0,36330,1372,46,-68828.52709889998,-34414.26354944999,461.05975174494756,50,10
3575,48.85920100790339,7.403745923327088,24.429600503951693,553,0.9875,276.5,3575,1787.5,81,81,0,36340,1372,46,-68836.52709889998,-34418.26354944999,461.0615374592333,50,10
3576,48.85920100790339,7.403745923327088,24.429600503951693,554,0.9892857142857143,277.0,3576,1788.0,81,81,0,36350,1372,46,-68844.52709889998,-34422.26354944999,461.063323173519,50,10
3577,48.85920100790339,7.403745923327088,24.429600503951693,555,0.9910714285714286,277.5,3577,1788.5,81,81,0,36360,1372,46,-68852.52709889998,-34426.26354944999,461.06510888780474,50,10
3578,48.85920100790339,7.403745923327088,24.429600503951693,556,0.9928571428571429,278.0,3578,1789.0,81,81,0,36370,1372,46,-68860.52709889998,-34430.26354944999,461.06689460209043,50,10
3579,48.85920100790339,7.403745923327088,24.429600503951693,557,0.9946428571428572,278.5,3579,1789.5,81,81,0,36380,1374,46,-68868.52709889998,-34434.26354944999,461.0686803163762,50,10
3580,48.85920100790339,7.403745923327088,24.429600503951693,558,0.9964285714285714,279.0,3580,1790.0,81,81,0,36390,1376,46,-68876.52709889998,-34438.26354944999,461.07046603066186,50,10
3581,48.85920100790339,7.403745923327088,24.429600503951693,559,0.9982142857142857,279.5,3581,1790.5,81,81,0,36400,1378,46,-68884.52709889998,-34442.26354944999,461.0722517449476,50,10
3582,48.85920100790339,7.403745923327088,24.429600503951693,560,1.0,280.0,3582,1791.0,81,81,0,36410,1378,46,-68892.52709889998,-34446.26354944999,461.0740374592333,50,10
3583,48.85920100790339,7.403745923327088,24.429600503951693,0,0.0,0.0,3583,1791.5,81,81,0,36420,1378,47,-68918.52709889998,-34459.26354944999,470.0740374592333,50,10
